-- MySQL dump 10.16  Distrib 10.1.48-MariaDB, for debian-linux-gnu (x86_64)
--
-- Host: localhost    Database: db
-- ------------------------------------------------------
-- Server version	10.1.48-MariaDB-0+deb9u2

/*!40101 SET @OLD_CHARACTER_SET_CLIENT=@@CHARACTER_SET_CLIENT */;
/*!40101 SET @OLD_CHARACTER_SET_RESULTS=@@CHARACTER_SET_RESULTS */;
/*!40101 SET @OLD_COLLATION_CONNECTION=@@COLLATION_CONNECTION */;
/*!40101 SET NAMES utf8mb4 */;
/*!40103 SET @OLD_TIME_ZONE=@@TIME_ZONE */;
/*!40103 SET TIME_ZONE='+00:00' */;
/*!40014 SET @OLD_UNIQUE_CHECKS=@@UNIQUE_CHECKS, UNIQUE_CHECKS=0 */;
/*!40014 SET @OLD_FOREIGN_KEY_CHECKS=@@FOREIGN_KEY_CHECKS, FOREIGN_KEY_CHECKS=0 */;
/*!40101 SET @OLD_SQL_MODE=@@SQL_MODE, SQL_MODE='NO_AUTO_VALUE_ON_ZERO' */;
/*!40111 SET @OLD_SQL_NOTES=@@SQL_NOTES, SQL_NOTES=0 */;

--
-- Table structure for table `admin_permissions`
--

DROP TABLE IF EXISTS `admin_permissions`;
/*!40101 SET @saved_cs_client     = @@character_set_client */;
/*!40101 SET character_set_client = utf8 */;
CREATE TABLE `admin_permissions` (
  `id` smallint(6) DEFAULT NULL,
  `action` varchar(55) DEFAULT NULL,
  `subject` varchar(36) DEFAULT NULL,
  `properties` text,
  `conditions` varchar(21) DEFAULT NULL,
  `created_at` varchar(10) DEFAULT NULL,
  `updated_at` varchar(10) DEFAULT NULL,
  `created_by_id` varchar(0) DEFAULT NULL,
  `updated_by_id` varchar(0) DEFAULT NULL
) ENGINE=InnoDB DEFAULT CHARSET=utf8mb4;
/*!40101 SET character_set_client = @saved_cs_client */;

--
-- Dumping data for table `admin_permissions`
--

LOCK TABLES `admin_permissions` WRITE;
/*!40000 ALTER TABLE `admin_permissions` DISABLE KEYS */;
INSERT INTO `admin_permissions` VALUES (5,'plugin::content-manager.explorer.create','api::place.place','{\"fields\":[\"name\",\"restaurants\"]}','[]','2021-11-09','2021-11-09','',''),(12,'plugin::content-manager.explorer.read','api::place.place','{\"fields\":[\"name\",\"restaurants\"]}','[]','2021-11-09','2021-11-09','',''),(19,'plugin::content-manager.explorer.update','api::place.place','{\"fields\":[\"name\",\"restaurants\"]}','[]','2021-11-09','2021-11-09','',''),(23,'plugin::content-manager.explorer.delete','api::category.category','{}','[]','2021-11-09','2021-11-09','',''),(26,'plugin::content-manager.explorer.delete','api::place.place','{}','[]','2021-11-09','2021-11-09','',''),(32,'plugin::upload.read','','{}','[]','2021-11-09','2021-11-09','',''),(33,'plugin::upload.assets.create','','{}','[]','2021-11-09','2021-11-09','',''),(34,'plugin::upload.assets.update','','{}','[]','2021-11-09','2021-11-09','',''),(35,'plugin::upload.assets.download','','{}','[]','2021-11-09','2021-11-09','',''),(36,'plugin::upload.assets.copy-link','','{}','[]','2021-11-09','2021-11-09','',''),(41,'plugin::content-manager.explorer.create','api::place.place','{\"fields\":[\"name\",\"restaurants\"]}','[\"admin::is-creator\"]','2021-11-09','2021-11-09','',''),(48,'plugin::content-manager.explorer.read','api::place.place','{\"fields\":[\"name\",\"restaurants\"]}','[\"admin::is-creator\"]','2021-11-09','2021-11-09','',''),(55,'plugin::content-manager.explorer.update','api::place.place','{\"fields\":[\"name\",\"restaurants\"]}','[\"admin::is-creator\"]','2021-11-09','2021-11-09','',''),(59,'plugin::content-manager.explorer.delete','api::category.category','{}','[\"admin::is-creator\"]','2021-11-09','2021-11-09','',''),(62,'plugin::content-manager.explorer.delete','api::place.place','{}','[\"admin::is-creator\"]','2021-11-09','2021-11-09','',''),(65,'plugin::upload.read','','{}','[\"admin::is-creator\"]','2021-11-09','2021-11-09','',''),(66,'plugin::upload.assets.create','','{}','[]','2021-11-09','2021-11-09','',''),(67,'plugin::upload.assets.update','','{}','[\"admin::is-creator\"]','2021-11-09','2021-11-09','',''),(68,'plugin::upload.assets.download','','{}','[]','2021-11-09','2021-11-09','',''),(69,'plugin::upload.assets.copy-link','','{}','[]','2021-11-09','2021-11-09','',''),(70,'plugin::content-manager.explorer.create','plugin::users-permissions.user','{\"fields\":[\"username\",\"email\",\"provider\",\"password\",\"resetPasswordToken\",\"confirmationToken\",\"confirmed\",\"blocked\",\"role\",\"reviews\",\"articles\",\"picture\",\"job\"]}','[]','2021-11-09','2021-11-09','',''),(72,'plugin::content-manager.explorer.create','api::category.category','{\"fields\":[\"name\",\"slug\",\"restaurants\",\"articles\"]}','[]','2021-11-09','2021-11-09','',''),(75,'plugin::content-manager.explorer.create','api::place.place','{\"fields\":[\"name\",\"restaurants\"]}','[]','2021-11-09','2021-11-09','',''),(77,'plugin::content-manager.explorer.create','api::review.review','{\"fields\":[\"content\",\"note\",\"author\",\"restaurant\"],\"locales\":[\"en\",\"fr-FR\"]}','[]','2021-11-09','2021-11-09','',''),(78,'plugin::content-manager.explorer.read','plugin::users-permissions.user','{\"fields\":[\"username\",\"email\",\"provider\",\"password\",\"resetPasswordToken\",\"confirmationToken\",\"confirmed\",\"blocked\",\"role\",\"reviews\",\"articles\",\"picture\",\"job\"]}','[]','2021-11-09','2021-11-09','',''),(80,'plugin::content-manager.explorer.read','api::category.category','{\"fields\":[\"name\",\"slug\",\"restaurants\",\"articles\"]}','[]','2021-11-09','2021-11-09','',''),(83,'plugin::content-manager.explorer.read','api::place.place','{\"fields\":[\"name\",\"restaurants\"]}','[]','2021-11-09','2021-11-09','',''),(85,'plugin::content-manager.explorer.read','api::review.review','{\"fields\":[\"content\",\"note\",\"author\",\"restaurant\"],\"locales\":[\"en\",\"fr-FR\"]}','[]','2021-11-09','2021-11-09','',''),(86,'plugin::content-manager.explorer.update','plugin::users-permissions.user','{\"fields\":[\"username\",\"email\",\"provider\",\"password\",\"resetPasswordToken\",\"confirmationToken\",\"confirmed\",\"blocked\",\"role\",\"reviews\",\"articles\",\"picture\",\"job\"]}','[]','2021-11-09','2021-11-09','',''),(88,'plugin::content-manager.explorer.update','api::category.category','{\"fields\":[\"name\",\"slug\",\"restaurants\",\"articles\"]}','[]','2021-11-09','2021-11-09','',''),(91,'plugin::content-manager.explorer.update','api::place.place','{\"fields\":[\"name\",\"restaurants\"]}','[]','2021-11-09','2021-11-09','',''),(93,'plugin::content-manager.explorer.update','api::review.review','{\"fields\":[\"content\",\"note\",\"author\",\"restaurant\"],\"locales\":[\"en\",\"fr-FR\"]}','[]','2021-11-09','2021-11-09','',''),(94,'plugin::content-manager.explorer.delete','plugin::users-permissions.user','{}','[]','2021-11-09','2021-11-09','',''),(95,'plugin::content-manager.explorer.delete','api::article.article','{\"locales\":[\"en\",\"fr-FR\"]}','[]','2021-11-09','2021-11-09','',''),(96,'plugin::content-manager.explorer.delete','api::category.category','{}','[]','2021-11-09','2021-11-09','',''),(99,'plugin::content-manager.explorer.delete','api::place.place','{}','[]','2021-11-09','2021-11-09','',''),(100,'plugin::content-manager.explorer.delete','api::restaurant.restaurant','{\"locales\":[\"en\",\"fr-FR\"]}','[]','2021-11-09','2021-11-09','',''),(101,'plugin::content-manager.explorer.delete','api::review.review','{\"locales\":[\"en\",\"fr-FR\"]}','[]','2021-11-09','2021-11-09','',''),(102,'plugin::content-manager.explorer.publish','api::article.article','{\"locales\":[\"en\",\"fr-FR\"]}','[]','2021-11-09','2021-11-09','',''),(104,'plugin::content-manager.explorer.publish','api::restaurant.restaurant','{\"locales\":[\"en\",\"fr-FR\"]}','[]','2021-11-09','2021-11-09','',''),(105,'plugin::content-manager.single-types.configure-view','','{}','[]','2021-11-09','2021-11-09','',''),(106,'plugin::content-manager.collection-types.configure-view','','{}','[]','2021-11-09','2021-11-09','',''),(107,'plugin::content-manager.components.configure-layout','','{}','[]','2021-11-09','2021-11-09','',''),(108,'plugin::content-type-builder.read','','{}','[]','2021-11-09','2021-11-09','',''),(109,'plugin::email.settings.read','','{}','[]','2021-11-09','2021-11-09','',''),(110,'plugin::upload.read','','{}','[]','2021-11-09','2021-11-09','',''),(111,'plugin::upload.assets.create','','{}','[]','2021-11-09','2021-11-09','',''),(112,'plugin::upload.assets.update','','{}','[]','2021-11-09','2021-11-09','',''),(113,'plugin::upload.assets.download','','{}','[]','2021-11-09','2021-11-09','',''),(114,'plugin::upload.assets.copy-link','','{}','[]','2021-11-09','2021-11-09','',''),(115,'plugin::upload.settings.read','','{}','[]','2021-11-09','2021-11-09','',''),(116,'plugin::i18n.locale.create','','{}','[]','2021-11-09','2021-11-09','',''),(117,'plugin::i18n.locale.read','','{}','[]','2021-11-09','2021-11-09','',''),(118,'plugin::i18n.locale.update','','{}','[]','2021-11-09','2021-11-09','',''),(119,'plugin::i18n.locale.delete','','{}','[]','2021-11-09','2021-11-09','',''),(120,'plugin::users-permissions.roles.create','','{}','[]','2021-11-09','2021-11-09','',''),(121,'plugin::users-permissions.roles.read','','{}','[]','2021-11-09','2021-11-09','',''),(122,'plugin::users-permissions.roles.update','','{}','[]','2021-11-09','2021-11-09','',''),(123,'plugin::users-permissions.roles.delete','','{}','[]','2021-11-09','2021-11-09','',''),(124,'plugin::users-permissions.providers.read','','{}','[]','2021-11-09','2021-11-09','',''),(125,'plugin::users-permissions.providers.update','','{}','[]','2021-11-09','2021-11-09','',''),(126,'plugin::users-permissions.email-templates.read','','{}','[]','2021-11-09','2021-11-09','',''),(127,'plugin::users-permissions.email-templates.update','','{}','[]','2021-11-09','2021-11-09','',''),(128,'plugin::users-permissions.advanced-settings.read','','{}','[]','2021-11-09','2021-11-09','',''),(129,'plugin::users-permissions.advanced-settings.update','','{}','[]','2021-11-09','2021-11-09','',''),(130,'admin::marketplace.read','','{}','[]','2021-11-09','2021-11-09','',''),(131,'admin::marketplace.plugins.install','','{}','[]','2021-11-09','2021-11-09','',''),(132,'admin::marketplace.plugins.uninstall','','{}','[]','2021-11-09','2021-11-09','',''),(133,'admin::webhooks.create','','{}','[]','2021-11-09','2021-11-09','',''),(134,'admin::webhooks.read','','{}','[]','2021-11-09','2021-11-09','',''),(135,'admin::webhooks.update','','{}','[]','2021-11-09','2021-11-09','',''),(136,'admin::webhooks.delete','','{}','[]','2021-11-09','2021-11-09','',''),(137,'admin::users.create','','{}','[]','2021-11-09','2021-11-09','',''),(138,'admin::users.read','','{}','[]','2021-11-09','2021-11-09','',''),(139,'admin::users.update','','{}','[]','2021-11-09','2021-11-09','',''),(140,'admin::users.delete','','{}','[]','2021-11-09','2021-11-09','',''),(141,'admin::roles.create','','{}','[]','2021-11-09','2021-11-09','',''),(142,'admin::roles.read','','{}','[]','2021-11-09','2021-11-09','',''),(143,'admin::roles.update','','{}','[]','2021-11-09','2021-11-09','',''),(144,'admin::roles.delete','','{}','[]','2021-11-09','2021-11-09','',''),(145,'admin::api-tokens.create','','{}','[]','2021-11-09','2021-11-09','',''),(146,'admin::api-tokens.read','','{}','[]','2021-11-09','2021-11-09','',''),(147,'admin::api-tokens.update','','{}','[]','2021-11-09','2021-11-09','',''),(148,'admin::api-tokens.delete','','{}','[]','2021-11-09','2021-11-09','',''),(152,'plugin::content-manager.explorer.delete','api::page.page','{\"locales\":[\"en\",\"fr-FR\"]}','[]','2021-11-09','2021-11-09','',''),(153,'plugin::content-manager.explorer.publish','api::page.page','{\"locales\":[\"en\",\"fr-FR\"]}','[]','2021-11-09','2021-11-09','',''),(163,'plugin::content-manager.explorer.delete','api::blog-page.blog-page','{\"locales\":[\"en\",\"fr-FR\"]}','[]','2021-11-23','2021-11-23','',''),(164,'plugin::content-manager.explorer.publish','api::blog-page.blog-page','{\"locales\":[\"en\",\"fr-FR\"]}','[]','2021-11-23','2021-11-23','',''),(168,'plugin::content-manager.explorer.delete','api::global.global','{\"locales\":[\"en\",\"fr-FR\"]}','[]','2021-11-23','2021-11-23','',''),(169,'plugin::content-manager.explorer.publish','api::global.global','{\"locales\":[\"en\",\"fr-FR\"]}','[]','2021-11-23','2021-11-23','',''),(173,'plugin::content-manager.explorer.delete','api::restaurant-page.restaurant-page','{\"locales\":[\"en\",\"fr-FR\"]}','[]','2021-11-23','2021-11-23','',''),(174,'plugin::content-manager.explorer.publish','api::restaurant-page.restaurant-page','{\"locales\":[\"en\",\"fr-FR\"]}','[]','2021-11-23','2021-11-23','',''),(178,'plugin::content-manager.explorer.delete','api::article.article','{\"locales\":[\"en\",\"fr-FR\"]}','[\"admin::is-creator\"]','2021-12-10','2021-12-10','',''),(188,'plugin::content-manager.explorer.delete','api::page.page','{\"locales\":[\"en\",\"fr-FR\"]}','[\"admin::is-creator\"]','2021-12-10','2021-12-10','',''),(192,'plugin::content-manager.explorer.delete','api::restaurant.restaurant','{\"locales\":[\"en\",\"fr-FR\"]}','[\"admin::is-creator\"]','2021-12-10','2021-12-10','',''),(196,'plugin::content-manager.explorer.delete','api::review.review','{\"locales\":[\"en\",\"fr-FR\"]}','[\"admin::is-creator\"]','2021-12-10','2021-12-10','',''),(209,'plugin::content-manager.explorer.delete','api::article.article','{\"locales\":[\"en\",\"fr-FR\"]}','[]','2021-12-10','2021-12-10','',''),(210,'plugin::content-manager.explorer.publish','api::article.article','{\"locales\":[\"en\",\"fr-FR\"]}','[]','2021-12-10','2021-12-10','',''),(220,'plugin::content-manager.explorer.delete','api::page.page','{\"locales\":[\"en\",\"fr-FR\"]}','[]','2021-12-10','2021-12-10','',''),(221,'plugin::content-manager.explorer.publish','api::page.page','{\"locales\":[\"en\",\"fr-FR\"]}','[]','2021-12-10','2021-12-10','',''),(225,'plugin::content-manager.explorer.delete','api::restaurant.restaurant','{\"locales\":[\"en\",\"fr-FR\"]}','[]','2021-12-10','2021-12-10','',''),(226,'plugin::content-manager.explorer.publish','api::restaurant.restaurant','{\"locales\":[\"en\",\"fr-FR\"]}','[]','2021-12-10','2021-12-10','',''),(230,'plugin::content-manager.explorer.delete','api::review.review','{\"locales\":[\"en\",\"fr-FR\"]}','[]','2021-12-10','2021-12-10','',''),(276,'plugin::content-manager.explorer.create','api::blog-page.blog-page','{\"fields\":[\"header.theme\",\"header.label\",\"header.title\",\"slug\",\"categoryText\",\"articlesPerPage\",\"blocks\",\"seo.metaTitle\",\"seo.metaDescription\",\"seo.metaImage\",\"seo.metaSocial.socialNetwork\",\"seo.metaSocial.title\",\"seo.metaSocial.description\",\"seo.metaSocial.image\",\"seo.keywords\",\"seo.metaRobots\",\"seo.structuredData\",\"seo.metaViewport\",\"seo.canonicalURL\"],\"locales\":[\"en\",\"fr-FR\"]}','[]','2022-03-02','2022-03-02','',''),(277,'plugin::content-manager.explorer.read','api::blog-page.blog-page','{\"fields\":[\"header.theme\",\"header.label\",\"header.title\",\"slug\",\"categoryText\",\"articlesPerPage\",\"blocks\",\"seo.metaTitle\",\"seo.metaDescription\",\"seo.metaImage\",\"seo.metaSocial.socialNetwork\",\"seo.metaSocial.title\",\"seo.metaSocial.description\",\"seo.metaSocial.image\",\"seo.keywords\",\"seo.metaRobots\",\"seo.structuredData\",\"seo.metaViewport\",\"seo.canonicalURL\"],\"locales\":[\"en\",\"fr-FR\"]}','[]','2022-03-02','2022-03-02','',''),(278,'plugin::content-manager.explorer.update','api::blog-page.blog-page','{\"fields\":[\"header.theme\",\"header.label\",\"header.title\",\"slug\",\"categoryText\",\"articlesPerPage\",\"blocks\",\"seo.metaTitle\",\"seo.metaDescription\",\"seo.metaImage\",\"seo.metaSocial.socialNetwork\",\"seo.metaSocial.title\",\"seo.metaSocial.description\",\"seo.metaSocial.image\",\"seo.keywords\",\"seo.metaRobots\",\"seo.structuredData\",\"seo.metaViewport\",\"seo.canonicalURL\"],\"locales\":[\"en\",\"fr-FR\"]}','[]','2022-03-02','2022-03-02','',''),(279,'plugin::content-manager.explorer.create','api::restaurant-page.restaurant-page','{\"fields\":[\"header.theme\",\"header.label\",\"header.title\",\"slug\",\"categoryText\",\"PlaceText\",\"restaurantsPerPage\",\"blocks\",\"seo.metaTitle\",\"seo.metaDescription\",\"seo.metaImage\",\"seo.metaSocial.socialNetwork\",\"seo.metaSocial.title\",\"seo.metaSocial.description\",\"seo.metaSocial.image\",\"seo.keywords\",\"seo.metaRobots\",\"seo.structuredData\",\"seo.metaViewport\",\"seo.canonicalURL\"],\"locales\":[\"en\",\"fr-FR\"]}','[]','2022-03-02','2022-03-02','',''),(280,'plugin::content-manager.explorer.read','api::restaurant-page.restaurant-page','{\"fields\":[\"header.theme\",\"header.label\",\"header.title\",\"slug\",\"categoryText\",\"PlaceText\",\"restaurantsPerPage\",\"blocks\",\"seo.metaTitle\",\"seo.metaDescription\",\"seo.metaImage\",\"seo.metaSocial.socialNetwork\",\"seo.metaSocial.title\",\"seo.metaSocial.description\",\"seo.metaSocial.image\",\"seo.keywords\",\"seo.metaRobots\",\"seo.structuredData\",\"seo.metaViewport\",\"seo.canonicalURL\"],\"locales\":[\"en\",\"fr-FR\"]}','[]','2022-03-02','2022-03-02','',''),(281,'plugin::content-manager.explorer.update','api::restaurant-page.restaurant-page','{\"fields\":[\"header.theme\",\"header.label\",\"header.title\",\"slug\",\"categoryText\",\"PlaceText\",\"restaurantsPerPage\",\"blocks\",\"seo.metaTitle\",\"seo.metaDescription\",\"seo.metaImage\",\"seo.metaSocial.socialNetwork\",\"seo.metaSocial.title\",\"seo.metaSocial.description\",\"seo.metaSocial.image\",\"seo.keywords\",\"seo.metaRobots\",\"seo.structuredData\",\"seo.metaViewport\",\"seo.canonicalURL\"],\"locales\":[\"en\",\"fr-FR\"]}','[]','2022-03-02','2022-03-02','',''),(282,'admin::project-settings.update','','{}','[]','2022-08-18','2022-08-18','',''),(283,'admin::project-settings.read','','{}','[]','2022-08-18','2022-08-18','',''),(294,'plugin::content-manager.explorer.create','api::article.article','{\"fields\":[\"title\",\"slug\",\"image\",\"blocks\",\"seo.metaTitle\",\"seo.metaDescription\",\"seo.metaImage\",\"seo.metaSocial.socialNetwork\",\"seo.metaSocial.title\",\"seo.metaSocial.description\",\"seo.metaSocial.image\",\"seo.keywords\",\"seo.metaRobots\",\"seo.structuredData\",\"seo.metaViewport\",\"seo.canonicalURL\",\"publicationState\",\"category\",\"editors\",\"ckeditor_content\"],\"locales\":[\"en\",\"fr-FR\"]}','[\"admin::is-creator\"]','2022-09-22','2022-11-17','',''),(295,'plugin::content-manager.explorer.read','api::article.article','{\"fields\":[\"title\",\"slug\",\"image\",\"blocks\",\"seo.metaTitle\",\"seo.metaDescription\",\"seo.metaImage\",\"seo.metaSocial.socialNetwork\",\"seo.metaSocial.title\",\"seo.metaSocial.description\",\"seo.metaSocial.image\",\"seo.keywords\",\"seo.metaRobots\",\"seo.structuredData\",\"seo.metaViewport\",\"seo.canonicalURL\",\"publicationState\",\"category\",\"editors\",\"ckeditor_content\"],\"locales\":[\"en\",\"fr-FR\"]}','[\"admin::is-creator\"]','2022-09-22','2022-11-17','',''),(296,'plugin::content-manager.explorer.update','api::article.article','{\"fields\":[\"title\",\"slug\",\"image\",\"blocks\",\"seo.metaTitle\",\"seo.metaDescription\",\"seo.metaImage\",\"seo.metaSocial.socialNetwork\",\"seo.metaSocial.title\",\"seo.metaSocial.description\",\"seo.metaSocial.image\",\"seo.keywords\",\"seo.metaRobots\",\"seo.structuredData\",\"seo.metaViewport\",\"seo.canonicalURL\",\"publicationState\",\"category\",\"editors\",\"ckeditor_content\"],\"locales\":[\"en\",\"fr-FR\"]}','[\"admin::is-creator\"]','2022-09-22','2022-11-17','',''),(297,'plugin::content-manager.explorer.create','api::category.category','{\"fields\":[\"name\",\"slug\",\"restaurants\",\"articles\"]}','[\"admin::is-creator\"]','2022-09-22','2022-09-22','',''),(298,'plugin::content-manager.explorer.read','api::category.category','{\"fields\":[\"name\",\"slug\",\"restaurants\",\"articles\"]}','[\"admin::is-creator\"]','2022-09-22','2022-09-22','',''),(299,'plugin::content-manager.explorer.update','api::category.category','{\"fields\":[\"name\",\"slug\",\"restaurants\",\"articles\"]}','[\"admin::is-creator\"]','2022-09-22','2022-09-22','',''),(300,'plugin::content-manager.explorer.create','api::review.review','{\"fields\":[\"content\",\"note\",\"author\",\"restaurant\"],\"locales\":[\"en\",\"fr-FR\"]}','[\"admin::is-creator\"]','2022-09-22','2022-09-22','',''),(301,'plugin::content-manager.explorer.read','api::review.review','{\"fields\":[\"content\",\"note\",\"author\",\"restaurant\"],\"locales\":[\"en\",\"fr-FR\"]}','[\"admin::is-creator\"]','2022-09-22','2022-09-22','',''),(302,'plugin::content-manager.explorer.update','api::review.review','{\"fields\":[\"content\",\"note\",\"author\",\"restaurant\"],\"locales\":[\"en\",\"fr-FR\"]}','[\"admin::is-creator\"]','2022-09-22','2022-09-22','',''),(303,'plugin::content-manager.explorer.create','api::page.page','{\"fields\":[\"title\",\"slug\",\"blocks\",\"seo.metaTitle\",\"seo.metaDescription\",\"seo.metaImage\",\"seo.metaSocial.socialNetwork\",\"seo.metaSocial.title\",\"seo.metaSocial.description\",\"seo.metaSocial.image\",\"seo.keywords\",\"seo.metaRobots\",\"seo.structuredData\",\"seo.metaViewport\",\"seo.canonicalURL\"],\"locales\":[\"en\",\"fr-FR\"]}','[\"admin::is-creator\"]','2022-09-22','2022-09-23','',''),(304,'plugin::content-manager.explorer.read','api::page.page','{\"fields\":[\"title\",\"slug\",\"blocks\",\"seo.metaTitle\",\"seo.metaDescription\",\"seo.metaImage\",\"seo.metaSocial.socialNetwork\",\"seo.metaSocial.title\",\"seo.metaSocial.description\",\"seo.metaSocial.image\",\"seo.keywords\",\"seo.metaRobots\",\"seo.structuredData\",\"seo.metaViewport\",\"seo.canonicalURL\"],\"locales\":[\"en\",\"fr-FR\"]}','[\"admin::is-creator\"]','2022-09-22','2022-09-23','',''),(305,'plugin::content-manager.explorer.update','api::page.page','{\"fields\":[\"title\",\"slug\",\"blocks\",\"seo.metaTitle\",\"seo.metaDescription\",\"seo.metaImage\",\"seo.metaSocial.socialNetwork\",\"seo.metaSocial.title\",\"seo.metaSocial.description\",\"seo.metaSocial.image\",\"seo.keywords\",\"seo.metaRobots\",\"seo.structuredData\",\"seo.metaViewport\",\"seo.canonicalURL\"],\"locales\":[\"en\",\"fr-FR\"]}','[\"admin::is-creator\"]','2022-09-22','2022-09-23','',''),(306,'plugin::content-manager.explorer.create','api::restaurant.restaurant','{\"fields\":[\"name\",\"slug\",\"images\",\"price\",\"information.description\",\"information.opening_hours.day_interval\",\"information.opening_hours.opening_hour\",\"information.opening_hours.closing_hour\",\"information.location.address\",\"information.location.website\",\"information.location.phone\",\"socialNetworks.url\",\"blocks\",\"seo.metaTitle\",\"seo.metaDescription\",\"seo.metaImage\",\"seo.metaSocial.socialNetwork\",\"seo.metaSocial.title\",\"seo.metaSocial.description\",\"seo.metaSocial.image\",\"seo.keywords\",\"seo.metaRobots\",\"seo.structuredData\",\"seo.metaViewport\",\"seo.canonicalURL\",\"category\",\"place\",\"reviews\"],\"locales\":[\"en\",\"fr-FR\"]}','[\"admin::is-creator\"]','2022-09-22','2022-09-23','',''),(307,'plugin::content-manager.explorer.read','api::restaurant.restaurant','{\"fields\":[\"name\",\"slug\",\"images\",\"price\",\"information.description\",\"information.opening_hours.day_interval\",\"information.opening_hours.opening_hour\",\"information.opening_hours.closing_hour\",\"information.location.address\",\"information.location.website\",\"information.location.phone\",\"socialNetworks.url\",\"blocks\",\"seo.metaTitle\",\"seo.metaDescription\",\"seo.metaImage\",\"seo.metaSocial.socialNetwork\",\"seo.metaSocial.title\",\"seo.metaSocial.description\",\"seo.metaSocial.image\",\"seo.keywords\",\"seo.metaRobots\",\"seo.structuredData\",\"seo.metaViewport\",\"seo.canonicalURL\",\"category\",\"place\",\"reviews\"],\"locales\":[\"en\",\"fr-FR\"]}','[\"admin::is-creator\"]','2022-09-22','2022-09-23','',''),(308,'plugin::content-manager.explorer.update','api::restaurant.restaurant','{\"fields\":[\"name\",\"slug\",\"images\",\"price\",\"information.description\",\"information.opening_hours.day_interval\",\"information.opening_hours.opening_hour\",\"information.opening_hours.closing_hour\",\"information.location.address\",\"information.location.website\",\"information.location.phone\",\"socialNetworks.url\",\"blocks\",\"seo.metaTitle\",\"seo.metaDescription\",\"seo.metaImage\",\"seo.metaSocial.socialNetwork\",\"seo.metaSocial.title\",\"seo.metaSocial.description\",\"seo.metaSocial.image\",\"seo.keywords\",\"seo.metaRobots\",\"seo.structuredData\",\"seo.metaViewport\",\"seo.canonicalURL\",\"category\",\"place\",\"reviews\"],\"locales\":[\"en\",\"fr-FR\"]}','[\"admin::is-creator\"]','2022-09-22','2022-09-23','',''),(309,'plugin::content-manager.explorer.create','api::article.article','{\"fields\":[\"title\",\"slug\",\"image\",\"blocks\",\"seo.metaTitle\",\"seo.metaDescription\",\"seo.metaImage\",\"seo.metaSocial.socialNetwork\",\"seo.metaSocial.title\",\"seo.metaSocial.description\",\"seo.metaSocial.image\",\"seo.keywords\",\"seo.metaRobots\",\"seo.structuredData\",\"seo.metaViewport\",\"seo.canonicalURL\",\"publicationState\",\"category\",\"editors\",\"publicationStages\",\"ckeditor_content\"],\"locales\":[\"en\",\"fr-FR\"]}','[]','2022-09-22','2022-11-17','',''),(310,'plugin::content-manager.explorer.read','api::article.article','{\"fields\":[\"title\",\"slug\",\"image\",\"blocks\",\"seo.metaTitle\",\"seo.metaDescription\",\"seo.metaImage\",\"seo.metaSocial.socialNetwork\",\"seo.metaSocial.title\",\"seo.metaSocial.description\",\"seo.metaSocial.image\",\"seo.keywords\",\"seo.metaRobots\",\"seo.structuredData\",\"seo.metaViewport\",\"seo.canonicalURL\",\"publicationState\",\"category\",\"editors\",\"publicationStages\",\"ckeditor_content\"],\"locales\":[\"en\",\"fr-FR\"]}','[]','2022-09-22','2022-11-17','',''),(311,'plugin::content-manager.explorer.update','api::article.article','{\"fields\":[\"title\",\"slug\",\"image\",\"blocks\",\"seo.metaTitle\",\"seo.metaDescription\",\"seo.metaImage\",\"seo.metaSocial.socialNetwork\",\"seo.metaSocial.title\",\"seo.metaSocial.description\",\"seo.metaSocial.image\",\"seo.keywords\",\"seo.metaRobots\",\"seo.structuredData\",\"seo.metaViewport\",\"seo.canonicalURL\",\"publicationState\",\"category\",\"editors\",\"publicationStages\",\"ckeditor_content\"],\"locales\":[\"en\",\"fr-FR\"]}','[]','2022-09-22','2022-11-17','',''),(312,'plugin::content-manager.explorer.create','api::category.category','{\"fields\":[\"name\",\"slug\",\"restaurants\",\"articles\"]}','[]','2022-09-22','2022-09-22','',''),(313,'plugin::content-manager.explorer.read','api::category.category','{\"fields\":[\"name\",\"slug\",\"restaurants\",\"articles\"]}','[]','2022-09-22','2022-09-22','',''),(314,'plugin::content-manager.explorer.update','api::category.category','{\"fields\":[\"name\",\"slug\",\"restaurants\",\"articles\"]}','[]','2022-09-22','2022-09-22','',''),(315,'plugin::content-manager.explorer.create','api::review.review','{\"fields\":[\"content\",\"note\",\"author\",\"restaurant\"],\"locales\":[\"en\",\"fr-FR\"]}','[]','2022-09-22','2022-09-22','',''),(316,'plugin::content-manager.explorer.read','api::review.review','{\"fields\":[\"content\",\"note\",\"author\",\"restaurant\"],\"locales\":[\"en\",\"fr-FR\"]}','[]','2022-09-22','2022-09-22','',''),(317,'plugin::content-manager.explorer.update','api::review.review','{\"fields\":[\"content\",\"note\",\"author\",\"restaurant\"],\"locales\":[\"en\",\"fr-FR\"]}','[]','2022-09-22','2022-09-22','',''),(318,'plugin::content-manager.explorer.create','api::page.page','{\"fields\":[\"title\",\"slug\",\"blocks\",\"seo.metaTitle\",\"seo.metaDescription\",\"seo.metaImage\",\"seo.metaSocial.socialNetwork\",\"seo.metaSocial.title\",\"seo.metaSocial.description\",\"seo.metaSocial.image\",\"seo.keywords\",\"seo.metaRobots\",\"seo.structuredData\",\"seo.metaViewport\",\"seo.canonicalURL\",\"editors\"],\"locales\":[\"en\",\"fr-FR\"]}','[]','2022-09-22','2022-09-23','',''),(319,'plugin::content-manager.explorer.read','api::page.page','{\"fields\":[\"title\",\"slug\",\"blocks\",\"seo.metaTitle\",\"seo.metaDescription\",\"seo.metaImage\",\"seo.metaSocial.socialNetwork\",\"seo.metaSocial.title\",\"seo.metaSocial.description\",\"seo.metaSocial.image\",\"seo.keywords\",\"seo.metaRobots\",\"seo.structuredData\",\"seo.metaViewport\",\"seo.canonicalURL\",\"editors\"],\"locales\":[\"en\",\"fr-FR\"]}','[]','2022-09-22','2022-09-23','',''),(320,'plugin::content-manager.explorer.update','api::page.page','{\"fields\":[\"title\",\"slug\",\"blocks\",\"seo.metaTitle\",\"seo.metaDescription\",\"seo.metaImage\",\"seo.metaSocial.socialNetwork\",\"seo.metaSocial.title\",\"seo.metaSocial.description\",\"seo.metaSocial.image\",\"seo.keywords\",\"seo.metaRobots\",\"seo.structuredData\",\"seo.metaViewport\",\"seo.canonicalURL\",\"editors\"],\"locales\":[\"en\",\"fr-FR\"]}','[]','2022-09-22','2022-09-23','',''),(321,'plugin::content-manager.explorer.create','api::restaurant.restaurant','{\"fields\":[\"name\",\"slug\",\"images\",\"price\",\"information.description\",\"information.opening_hours.day_interval\",\"information.opening_hours.opening_hour\",\"information.opening_hours.closing_hour\",\"information.location.address\",\"information.location.website\",\"information.location.phone\",\"socialNetworks.url\",\"blocks\",\"seo.metaTitle\",\"seo.metaDescription\",\"seo.metaImage\",\"seo.metaSocial.socialNetwork\",\"seo.metaSocial.title\",\"seo.metaSocial.description\",\"seo.metaSocial.image\",\"seo.keywords\",\"seo.metaRobots\",\"seo.structuredData\",\"seo.metaViewport\",\"seo.canonicalURL\",\"category\",\"place\",\"reviews\"],\"locales\":[\"en\",\"fr-FR\"]}','[]','2022-09-22','2022-09-23','',''),(322,'plugin::content-manager.explorer.read','api::restaurant.restaurant','{\"fields\":[\"name\",\"slug\",\"images\",\"price\",\"information.description\",\"information.opening_hours.day_interval\",\"information.opening_hours.opening_hour\",\"information.opening_hours.closing_hour\",\"information.location.address\",\"information.location.website\",\"information.location.phone\",\"socialNetworks.url\",\"blocks\",\"seo.metaTitle\",\"seo.metaDescription\",\"seo.metaImage\",\"seo.metaSocial.socialNetwork\",\"seo.metaSocial.title\",\"seo.metaSocial.description\",\"seo.metaSocial.image\",\"seo.keywords\",\"seo.metaRobots\",\"seo.structuredData\",\"seo.metaViewport\",\"seo.canonicalURL\",\"category\",\"place\",\"reviews\"],\"locales\":[\"en\",\"fr-FR\"]}','[]','2022-09-22','2022-09-23','',''),(323,'plugin::content-manager.explorer.update','api::restaurant.restaurant','{\"fields\":[\"name\",\"slug\",\"images\",\"price\",\"information.description\",\"information.opening_hours.day_interval\",\"information.opening_hours.opening_hour\",\"information.opening_hours.closing_hour\",\"information.location.address\",\"information.location.website\",\"information.location.phone\",\"socialNetworks.url\",\"blocks\",\"seo.metaTitle\",\"seo.metaDescription\",\"seo.metaImage\",\"seo.metaSocial.socialNetwork\",\"seo.metaSocial.title\",\"seo.metaSocial.description\",\"seo.metaSocial.image\",\"seo.keywords\",\"seo.metaRobots\",\"seo.structuredData\",\"seo.metaViewport\",\"seo.canonicalURL\",\"category\",\"place\",\"reviews\"],\"locales\":[\"en\",\"fr-FR\"]}','[]','2022-09-22','2022-09-23','',''),(330,'plugin::content-manager.explorer.create','api::blog-page.blog-page','{\"fields\":[\"header.theme\",\"header.label\",\"header.title\",\"slug\",\"categoryText\",\"articlesPerPage\",\"blocks\",\"seo.metaTitle\",\"seo.metaDescription\",\"seo.metaImage\",\"seo.metaSocial.socialNetwork\",\"seo.metaSocial.title\",\"seo.metaSocial.description\",\"seo.metaSocial.image\",\"seo.keywords\",\"seo.metaRobots\",\"seo.structuredData\",\"seo.metaViewport\",\"seo.canonicalURL\"],\"locales\":[\"en\",\"fr-FR\"]}','[]','2022-09-22','2022-09-22','',''),(331,'plugin::content-manager.explorer.read','api::blog-page.blog-page','{\"fields\":[\"header.theme\",\"header.label\",\"header.title\",\"slug\",\"categoryText\",\"articlesPerPage\",\"blocks\",\"seo.metaTitle\",\"seo.metaDescription\",\"seo.metaImage\",\"seo.metaSocial.socialNetwork\",\"seo.metaSocial.title\",\"seo.metaSocial.description\",\"seo.metaSocial.image\",\"seo.keywords\",\"seo.metaRobots\",\"seo.structuredData\",\"seo.metaViewport\",\"seo.canonicalURL\"],\"locales\":[\"en\",\"fr-FR\"]}','[]','2022-09-22','2022-09-22','',''),(332,'plugin::content-manager.explorer.update','api::blog-page.blog-page','{\"fields\":[\"header.theme\",\"header.label\",\"header.title\",\"slug\",\"categoryText\",\"articlesPerPage\",\"blocks\",\"seo.metaTitle\",\"seo.metaDescription\",\"seo.metaImage\",\"seo.metaSocial.socialNetwork\",\"seo.metaSocial.title\",\"seo.metaSocial.description\",\"seo.metaSocial.image\",\"seo.keywords\",\"seo.metaRobots\",\"seo.structuredData\",\"seo.metaViewport\",\"seo.canonicalURL\"],\"locales\":[\"en\",\"fr-FR\"]}','[]','2022-09-22','2022-09-22','',''),(333,'plugin::content-manager.explorer.delete','api::blog-page.blog-page','{\"locales\":[\"en\",\"fr-FR\"]}','[]','2022-09-22','2022-09-22','',''),(334,'plugin::content-manager.explorer.publish','api::blog-page.blog-page','{\"locales\":[\"en\",\"fr-FR\"]}','[]','2022-09-22','2022-09-22','',''),(335,'plugin::content-manager.explorer.create','api::global.global','{\"fields\":[\"navigation.links.href\",\"navigation.links.label\",\"navigation.links.target\",\"navigation.links.isExternal\",\"navigation.leftButton.href\",\"navigation.leftButton.label\",\"navigation.leftButton.target\",\"navigation.leftButton.isExternal\",\"navigation.rightButton.href\",\"navigation.rightButton.label\",\"navigation.rightButton.target\",\"navigation.rightButton.isExternal\",\"footer.socialNetworks.url\",\"footer.label\",\"footer.footerColumns.links.href\",\"footer.footerColumns.links.label\",\"footer.footerColumns.links.target\",\"footer.footerColumns.links.isExternal\"],\"locales\":[\"en\",\"fr-FR\"]}','[]','2022-09-22','2022-11-14','',''),(336,'plugin::content-manager.explorer.read','api::global.global','{\"fields\":[\"navigation.links.href\",\"navigation.links.label\",\"navigation.links.target\",\"navigation.links.isExternal\",\"navigation.leftButton.href\",\"navigation.leftButton.label\",\"navigation.leftButton.target\",\"navigation.leftButton.isExternal\",\"navigation.rightButton.href\",\"navigation.rightButton.label\",\"navigation.rightButton.target\",\"navigation.rightButton.isExternal\",\"footer.socialNetworks.url\",\"footer.label\",\"footer.footerColumns.links.href\",\"footer.footerColumns.links.label\",\"footer.footerColumns.links.target\",\"footer.footerColumns.links.isExternal\"],\"locales\":[\"en\",\"fr-FR\"]}','[]','2022-09-22','2022-11-14','',''),(337,'plugin::content-manager.explorer.update','api::global.global','{\"fields\":[\"navigation.links.href\",\"navigation.links.label\",\"navigation.links.target\",\"navigation.links.isExternal\",\"navigation.leftButton.href\",\"navigation.leftButton.label\",\"navigation.leftButton.target\",\"navigation.leftButton.isExternal\",\"navigation.rightButton.href\",\"navigation.rightButton.label\",\"navigation.rightButton.target\",\"navigation.rightButton.isExternal\",\"footer.socialNetworks.url\",\"footer.label\",\"footer.footerColumns.links.href\",\"footer.footerColumns.links.label\",\"footer.footerColumns.links.target\",\"footer.footerColumns.links.isExternal\"],\"locales\":[\"en\",\"fr-FR\"]}','[]','2022-09-22','2022-11-14','',''),(338,'plugin::content-manager.explorer.delete','api::global.global','{\"locales\":[\"en\",\"fr-FR\"]}','[]','2022-09-22','2022-09-22','',''),(339,'plugin::content-manager.explorer.publish','api::global.global','{\"locales\":[\"en\",\"fr-FR\"]}','[]','2022-09-22','2022-09-22','',''),(340,'plugin::content-manager.explorer.create','api::restaurant-page.restaurant-page','{\"fields\":[\"header.theme\",\"header.label\",\"header.title\",\"slug\",\"categoryText\",\"PlaceText\",\"restaurantsPerPage\",\"blocks\",\"seo.metaTitle\",\"seo.metaDescription\",\"seo.metaImage\",\"seo.metaSocial.socialNetwork\",\"seo.metaSocial.title\",\"seo.metaSocial.description\",\"seo.metaSocial.image\",\"seo.keywords\",\"seo.metaRobots\",\"seo.structuredData\",\"seo.metaViewport\",\"seo.canonicalURL\"],\"locales\":[\"en\",\"fr-FR\"]}','[]','2022-09-22','2022-09-22','',''),(341,'plugin::content-manager.explorer.read','api::restaurant-page.restaurant-page','{\"fields\":[\"header.theme\",\"header.label\",\"header.title\",\"slug\",\"categoryText\",\"PlaceText\",\"restaurantsPerPage\",\"blocks\",\"seo.metaTitle\",\"seo.metaDescription\",\"seo.metaImage\",\"seo.metaSocial.socialNetwork\",\"seo.metaSocial.title\",\"seo.metaSocial.description\",\"seo.metaSocial.image\",\"seo.keywords\",\"seo.metaRobots\",\"seo.structuredData\",\"seo.metaViewport\",\"seo.canonicalURL\"],\"locales\":[\"en\",\"fr-FR\"]}','[]','2022-09-22','2022-09-22','',''),(342,'plugin::content-manager.explorer.update','api::restaurant-page.restaurant-page','{\"fields\":[\"header.theme\",\"header.label\",\"header.title\",\"slug\",\"categoryText\",\"PlaceText\",\"restaurantsPerPage\",\"blocks\",\"seo.metaTitle\",\"seo.metaDescription\",\"seo.metaImage\",\"seo.metaSocial.socialNetwork\",\"seo.metaSocial.title\",\"seo.metaSocial.description\",\"seo.metaSocial.image\",\"seo.keywords\",\"seo.metaRobots\",\"seo.structuredData\",\"seo.metaViewport\",\"seo.canonicalURL\"],\"locales\":[\"en\",\"fr-FR\"]}','[]','2022-09-22','2022-09-22','',''),(343,'plugin::content-manager.explorer.delete','api::restaurant-page.restaurant-page','{\"locales\":[\"en\",\"fr-FR\"]}','[]','2022-09-22','2022-09-22','',''),(344,'plugin::content-manager.explorer.publish','api::restaurant-page.restaurant-page','{\"locales\":[\"en\",\"fr-FR\"]}','[]','2022-09-22','2022-09-22','',''),(349,'plugin::content-manager.explorer.create','api::page.page','{\"fields\":[\"title\",\"slug\",\"blocks\",\"seo.metaTitle\",\"seo.metaDescription\",\"seo.metaImage\",\"seo.metaSocial.socialNetwork\",\"seo.metaSocial.title\",\"seo.metaSocial.description\",\"seo.metaSocial.image\",\"seo.keywords\",\"seo.metaRobots\",\"seo.structuredData\",\"seo.metaViewport\",\"seo.canonicalURL\",\"editors\"],\"locales\":[\"en\",\"fr-FR\"]}','[]','2022-09-23','2022-09-23','',''),(350,'plugin::content-manager.explorer.read','api::page.page','{\"fields\":[\"title\",\"slug\",\"blocks\",\"seo.metaTitle\",\"seo.metaDescription\",\"seo.metaImage\",\"seo.metaSocial.socialNetwork\",\"seo.metaSocial.title\",\"seo.metaSocial.description\",\"seo.metaSocial.image\",\"seo.keywords\",\"seo.metaRobots\",\"seo.structuredData\",\"seo.metaViewport\",\"seo.canonicalURL\",\"editors\"],\"locales\":[\"en\",\"fr-FR\"]}','[]','2022-09-23','2022-09-23','',''),(351,'plugin::content-manager.explorer.update','api::page.page','{\"fields\":[\"title\",\"slug\",\"blocks\",\"seo.metaTitle\",\"seo.metaDescription\",\"seo.metaImage\",\"seo.metaSocial.socialNetwork\",\"seo.metaSocial.title\",\"seo.metaSocial.description\",\"seo.metaSocial.image\",\"seo.keywords\",\"seo.metaRobots\",\"seo.structuredData\",\"seo.metaViewport\",\"seo.canonicalURL\",\"editors\"],\"locales\":[\"en\",\"fr-FR\"]}','[]','2022-09-23','2022-09-23','',''),(355,'plugin::content-manager.explorer.create','api::restaurant.restaurant','{\"fields\":[\"name\",\"slug\",\"images\",\"price\",\"information.description\",\"information.opening_hours.day_interval\",\"information.opening_hours.opening_hour\",\"information.opening_hours.closing_hour\",\"information.location.address\",\"information.location.website\",\"information.location.phone\",\"socialNetworks.url\",\"blocks\",\"seo.metaTitle\",\"seo.metaDescription\",\"seo.metaImage\",\"seo.metaSocial.socialNetwork\",\"seo.metaSocial.title\",\"seo.metaSocial.description\",\"seo.metaSocial.image\",\"seo.keywords\",\"seo.metaRobots\",\"seo.structuredData\",\"seo.metaViewport\",\"seo.canonicalURL\",\"category\",\"place\",\"reviews\"],\"locales\":[\"en\",\"fr-FR\"]}','[]','2022-09-23','2022-09-23','',''),(356,'plugin::content-manager.explorer.read','api::restaurant.restaurant','{\"fields\":[\"name\",\"slug\",\"images\",\"price\",\"information.description\",\"information.opening_hours.day_interval\",\"information.opening_hours.opening_hour\",\"information.opening_hours.closing_hour\",\"information.location.address\",\"information.location.website\",\"information.location.phone\",\"socialNetworks.url\",\"blocks\",\"seo.metaTitle\",\"seo.metaDescription\",\"seo.metaImage\",\"seo.metaSocial.socialNetwork\",\"seo.metaSocial.title\",\"seo.metaSocial.description\",\"seo.metaSocial.image\",\"seo.keywords\",\"seo.metaRobots\",\"seo.structuredData\",\"seo.metaViewport\",\"seo.canonicalURL\",\"category\",\"place\",\"reviews\"],\"locales\":[\"en\",\"fr-FR\"]}','[]','2022-09-23','2022-09-23','',''),(357,'plugin::content-manager.explorer.update','api::restaurant.restaurant','{\"fields\":[\"name\",\"slug\",\"images\",\"price\",\"information.description\",\"information.opening_hours.day_interval\",\"information.opening_hours.opening_hour\",\"information.opening_hours.closing_hour\",\"information.location.address\",\"information.location.website\",\"information.location.phone\",\"socialNetworks.url\",\"blocks\",\"seo.metaTitle\",\"seo.metaDescription\",\"seo.metaImage\",\"seo.metaSocial.socialNetwork\",\"seo.metaSocial.title\",\"seo.metaSocial.description\",\"seo.metaSocial.image\",\"seo.keywords\",\"seo.metaRobots\",\"seo.structuredData\",\"seo.metaViewport\",\"seo.canonicalURL\",\"category\",\"place\",\"reviews\"],\"locales\":[\"en\",\"fr-FR\"]}','[]','2022-09-23','2022-09-23','',''),(358,'plugin::sitemap.settings.read','','{}','[]','2022-09-23','2022-09-23','',''),(359,'plugin::sitemap.menu-link','','{}','[]','2022-09-23','2022-09-23','',''),(360,'admin::api-tokens.access','','{}','[]','2022-10-14','2022-10-14','',''),(361,'admin::api-tokens.regenerate','','{}','[]','2022-10-14','2022-10-14','',''),(380,'plugin::content-manager.explorer.create','api::global.global','{\"fields\":[\"navigation.links.href\",\"navigation.links.label\",\"navigation.links.target\",\"navigation.links.isExternal\",\"navigation.leftButton.href\",\"navigation.leftButton.label\",\"navigation.leftButton.target\",\"navigation.leftButton.isExternal\",\"navigation.rightButton.href\",\"navigation.rightButton.label\",\"navigation.rightButton.target\",\"navigation.rightButton.isExternal\",\"footer.footerColumns.links.href\",\"footer.footerColumns.links.label\",\"footer.footerColumns.links.target\",\"footer.footerColumns.links.isExternal\",\"footer.socialNetworks.url\",\"footer.button.theme\",\"footer.button.link.href\",\"footer.button.link.label\",\"footer.button.link.target\",\"footer.button.link.isExternal\",\"footer.label\"],\"locales\":[\"en\",\"fr-FR\"]}','[]','2022-11-14','2022-11-14','',''),(381,'plugin::content-manager.explorer.read','api::global.global','{\"fields\":[\"navigation.links.href\",\"navigation.links.label\",\"navigation.links.target\",\"navigation.links.isExternal\",\"navigation.leftButton.href\",\"navigation.leftButton.label\",\"navigation.leftButton.target\",\"navigation.leftButton.isExternal\",\"navigation.rightButton.href\",\"navigation.rightButton.label\",\"navigation.rightButton.target\",\"navigation.rightButton.isExternal\",\"footer.footerColumns.links.href\",\"footer.footerColumns.links.label\",\"footer.footerColumns.links.target\",\"footer.footerColumns.links.isExternal\",\"footer.socialNetworks.url\",\"footer.button.theme\",\"footer.button.link.href\",\"footer.button.link.label\",\"footer.button.link.target\",\"footer.button.link.isExternal\",\"footer.label\"],\"locales\":[\"en\",\"fr-FR\"]}','[]','2022-11-14','2022-11-14','',''),(382,'plugin::content-manager.explorer.update','api::global.global','{\"fields\":[\"navigation.links.href\",\"navigation.links.label\",\"navigation.links.target\",\"navigation.links.isExternal\",\"navigation.leftButton.href\",\"navigation.leftButton.label\",\"navigation.leftButton.target\",\"navigation.leftButton.isExternal\",\"navigation.rightButton.href\",\"navigation.rightButton.label\",\"navigation.rightButton.target\",\"navigation.rightButton.isExternal\",\"footer.footerColumns.links.href\",\"footer.footerColumns.links.label\",\"footer.footerColumns.links.target\",\"footer.footerColumns.links.isExternal\",\"footer.socialNetworks.url\",\"footer.button.theme\",\"footer.button.link.href\",\"footer.button.link.label\",\"footer.button.link.target\",\"footer.button.link.isExternal\",\"footer.label\"],\"locales\":[\"en\",\"fr-FR\"]}','[]','2022-11-14','2022-11-14','',''),(398,'plugin::content-manager.explorer.create','api::article.article','{\"fields\":[\"title\",\"slug\",\"image\",\"blocks\",\"seo.metaTitle\",\"seo.metaDescription\",\"seo.metaImage\",\"seo.metaSocial.socialNetwork\",\"seo.metaSocial.title\",\"seo.metaSocial.description\",\"seo.metaSocial.image\",\"seo.keywords\",\"seo.metaRobots\",\"seo.structuredData\",\"seo.metaViewport\",\"seo.canonicalURL\",\"publicationState\",\"category\",\"editors\",\"publicationStages\",\"ckeditor_content\"],\"locales\":[\"en\",\"fr-FR\"]}','[]','2022-11-17','2022-11-17','',''),(399,'plugin::content-manager.explorer.read','api::article.article','{\"fields\":[\"title\",\"slug\",\"image\",\"blocks\",\"seo.metaTitle\",\"seo.metaDescription\",\"seo.metaImage\",\"seo.metaSocial.socialNetwork\",\"seo.metaSocial.title\",\"seo.metaSocial.description\",\"seo.metaSocial.image\",\"seo.keywords\",\"seo.metaRobots\",\"seo.structuredData\",\"seo.metaViewport\",\"seo.canonicalURL\",\"publicationState\",\"category\",\"editors\",\"publicationStages\",\"ckeditor_content\"],\"locales\":[\"en\",\"fr-FR\"]}','[]','2022-11-17','2022-11-17','',''),(400,'plugin::content-manager.explorer.update','api::article.article','{\"fields\":[\"title\",\"slug\",\"image\",\"blocks\",\"seo.metaTitle\",\"seo.metaDescription\",\"seo.metaImage\",\"seo.metaSocial.socialNetwork\",\"seo.metaSocial.title\",\"seo.metaSocial.description\",\"seo.metaSocial.image\",\"seo.keywords\",\"seo.metaRobots\",\"seo.structuredData\",\"seo.metaViewport\",\"seo.canonicalURL\",\"publicationState\",\"category\",\"editors\",\"publicationStages\",\"ckeditor_content\"],\"locales\":[\"en\",\"fr-FR\"]}','[]','2022-11-17','2022-11-17','','');
/*!40000 ALTER TABLE `admin_permissions` ENABLE KEYS */;
UNLOCK TABLES;

--
-- Table structure for table `admin_permissions_role_links`
--

DROP TABLE IF EXISTS `admin_permissions_role_links`;
/*!40101 SET @saved_cs_client     = @@character_set_client */;
/*!40101 SET character_set_client = utf8 */;
CREATE TABLE `admin_permissions_role_links` (
  `permission_id` smallint(6) DEFAULT NULL,
  `role_id` tinyint(4) DEFAULT NULL,
  `id` smallint(6) DEFAULT NULL,
  `permission_order` varchar(1) DEFAULT NULL
) ENGINE=InnoDB DEFAULT CHARSET=utf8mb4;
/*!40101 SET character_set_client = @saved_cs_client */;

--
-- Dumping data for table `admin_permissions_role_links`
--

LOCK TABLES `admin_permissions_role_links` WRITE;
/*!40000 ALTER TABLE `admin_permissions_role_links` DISABLE KEYS */;
INSERT INTO `admin_permissions_role_links` VALUES (5,2,1,''),(12,2,2,''),(19,2,3,''),(23,2,4,''),(26,2,5,''),(32,2,6,''),(33,2,7,''),(34,2,8,''),(35,2,9,''),(36,2,10,''),(41,3,11,''),(48,3,12,''),(55,3,13,''),(59,3,14,''),(62,3,15,''),(65,3,16,''),(66,3,17,''),(67,3,18,''),(68,3,19,''),(69,3,20,''),(70,1,21,''),(72,1,22,''),(75,1,23,''),(78,1,24,''),(80,1,25,''),(83,1,26,''),(86,1,27,''),(88,1,28,''),(91,1,29,''),(94,1,30,''),(96,1,31,''),(99,1,32,''),(105,1,33,''),(106,1,34,''),(107,1,35,''),(108,1,36,''),(109,1,37,''),(110,1,38,''),(111,1,39,''),(112,1,40,''),(113,1,41,''),(114,1,42,''),(115,1,43,''),(116,1,44,''),(117,1,45,''),(118,1,46,''),(119,1,47,''),(120,1,48,''),(121,1,49,''),(122,1,50,''),(123,1,51,''),(124,1,52,''),(125,1,53,''),(126,1,54,''),(127,1,55,''),(128,1,56,''),(129,1,57,''),(130,1,58,''),(131,1,59,''),(132,1,60,''),(133,1,61,''),(134,1,62,''),(135,1,63,''),(136,1,64,''),(137,1,65,''),(138,1,66,''),(139,1,67,''),(140,1,68,''),(141,1,69,''),(142,1,70,''),(143,1,71,''),(144,1,72,''),(145,1,73,''),(146,1,74,''),(147,1,75,''),(148,1,76,''),(77,1,77,''),(85,1,78,''),(93,1,79,''),(95,1,80,''),(100,1,81,''),(101,1,82,''),(102,1,83,''),(104,1,84,''),(152,1,85,''),(153,1,86,''),(163,1,87,''),(164,1,88,''),(168,1,92,''),(169,1,93,''),(173,1,94,''),(174,1,95,''),(178,3,96,''),(188,3,97,''),(192,3,98,''),(196,3,99,''),(209,2,100,''),(210,2,101,''),(220,2,102,''),(221,2,103,''),(225,2,104,''),(226,2,105,''),(230,2,106,''),(276,1,107,''),(277,1,108,''),(278,1,109,''),(279,1,110,''),(280,1,111,''),(281,1,112,''),(282,1,113,''),(283,1,114,''),(294,3,115,''),(295,3,116,''),(296,3,117,''),(297,3,118,''),(298,3,119,''),(299,3,120,''),(300,3,121,''),(301,3,122,''),(302,3,123,''),(303,3,124,''),(304,3,125,''),(305,3,126,''),(306,3,127,''),(307,3,128,''),(308,3,129,''),(309,2,130,''),(310,2,131,''),(311,2,132,''),(312,2,133,''),(313,2,134,''),(314,2,135,''),(315,2,136,''),(316,2,137,''),(317,2,138,''),(318,2,139,''),(319,2,140,''),(320,2,141,''),(321,2,142,''),(322,2,143,''),(323,2,144,''),(330,2,145,''),(331,2,146,''),(332,2,147,''),(333,2,148,''),(334,2,149,''),(335,2,150,''),(336,2,151,''),(337,2,152,''),(338,2,153,''),(339,2,154,''),(340,2,155,''),(341,2,156,''),(342,2,157,''),(343,2,158,''),(344,2,159,''),(349,1,163,''),(350,1,164,''),(351,1,165,''),(355,1,166,''),(356,1,167,''),(357,1,168,''),(358,1,169,''),(359,1,170,''),(360,1,171,''),(361,1,172,''),(380,1,173,'1'),(381,1,174,'2'),(382,1,175,'3'),(398,1,176,'4'),(399,1,177,'5'),(400,1,178,'6');
/*!40000 ALTER TABLE `admin_permissions_role_links` ENABLE KEYS */;
UNLOCK TABLES;

--
-- Table structure for table `admin_roles`
--

DROP TABLE IF EXISTS `admin_roles`;
/*!40101 SET @saved_cs_client     = @@character_set_client */;
/*!40101 SET character_set_client = utf8 */;
CREATE TABLE `admin_roles` (
  `id` tinyint(4) DEFAULT NULL,
  `name` varchar(11) DEFAULT NULL,
  `code` varchar(18) DEFAULT NULL,
  `description` varchar(71) DEFAULT NULL,
  `created_at` varchar(10) DEFAULT NULL,
  `updated_at` varchar(10) DEFAULT NULL,
  `created_by_id` varchar(0) DEFAULT NULL,
  `updated_by_id` varchar(0) DEFAULT NULL
) ENGINE=InnoDB DEFAULT CHARSET=utf8mb4;
/*!40101 SET character_set_client = @saved_cs_client */;

--
-- Dumping data for table `admin_roles`
--

LOCK TABLES `admin_roles` WRITE;
/*!40000 ALTER TABLE `admin_roles` DISABLE KEYS */;
INSERT INTO `admin_roles` VALUES (1,'Super Admin','strapi-super-admin','Super Admins can access and manage all features and settings.','2021-11-09','2021-11-09','',''),(2,'Editor','strapi-editor','Editors can manage and publish contents including those of other users.','2021-11-09','2022-09-22','',''),(3,'Author','strapi-author','Authors can manage the content they have created.','2021-11-09','2022-09-22','','');
/*!40000 ALTER TABLE `admin_roles` ENABLE KEYS */;
UNLOCK TABLES;

--
-- Table structure for table `admin_users`
--

DROP TABLE IF EXISTS `admin_users`;
/*!40101 SET @saved_cs_client     = @@character_set_client */;
/*!40101 SET character_set_client = utf8 */;
CREATE TABLE `admin_users` (
  `id` tinyint(4) DEFAULT NULL,
  `firstname` varchar(11) DEFAULT NULL,
  `lastname` varchar(0) DEFAULT NULL,
  `username` varchar(0) DEFAULT NULL,
  `email` varchar(21) DEFAULT NULL,
  `password` varchar(60) DEFAULT NULL,
  `reset_password_token` varchar(0) DEFAULT NULL,
  `registration_token` varchar(0) DEFAULT NULL,
  `is_active` tinyint(4) DEFAULT NULL,
  `blocked` tinyint(4) DEFAULT NULL,
  `prefered_language` varchar(0) DEFAULT NULL,
  `created_at` varchar(10) DEFAULT NULL,
  `updated_at` varchar(10) DEFAULT NULL,
  `created_by_id` varchar(0) DEFAULT NULL,
  `updated_by_id` varchar(0) DEFAULT NULL
) ENGINE=InnoDB DEFAULT CHARSET=utf8mb4;
/*!40101 SET character_set_client = @saved_cs_client */;

--
-- Dumping data for table `admin_users`
--

LOCK TABLES `admin_users` WRITE;
/*!40000 ALTER TABLE `admin_users` DISABLE KEYS */;
INSERT INTO `admin_users` VALUES (1,'Super Admin','','','admin@strapidemo.com','$2a$10$XtAbk9YGCCnPBCTi0m2SAOK8VsLdpakMH./OAG1U3nAquNRs75pii','','',1,0,'','2022-09-22','2022-10-19','',''),(2,'Editor','','','editor@strapidemo.com','$2a$10$nJQfEl.8bIiFtPyp7DtK/OBNgdA4oVDBsC6lwERkrvsVDflS5yfG.','','',1,0,'','2022-09-22','2022-10-19','',''),(3,'Author','','','author@strapidemo.com','$2a$10$HI12vHuM2qTJmZ0m8C5VAubDdsMroVX6YuZgg.dqhsyjuqI8pjyPy','','',1,0,'','2022-09-22','2022-09-22','','');
/*!40000 ALTER TABLE `admin_users` ENABLE KEYS */;
UNLOCK TABLES;

--
-- Table structure for table `admin_users_roles_links`
--

DROP TABLE IF EXISTS `admin_users_roles_links`;
/*!40101 SET @saved_cs_client     = @@character_set_client */;
/*!40101 SET character_set_client = utf8 */;
CREATE TABLE `admin_users_roles_links` (
  `user_id` tinyint(4) DEFAULT NULL,
  `role_id` tinyint(4) DEFAULT NULL,
  `id` tinyint(4) DEFAULT NULL,
  `role_order` varchar(0) DEFAULT NULL,
  `user_order` varchar(0) DEFAULT NULL
) ENGINE=InnoDB DEFAULT CHARSET=utf8mb4;
/*!40101 SET character_set_client = @saved_cs_client */;

--
-- Dumping data for table `admin_users_roles_links`
--

LOCK TABLES `admin_users_roles_links` WRITE;
/*!40000 ALTER TABLE `admin_users_roles_links` DISABLE KEYS */;
INSERT INTO `admin_users_roles_links` VALUES (3,3,1,'',''),(2,2,2,'',''),(1,1,3,'','');
/*!40000 ALTER TABLE `admin_users_roles_links` ENABLE KEYS */;
UNLOCK TABLES;

--
-- Table structure for table `articles`
--

DROP TABLE IF EXISTS `articles`;
/*!40101 SET @saved_cs_client     = @@character_set_client */;
/*!40101 SET character_set_client = utf8 */;
CREATE TABLE `articles` (
  `id` tinyint(4) DEFAULT NULL,
  `title` varchar(86) DEFAULT NULL,
  `slug` varchar(85) DEFAULT NULL,
  `created_at` varchar(10) DEFAULT NULL,
  `updated_at` varchar(10) DEFAULT NULL,
  `published_at` varchar(10) DEFAULT NULL,
  `created_by_id` tinyint(4) DEFAULT NULL,
  `updated_by_id` tinyint(4) DEFAULT NULL,
  `locale` varchar(5) DEFAULT NULL,
  `publication_state` varchar(21) DEFAULT NULL,
  `publication_stages` text,
  `sitemap_exclude` tinyint(4) DEFAULT NULL,
  `ckeditor_content` text
) ENGINE=InnoDB DEFAULT CHARSET=utf8mb4;
/*!40101 SET character_set_client = @saved_cs_client */;

--
-- Dumping data for table `articles`
--

LOCK TABLES `articles` WRITE;
/*!40000 ALTER TABLE `articles` DISABLE KEYS */;
INSERT INTO `articles` VALUES (1,'Here\'s why you have to try basque cuisine, according to a basque chef','here-s-why-you-have-to-try-basque-cuisine-according-to-a-basque-chef','2021-11-09','2022-11-16','2022-09-22',3,1,'en','Publication scheduled','{\"stages\":[{\"name\":\"In review\",\"message\":\"author@strapidemo.com marked this content as ready to be reviewed.\",\"date\":\"2022-09-22T09:09:41.266Z\"},{\"name\":\"Changes requested\",\"message\":\"editor@strapidemo.com requested some changes.\",\"date\":\"2022-10-22T09:10:02.906Z\"},{\"name\":\"In review\",\"message\":\"author@strapidemo.com made the requested changes.\",\"date\":\"2022-10-22T09:10:10.064Z\"},{\"name\":\"Publication scheduled\",\"message\":\"editor@strapidemo.com scheduled the publication of the entry.\",\"date\":\"2022-11-22T10:00:00.002Z\"}]}',0,'<p>Thanks to <a href=\"https://www.huffpost.com/entry/how-to-measure-the-restau_b_5475536\">Ferran Adri</a>, tapas, and a fascination with all things pork -- from chorizo to chicharrones -- Spanish cuisine has been a star in the food world in recent years. But a less familiar part of Spanish cuisine is Basque -- considerably unique and different from the broader Spanish cuisine that has been exported across the globe. Basque cuisine is worth getting to know, however, and with an influx of Basque-inspired restaurants in food-forward cities like New York, it appears that this culinary tradition is gaining the foothold it deserves.</p><p>Basque country lies in the North of Spain near the Bay of Biscay and in South Western France. With fertile ground for grains and vineyards in an area called lava, and good land for livestock breeding in Vizcaya and Guipzcoa, Basque country has a rich culinary heritage. It\'s no wonder then that today the region boasts <a href=\"http://www.euskoguide.com/food-drink-basque-country/michelin-star-restaurants.html\">almost 40 Michelin-starred restaurants</a>.</p><p>I spoke to the executive chef and owner of the new Basque-inspired restaurant <a href=\"http://huertasnyc.com/t\">Huertas</a> in New York City to learn more about the unique cuisine. Ten years ago, after working in some of New York\'s most prominent restaurants, chef Jonah Miller took off for Northern Spain to learn more. In April of this year, he opened his first restaurant, dedicated to the food he studied and fell in love with.</p><p><strong>I asked Jonah to describe some quintessential Basque dishes, and the overarching themes were salt cod and peppers.</strong></p><p><i>Salt Cod (in many forms), including:</i><br>- Kokotxas al Pil-Pil - Fish cheeks and throats in a \"pil-pil\" sauce, which refers to the sound made when shaking a cazuela to activate the natural gelatin in the fish cheeks.<br>- Tortilla de Bacalao - A salt cod omelet.<br>- Porrusalda - Potato, leek, salt cod soup.<br>Piperrada - Sauteed peppers (they use lots of peppers), onions, garlic and tomato, often served with a fried egg.<br>Stuffed Piquillo Peppers.<br>Marmitako - Tuna with potato and pepper stew.</p><p><strong>I also asked what some quintessential Basque beverages might be.</strong></p><blockquote><p>Sidra (cider), which is much dryer and funkier than ciders we are familiar with, and Txakoli, slightly effervescent white wine. Both are low in alcohol and highly acidic -- perfect to drink with pintxos.</p></blockquote><p><strong>So what are pintxos?</strong></p><blockquote><p>\"Pintxos are small, composed bites that unlike tapas, aren\'t meant to be shared,\" explained Miller. Fans of tapas but not always down to share every bite, we like the sound of pintxos. Basque restaurants are best known for pintxos, and at his restaurant, Miller naturally serves a variety.&nbsp;</p></blockquote><p>Among his favorites are:<br><i>Gildas - White anchovy, olive, and pickled pepper skewer (named after the 1946 Rita Hayworth role).</i><br><i>Soft Boiled Quail Egg with Black Anchovy and Piquillo Peppers.</i><br><i>Fried Eggplant with Honey and Goat Cheese (local eggplant just started).</i><br><i>Wood-Fired Chorizo with Pickled Carrots.</i></p><p><img src=\"/uploads/55_3a3cb7ffba_cf157a700b.jpg\" alt=\"Pintxos\">)</p><p><strong>Other than Pintxos, what are more distinguishing features of Basque cuisine that you won\'t find anywhere else?</strong></p><blockquote><p>Lots of salt cod. As far back at the 15th century Basques were the best ship builders in Europe and dominated the whaling trade. When the whaling trade dried up, they began going further into the north Atlantic to fish for cod, which they salted aboard the ship as a means of preservation and then brought home. So even though cod is not present in the waters around Spain, it is the fish most commonly used in the Basque country (though almost always dried). They use more Foie Gras than other areas of Spain.</p></blockquote><p><strong>Miller serves a lot of egg dishes at Huertas, so I wondered too how important eggs were in Basque cuisine.</strong></p><blockquote><p>In the Basque country, they enjoy eggs at all times of day throughout Spain... Eggs are often the canvas for beautiful seafood, produce, or charcuterie, such as wild mushrooms, local asparagus, Jamon...</p></blockquote><p><strong>I asked what brought him to Northern Spain in the first place and what drew him to the cuisine.</strong></p><blockquote><p>Ten years ago when I was growing up working in kitchens, Spain was at the forefront of influencing modern cooking techniques. So that was largely what attracted me to studying abroad in Madrid (as well as honing my Spanish speaking, which is helpful in NYC kitchens), as well as not knowing much about Spanish cuisine and looking forward to learning something new. When in Spain, I came to appreciate not the modern cooking, but how great the old-school pintxo and tapas bars were, how fun they were to dine in, and felt that we didn\'t have much representation for that experience in New York. Being a native New Yorker, I think we should have the best of everything available here, and wanted to bring more great Spanish food to our city.</p></blockquote><blockquote><p>The food and culture of the north of Spain translate better than the south of Spain to New York. For one thing, being closer to the rest of Europe, the north is more cosmopolitan and a bit more diverse. Also, the climate in the north (and accordingly produce) is not far off from that of New York.</p></blockquote><p><strong>Now I\'m hungry. I asked what a typical way to start and end a Basque meal is.</strong></p><blockquote><p>To start, Txakolina and simply cooked seafood. [To finish,] there are some delicious Basque vermouths, which are a bit sweet and are had after dinner or often in the afternoon (some of which we offer, as well as making our own). They do make caramels and toffees, as well as Turron, an almond nougat. All traditional ends to a meal. There are also many cakes and tarts that are traditional.</p></blockquote><p><strong>So now that I\'m ready to dive headfirst into Basque cuisine, what would be an approachable dish to try making at home?</strong></p><blockquote><p>Pintxos!! Go to Despana (a Spanish specialty foods store), pick up one or two cheeses, one or two cured meats, anchovies, a tin of seafood; the greenmarket for some seasonal produce and local honey; get some good bread, toothpicks, and start trying out different combinations. Try this cheese with honey and shaved carrots, those anchovies with tomato on toast.<br>&nbsp;</p></blockquote>'),(2,'What are chinese hamburgers and why aren\'t you eating them?','what-are-chinese-hamburgers-and-why-aren-t-you-eating-them','2021-11-11','2022-11-16','2022-09-22',3,1,'en','Published','{\"stages\":[{\"name\":\"In review\",\"message\":\"author@strapidemo.com marked this content as ready to be reviewed.\",\"date\":\"2022-09-22T09:09:41.266Z\"},{\"name\":\"Changes requested\",\"message\":\"editor@strapidemo.com requested some changes.\",\"date\":\"2022-10-22T09:10:02.906Z\"},{\"name\":\"In review\",\"message\":\"author@strapidemo.com made the requested changes.\",\"date\":\"2022-10-22T09:10:10.064Z\"},{\"name\":\"Published\",\"message\":\"editor@strapidemo.com published the entry.\",\"date\":\"2022-12-22T09:10:17.193Z\"}]}',0,'<p>The world\'s first hamburger doesn\'t come from where you think it comes from. It wasn\'t invented in the United States, and it didn\'t originate in Germany. No, the world\'s first hamburger comes from China.</p><h3>Wait, what?</h3><p>If you\'re scratching your head right now, you\'re not alone. But Chinese hamburgers are very real and they definitely predate the <a href=\"https://www.huffpost.com/entry/the-16-essential-regional_b_5682151\">hamburgers we call our own</a> in the U.S. Known as rou jia mo, which translates to \"meat burger\" or \"meat sandwich,\" they consist of chopped meat inside a pita-like bun, and they\'ve been around since the Qin dynasty, from about 221 BC to 207 BC. Despite the differences between this Chinese street food and our American-style <a href=\"https://www.huffpost.com/entry/perfect-way-to-eat-burger_n_4704188\">burgers</a>, the rou jia mo \"<a href=\"http://www.marcussamuelsson.com/news/street-food-rou-jia-mo-from-china\">has been called the world\'s first hamburger</a>\".</p><p>The rou jia mo originated in the Shaanxi Province of China, and is now eaten all over the country. It\'s typically prepared and eaten on the street. The dough for the bun, or mo, consists of a simple mixture of wheat flour, water and maybe yeast. Of course recipes may vary, but this basic equation makes for a chewy and subtle pillow for the delicious filling. While the mo is <a href=\"https://www.starchefs.com/cook/savory/technique/rou-jia-mo-chinese-hamburger\">traditionally baked in a clay oven</a>, today it\'s often fried in a pan. They may look a little like <a href=\"https://www.huffpost.com/entry/bao-facts_n_5000963\">Chinese steamed buns or baos</a>, but the dough for those is, of course, steamed, not baked or fried.</p><figure class=\"image image-style-side\"><img src=\"/uploads/fe006ed91f619568081af52979b77af3_52cac17456.jpeg\" alt=\"fe006ed91f619568081af52979b77af3.jpeg\"></figure><p>The meat filling might consist of chopped pork, beef, lamb, or chicken that has been stewed with a variety of spices, like ginger, cloves, coriander, and star anise. You might also find herbs like cilantro or greens like lettuce garnishing the sandwich.</p><p>If you\'ve never had a Chinese hamburger, now is as great a time as any to try one. <a href=\"http://www.chinasichuanfood.com/chinese-hamburger-pork-belly-buns/\">See here for a recipe for rou ji mo</a>, or watch the video below for step-by-step instructions for another great Chinese hamburger recipe.</p><p><br>&nbsp;</p>'),(3,'7 Places worth visiting for the food alone','7-places-worth-visiting-for-the-food-alone','2021-11-12','2022-11-16','2022-09-22',3,1,'en','Published','{\"stages\":[{\"name\":\"In review\",\"message\":\"author@strapidemo.com marked this content as ready to be reviewed.\",\"date\":\"2022-09-22T09:09:41.266Z\"},{\"name\":\"Changes requested\",\"message\":\"editor@strapidemo.com requested some changes.\",\"date\":\"2022-10-22T09:10:02.906Z\"},{\"name\":\"In review\",\"message\":\"author@strapidemo.com made the requested changes.\",\"date\":\"2022-10-22T09:10:10.064Z\"},{\"name\":\"Published\",\"message\":\"editor@strapidemo.com published the entry.\",\"date\":\"2022-12-22T09:10:17.193Z\"}]}',0,'<blockquote><p>There is no love sincerer than the love of food&nbsp;</p></blockquote><p>said George Bernard Shaw, and let us also add that there\'s arguably no better way to explore a culture than to eat voraciously while traveling. Yes, there are many five-star restaurants worth booking an entire trip for, but it\'s equally important to savor classic treats from across the world.</p><h3>Paella in Valencia, Spain</h3><figure class=\"image image-style-side image_resized\" style=\"width:25%;\"><img src=\"/uploads/5b9eeba22100003000c61e59_9098d9fb0a_176b2163c1_4b0b601b3c.jpeg\" alt=\"Paella in Valencia\"></figure><p>Its this classic rice-based dish that first pops to mind when thinking of Spanish gastronomy. For the best there is, head to the source: Valencia. And dont forget to scrape the bottom of the pan for heavenly bites of crunchy rice, or socarrat: the most flavorful arroz ever to land on your palate.</p><p>&nbsp;</p><h3>&nbsp;</h3><h3>&nbsp;</h3><h3>Nasi Lemak in Malaysia</h3><figure class=\"image image_resized\" style=\"width:50%;\"><img src=\"/uploads/5b9eeba22400005100542e38_cf4839f0ad_84f89b8451_742b9a1759.jpeg\" alt=\"Nasi Lemak\"></figure><p>Malaysias national dish, nasi lemak is a fragrant coconut-milk rice mixture, served with sambal sauce, fried crispy anchovies, toasted peanuts, and cucumber and cooked with screw pine (pandan) leaves. Available on almost every street corner, this much-loved classic hits all the notes.</p><h3>Pintxos in San Sebastin, Spain</h3><p><img class=\"image_resized\" style=\"width:25%;\" src=\"/uploads/5b9eeba32500003500370d46_7d51fc80cd_783924b96a_bdc848856f.jpeg\" alt=\"Pintxos in San Sebastin\"></p><p>Among the most highly ranked cities for Michelin-starred restaurants, San Sebastin boasts pintxos (the equivalent of small tapas) with ber-creative takes on classics and beyond. Spains haute cuisine shines in this culinary paradise on the Basque coast.</p><h3>&nbsp;</h3><h3>Pastel de Nata in Lisbon</h3><figure class=\"image image-style-side image_resized\" style=\"width:25%;\"><img src=\"/uploads/5b9eeba53c00005b000abbf4_be4ab6d075_e909882796_3908e6e816.jpeg\" alt=\"Pastel de Nata\"></figure><p>The most iconic Portuguese pastry, the <a href=\"http://www.bbc.com/travel/story/20111107-a-bit-of-history-in-every-sweet-bite\">pastel de nata</a> is a sublime custard tart with hints of lemon, cinnamon, and vanilla. Buttery goodness in the middle, crunchy sweetness on topwhats not to love?</p><h3>&nbsp;</h3><h3>&nbsp;</h3><h3>&nbsp;</h3><h3>Mole in Puebla, Mexico</h3><p><img class=\"image_resized\" style=\"width:25%;\" src=\"/uploads/5b9eeba62100003100c61e5b_d99dbc2910_75979ebd04_7afc2d1a5c.jpeg\" alt=\"Mole in Puebla\"></p><p>Mole, a specialty in the Mexican city of Puebla, is a labor of love. The spicy-sweet combination of this rich, chocolate-colored sauce takes arduous preparation and packs ingredients such as ancho chiles, spices like anise and coriander, sesame seeds, almonds, peanuts, stale bread, brown sugar, raisins, chocolate, and ripe plantains. The culminating dish is fit for the gods.</p><h3>Sichuan Hot Pot in China</h3><p><img class=\"image_resized\" style=\"width:50%;\" src=\"/uploads/5b9eeba82200005600da3822_01759bd55b_b46108e1aa_a310f83ff9.jpeg\" alt=\"Sichuan Hot Pot\"></p><p>This isnt for the faint of heart. But if youre an extreme spice lover, youll welcome the tears that come from the hot pots perfect nexus of pain and pleasure.</p><h3>Tagine in Morocco</h3><p><img class=\"image_resized\" style=\"width:50%;\" src=\"/uploads/5b9eeba93c000032000abbf6_12bb2e5346_9e0dac4fca_73bf6480cb.jpeg\" alt=\"Tagine in Morocco\"></p><p>This slow-cooked savory stew, typically made with sliced meat, poultry, or fish and lots of herbs and spices, is true Moroccan soul food. Cooked for hours in a clay cooking pot with a conical lid (known as a tagine), this irresistible dish is served with couscous or bread and can be found all over Morocco.</p>'),(4,'If you don\'t finish your plate in these countries, you might offend someone','if-you-don-t-finish-your-plate-in-these-countries-you-might-offend-someone','2021-11-15','2022-11-16','2022-09-22',3,1,'en','Published','{\"stages\":[{\"name\":\"In review\",\"message\":\"author@strapidemo.com marked this content as ready to be reviewed.\",\"date\":\"2022-09-22T09:09:41.266Z\"},{\"name\":\"Changes requested\",\"message\":\"editor@strapidemo.com requested some changes.\",\"date\":\"2022-10-22T09:10:02.906Z\"},{\"name\":\"In review\",\"message\":\"author@strapidemo.com made the requested changes.\",\"date\":\"2022-10-22T09:10:10.064Z\"},{\"name\":\"Published\",\"message\":\"editor@strapidemo.com published the entry.\",\"date\":\"2022-12-22T09:10:17.193Z\"}]}',0,'<p>Across the globe, there are many cultural differences that define each country. As a traveler, its important to educate yourself on what you should and shouldnt do when visiting a new locale.</p><p>And since food is such a big part of travel, its important to learn the dining etiquette of each nation. It differs greatly from place to place. For example, in many areas of China its considered a compliment to [burp after a meal](https://www.buzzfeed.com/adamellis/surprising-food-etiquette-rules-from-around-the-world)  a sign that youve eaten well  while stateside, that same act will get you some serious side-eye.</p><p>One easy way you can commit a faux pas while eating abroad is with your plate  should you wipe it clean or leave some food? It all depends on where you are.</p><p>Here are four nations where what you do with your plate matters. Study up before you make another big trip.</p><h3>India</h3><p>In India, you <a href=\"https://www.thrillist.com/eat/nation/international-food-customs-8-weird-food-etiquette-trends-from-around-the-world-thrillist-nation\">should finish everything</a> that is on your plate because it is <a href=\"http://www.culturewavesglobal.com/india-etiquette-\">considered a respect for the served food</a>, and food in India is considered sacred. In South India, where food can be served on a banana leaf, it is polite to fold your leaf over from the top  not from the bottom, because <a href=\"http://www.cntraveler.com/stories/2007-10-17/etiquette-101-india\">that indicates you were not satisfied</a>.</p><h3>Japan</h3><p>The same is true about finishing your plate in Japan. The Japanese consider it <a href=\"http://www.japan-talk.com/jt/new/in-Japan-you-need-to-finish-your-plate\">rude to leave food on your plate</a>, whether at home or at a restaurant. Its related to one of the fundamental concepts in Japanese culture, <a href=\"http://www.abc.net.au/radionational/programs/philosopherszone/avoiding-waste-with-the-japanese-concept-of-\'mottainai\'/6722720\">mottainai</a>, which is a feeling of regret at having wasted something.</p><h3>China</h3><p>In China, however, leaving behind an empty plate is a <a href=\"https://www.thrillist.com/eat/nation/international-food-customs-8-weird-food-etiquette-trends-from-around-the-world-thrillist-nation\">sign to the host that youre still hungry</a>. If you dont want to eat more food, consider leaving a little behind to let the host know <a href=\"http://www.healthytravelblog.com/2012/08/10/travel-etiquette-part-3-eating-without-embarrassing-yourself/\">you have had enough</a>.</p><p>&nbsp;</p><h3>Ethiopia</h3><p>Ethiopians dont even bother with plates. Individual plates <a href=\"https://www.lonelyplanet.com/asia/travel-tips-and-articles/76513?lpaffil=lp-affiliates\">are considered wasteful</a>. Folks share meals off of <a href=\"http://www.foodbycountry.com/Algeria-to-France/Ethiopia.html\">one big communal plate</a> and generally eat with their hands using injera  a type of flatbread  to pick up the food. So, dont even think about asking for your own plate.<br>&nbsp;</p>'),(9,'7 endroits  visiter pour la nourriture','7-endroits-a-visiter-pour-la-nourriture','2021-11-17','2022-11-16','2021-11-18',3,1,'fr-FR','Published','{\"stages\":[{\"name\":\"In review\",\"message\":\"author@strapidemo.com marked this content as ready to be reviewed.\",\"date\":\"2022-09-22T09:09:41.266Z\"},{\"name\":\"Changes requested\",\"message\":\"editor@strapidemo.com requested some changes.\",\"date\":\"2022-10-22T09:10:02.906Z\"},{\"name\":\"In review\",\"message\":\"author@strapidemo.com made the requested changes.\",\"date\":\"2022-10-22T09:10:10.064Z\"},{\"name\":\"Published\",\"message\":\"editor@strapidemo.com published the entry.\",\"date\":\"2022-12-22T09:10:17.193Z\"}]}',0,'<blockquote><p>Il n\'y a pas d\'amour plus sincre que l\'amour de la nourriture</p></blockquote><p>a dclar George Bernard Shaw, et ajoutons galement qu\'il n\'y a sans doute pas de meilleure faon d\'explorer une culture que de manger avec voracit en voyageant. Oui, il existe de nombreux restaurants cinq toiles pour lesquels il vaut la peine de rserver un voyage entier, mais il est tout aussi important de savourer des friandises classiques du monde entier.</p><h3>Paella  Valence, Espagne</h3><figure class=\"image image-style-side\"><img src=\"/uploads/5b9eeba22100003000c61e59_9098d9fb0a_176b2163c1_4b0b601b3c.jpeg\" alt=\"Paella in Valencia\"></figure><p>C\'est ce plat classique  base de riz qui vient d\'abord  l\'esprit lorsque l\'on pense  la gastronomie espagnole. Pour le meilleur, rendez-vous  la source : Valence. Et n\'oubliez pas de gratter le fond de la casserole pour des bouches paradisiaques de riz croquant ou de socarrat : l\'arroz le plus savoureux qui ait jamais atterri sur votre palais.</p><p>&nbsp;</p><p>&nbsp;</p><h3>Nasi Lemak en Malaisie</h3><figure class=\"image image_resized\" style=\"width:50%;\"><img src=\"/uploads/5b9eeba22400005100542e38_cf4839f0ad_84f89b8451_742b9a1759.jpeg\" alt=\"Nasi Lemak\"></figure><p>Le plat national de la Malaisie, le nasi lemak est un mlange de riz parfum au lait de coco, servi avec une sauce sambal, des anchois croustillants frits, des cacahutes grilles et du concombre et cuit avec des feuilles de pin  vis (pandan). Disponible  presque tous les coins de rue, ce classique trs apprci frappe toutes les notes.</p><h3>Pintxos  Saint-Sbastien, Espagne</h3><p><img src=\"/uploads/5b9eeba32500003500370d46_7d51fc80cd_783924b96a_bdc848856f.jpeg\" alt=\"Pintxos in San Sebastin\"></p><p>Parmi les villes les mieux classes pour les restaurants toils Michelin, Saint-Sbastien propose des pintxos (l\'quivalent de petites tapas) avec des versions ultra cratives des classiques et au-del. La haute cuisine espagnole brille dans ce paradis culinaire de la cte basque.</p><h3>Pastel de Nata  Lisbonne</h3><p><img src=\"/uploads/5b9eeba53c00005b000abbf4_be4ab6d075_e909882796_3908e6e816.jpeg\" alt=\"Pastel de Nata\"></p><p>La ptisserie portugaise la plus emblmatique, le <a href=\"http://www.bbc.com/travel/story/20111107-a-bit-of-history-in-every-sweet-bite\">pastel de nata</a> est une sublime tarte  la crme avec des notes de citron, de cannelle et de vanille. Bont beurre au milieu, douceur croquante sur le dessus, qu\'est-ce qu\'il ne faut pas aimer ?</p><h3>Mole  Puebla, Mexique</h3><p><img src=\"/uploads/5b9eeba62100003100c61e5b_d99dbc2910_75979ebd04_7afc2d1a5c.jpeg\" alt=\"Mole in Puebla\"></p><p>La taupe, une spcialit de la ville mexicaine de Puebla, est un travail d\'amour. La combinaison pice-douce de cette sauce riche et chocolate ncessite une prparation ardue et contient des ingrdients tels que des piments ancho, des pices comme l\'anis et la coriandre, des graines de ssame, des amandes, des arachides, du pain rassis, de la cassonade, des raisins secs, du chocolat et des bananes plantains mres. . Le plat culminant est digne des dieux.</p><h3>Hot Pot du Sichuan en Chine</h3><p><img src=\"/uploads/5b9eeba82200005600da3822_01759bd55b_b46108e1aa_a310f83ff9.jpeg\" alt=\"Sichuan Hot Pot\"></p><p>Ce n\'est pas pour les mes sensibles. Mais si vous tes un amoureux extrme des pices, vous accueillerez les larmes qui jaillissent du lien parfait de douleur et de plaisir de la fondue.</p><h3>Tajine au Maroc</h3><p><img src=\"/uploads/5b9eeba93c000032000abbf6_12bb2e5346_9e0dac4fca_73bf6480cb.jpeg\" alt=\"Tagine in Morocco\"></p><p>Ce ragot sal cuit lentement, gnralement compos de tranches de viande, de volaille ou de poisson et de beaucoup d\'herbes et d\'pices, est une vritable cuisine de l\'me marocaine. Cuit pendant des heures dans une marmite en terre cuite  couvercle conique (appele tajine), ce plat irrsistible est servi avec du couscous ou du pain et se retrouve partout au Maroc.</p>'),(10,'Voici pourquoi il faut essayer la cuisine basque, selon un chef basque','voici-pourquoi-il-faut-essayer-la-cuisine-basque-selon-un-chef-basque','2021-11-18','2022-11-16','2022-09-22',3,1,'fr-FR','Publication scheduled','{\"stages\":[{\"name\":\"In review\",\"message\":\"author@strapidemo.com marked this content as ready to be reviewed.\",\"date\":\"2022-09-22T09:09:41.266Z\"},{\"name\":\"Changes requested\",\"message\":\"editor@strapidemo.com requested some changes.\",\"date\":\"2022-10-22T09:10:02.906Z\"},{\"name\":\"In review\",\"message\":\"author@strapidemo.com made the requested changes.\",\"date\":\"2022-10-22T09:10:10.064Z\"},{\"name\":\"Publication scheduled\",\"message\":\"editor@strapidemo.com scheduled the publication of the entry.\",\"date\":\"2022-11-22T10:00:00.002Z\"}]}',0,'<p>Grce  <a href=\"https://www.huffpost.com/entry/how-to-measure-the-restau_b_5475536\">Ferran Adri</a>, des tapas et une fascination pour tout ce qui concerne le porc - du chorizo aux chicharrones - la cuisine espagnole a t une star dans le monde de l\'alimentation ces dernires annes. Mais une partie moins familire de la cuisine espagnole est basque - considrablement unique et diffrente de la cuisine espagnole plus large qui a t exporte  travers le monde. Cependant, la cuisine basque vaut la peine d\'tre connue, et avec un afflux de restaurants d\'inspiration basque dans des villes gourmandes comme New York, il semble que cette tradition culinaire prenne la place qu\'elle mrite.</p><p>Le Pays Basque se situe au nord de l\'Espagne prs du golfe de Gascogne et dans le sud-ouest de la France. Avec un sol fertile pour les crales et les vignobles dans une rgion appele lava, et de bonnes terres pour l\'levage en Biscaye et Guipzcoa, le pays basque possde un riche patrimoine culinaire. Il n\'est donc pas tonnant qu\'aujourd\'hui la rgion compte <a href=\"http://www.euskoguide.com/food-drink-basque-country/michelin-star-restaurants.html\">presque 40 restaurants toils Michelin</a>.</p><p>J\'ai parl au chef excutif et propritaire du nouveau restaurant d\'inspiration basque <a href=\"http://huertasnyc.com/t\">Huertas</a>  New York pour en savoir plus sur la cuisine unique. Il y a dix ans, aprs avoir travaill dans certains des restaurants les plus en vue de New York, le chef Jonah Miller s\'est envol pour le nord de l\'Espagne pour en savoir plus. En avril de cette anne, il a ouvert son premier restaurant, ddi  la nourriture qu\'il a tudie et dont il est tomb amoureux.</p><p><strong>J\'ai demand  Jonah de dcrire certains plats basques par excellence, et les thmes dominants taient la morue sale et les poivrons.</strong></p><p><i>Morue sale (sous de nombreuses formes), y compris</i>:<br>- Kokotxas al Pil-Pil - Joues et gorges de poisson dans une sauce \"pil-pil\", qui fait rfrence au son mis en secouant une cazuela pour activer la glatine naturelle dans les joues de poisson.<br>- Tortilla de Bacalao - Une omelette  la morue sale.<br>- Porrusalda - Soupe de pommes de terre, poireaux, morue sale.<br>Piperrada - Poivrons sauts (ils utilisent beaucoup de poivrons), oignons, ail et tomate, souvent servis avec un uf au plat.<br>Poivrons de Piquillo farcis.<br>Marmitako - Thon avec ragot de pommes de terre et poivrons.</p><p><strong>J\'ai galement demand quelles pourraient tre les boissons basques par excellence.</strong></p><blockquote><p>Sidra (cidre), beaucoup plus sec et funky que les cidres que nous connaissons, et Txakoli, vin blanc lgrement effervescent. Les deux sont faibles en alcool et trs acides - parfaits  boire avec des pintxos.</p></blockquote><p><strong>Alors, que sont les pintxos ?</strong></p><blockquote><p>\"Les pintxos sont de petites bouches composes qui, contrairement aux tapas, ne sont pas destines  tre partages\", a expliqu Miller. Amateurs de tapas mais pas toujours prts  partager chaque bouche, on aime le son des pintxos. Les restaurants basques sont surtout connus pour les pintxos, et dans son restaurant, Miller sert naturellement une varit. Parmi ses favoris figurent :<br><i>Gildas - Brochette d\'anchois blancs, d\'olives et de poivrons marins (nomme d\'aprs le rle de Rita Hayworth en 1946).</i><br><i>Egguf de caille mollet aux anchois noirs et piments piquillos.</i><br><i>Aubergine frite au miel et au fromage de chvre (l\'aubergine locale vient de commencer).</i><br><i>Chorizo au feu de bois avec carottes marines.</i></p></blockquote><p><img src=\"/uploads/55_3a3cb7ffba_cf157a700b.jpg\" alt=\"Pintxos\"></p><p><strong>Au-del des pintxos, quelles sont les caractristiques les plus distinctives de la cuisine basque que vous ne trouverez nulle part ailleurs ?</strong></p><blockquote><p>Beaucoup de morue sale. Ds le XVe sicle, les Basques taient les meilleurs constructeurs de navires d\'Europe et dominaient le commerce de la chasse  la baleine. Lorsque le commerce de la chasse  la baleine s\'est tari, ils ont commenc  aller plus loin dans l\'Atlantique Nord pour pcher la morue, qu\'ils ont sale  bord du navire comme moyen de conservation et qu\'ils ont ensuite ramene chez eux. Ainsi, mme si la morue n\'est pas prsente dans les eaux autour de l\'Espagne, c\'est le poisson le plus couramment utilis au Pays basque (bien que presque toujours sch). Ils utilisent plus de Foie Gras que d\'autres rgions d\'Espagne.</p></blockquote><p><strong>Miller sert beaucoup de plats aux ufs  Huertas, alors je me suis demand aussi quelle tait l\'importance des ufs dans la cuisine basque.</strong></p><blockquote><p>[Au Pays basque] on se rgale d\'ufs  toute heure de la journe dans toute l\'Espagne... Les ufs sont souvent la toile de beaux fruits de mer, produits frais ou charcuterie, comme les champignons sauvages, les asperges locales, le jambon...</p></blockquote><p><strong>J\'ai demand ce qui l\'avait amen dans le nord de l\'Espagne en premier lieu et ce qui l\'avait attir vers la cuisine.</strong></p><blockquote><p>Il y a dix ans, lorsque j\'ai grandi dans la cuisine, l\'Espagne tait  l\'avant-garde pour influencer les techniques de cuisson modernes. C\'est donc en grande partie ce qui m\'a attir  tudier  l\'tranger  Madrid (ainsi qu\' perfectionner mon espagnol, ce qui est utile dans les cuisines de New York), ainsi qu\' ne pas trop connatre la cuisine espagnole et  avoir hte d\'apprendre quelque chose de nouveau. Quand en Espagne, j\'ai appris  apprcier non pas la cuisine moderne, mais  quel point les bars  pintxo et  tapas  l\'ancienne taient formidables,  quel point ils taient amusants  dner et j\'ai senti que nous n\'avions pas beaucoup de reprsentation pour cette exprience  New York. tant originaire de New York, je pense que nous devrions avoir le meilleur de tout ce qui est disponible ici et que nous voulions apporter plus de bonne cuisine espagnole dans notre ville.</p></blockquote>'),(11,'Si vous ne finissez pas votre assiette dans ces pays, vous pourriez offenser quelqu\'un','si-vous-ne-finissez-pas-votre-assiette-dans-ces-pays-vous-pourriez-offenser-quelqu-un','2021-11-23','2022-11-16','2021-11-25',3,1,'fr-FR','Published','{\"stages\":[{\"name\":\"In review\",\"message\":\"author@strapidemo.com marked this content as ready to be reviewed.\",\"date\":\"2022-09-22T09:09:41.266Z\"},{\"name\":\"Changes requested\",\"message\":\"editor@strapidemo.com requested some changes.\",\"date\":\"2022-10-22T09:10:02.906Z\"},{\"name\":\"In review\",\"message\":\"author@strapidemo.com made the requested changes.\",\"date\":\"2022-10-22T09:10:10.064Z\"},{\"name\":\"Published\",\"message\":\"editor@strapidemo.com published the entry.\",\"date\":\"2022-12-22T09:10:17.193Z\"}]}',0,'<p>Partout dans le monde, il existe de nombreuses diffrences culturelles qui dfinissent chaque pays. En tant que voyageur, il est important de vous renseigner sur ce que vous devriez et ne devriez pas faire lorsque vous visitez un nouveau lieu.</p><p>Et puisque la nourriture est une si grande partie du voyage, il est important d\'apprendre l\'tiquette  manger de chaque nation. Il diffre grandement d\'un endroit  l\'autre. Par exemple, dans de nombreuses rgions de Chine, il est considr comme un compliment de <a href=\"https://www.buzzfeed.com/adamellis/surprising-food-etiquette-rules-from-around-the-world\">roter aprs un repas</a>  un signe que vous avez bien mang  alors qu\'aux tats-Unis, ce mme acte vous attirera un srieux il de ct.</p><p>Un moyen facile de commettre un faux pas en mangeant  l\'tranger est d\'utiliser votre assiette  devez-vous l\'essuyer ou laisser de la nourriture ? Tout dpend de l\'endroit o vous vous trouvez.</p><p>Voici quatre nations o ce que vous faites avec votre assiette compte. tudiez avant de faire un autre grand voyage.</p><h3>Inde</h3><p>En Inde, vous <a href=\"https://www.thrillist.com/eat/nation/international-food-customs-8-weird-food-etiquette-trends-from-around-the-world-thrillist-nation\">devriez tout finir</a> qui est dans votre assiette car elle est <a href=\"http://www.culturewavesglobal.com/india-etiquette-\">considre comme un respect pour la nourriture servie</a>, et la nourriture en Inde est considre comme sacre. En Inde du Sud, o la nourriture peut tre servie sur une feuille de bananier, il est poli de replier votre feuille par le haut et non par le bas, car <a href=\"http://www.cntraveler.com /stories/2007-10-17/etiquette-101-india\">cela indique que vous n\'tiez pas satisfait</a>.</p><h3>Japon</h3><p>Il en va de mme pour la finition de votre assiette au Japon. Les Japonais trouvent [impoli de laisser de la nourriture dans votre assiette](http://www.japan-talk.com/jt/new/in-Japan-you-need-to-finish-your-plate), que ce soit  la maison ou au restaurant. Il est li  l\'un des concepts fondamentaux de la culture japonaise, [mottainai](http://www.abc.net.au/radionational/programs/philosopherszone/avoiding-waste-with-the-japanese-concept-of-\'mottainai \'/6722720), qui est un sentiment de regret d\'avoir gaspill quelque chose.</p><h3>Chine</h3><p>En Chine, cependant, laisser une assiette vide est un <a href=\"https://www.thrillist.com/eat/nation/international-food-customs-8-weird-food-tiquette-tendances-de-dans-le-monde-thrillist-nation\">signe  l\'hte que vous avez encore faim</a>. Si vous ne voulez pas manger plus de nourriture, envisagez de laisser un peu de ct pour informer l\'hte <a href=\"http://www.healthytravelblog.com/2012/08/10/travel-etiquette-part- 3-manger-sans-s\'embarrasser/\">vous en avez assez</a>.</p><h3><br>thiopie</h3><p>Les thiopiens ne se soucient mme pas des assiettes. Les plaques individuelles <a href=\"https://www.lonelyplanet.com/asia/travel-tips-and-articles/76513\">sont considres comme du gaspillage</a>. Les gens partagent leurs repas sur <a href=\"http://www.foodbycountry.com/Algeria-to-France/Ethiopia.html\">une grande assiette commune</a>, et mangent gnralement avec leurs mains en utilisant l\'injera  un type de pain plat  pour choisir jusqu\' la nourriture. Alors, ne pensez mme pas  demander votre propre assiette.</p>'),(12,'Que sont les hamburgers chinois et pourquoi n\'en mangez-vous pas ?','que-sont-les-hamburgers-chinois-et-pourquoi-n-en-mangez-vous-pas','2021-11-26','2022-11-16','2021-11-29',3,1,'fr-FR','Published','{\"stages\":[{\"name\":\"In review\",\"message\":\"author@strapidemo.com marked this content as ready to be reviewed.\",\"date\":\"2022-09-22T09:09:41.266Z\"},{\"name\":\"Changes requested\",\"message\":\"editor@strapidemo.com requested some changes.\",\"date\":\"2022-10-22T09:10:02.906Z\"},{\"name\":\"In review\",\"message\":\"author@strapidemo.com made the requested changes.\",\"date\":\"2022-10-22T09:10:10.064Z\"},{\"name\":\"Published\",\"message\":\"editor@strapidemo.com published the entry.\",\"date\":\"2022-12-22T09:10:17.193Z\"}]}',0,'<p>Le premier hamburger au monde ne vient pas d\'o vous pensez qu\'il vient. Il n\'a pas t invent aux tats-Unis et il n\'est pas originaire d\'Allemagne. Non, le premier hamburger au monde vient de Chine.</p><h3>Attendez, quoi ?</h3><p>Si vous vous grattez la tte en ce moment, vous n\'tes pas seul. Mais les hamburgers chinois sont bien rels et ils sont certainement antrieurs aux <a href=\"https://www.huffpost.com/entry/the-16-essential-regional_b_5682151\">hamburgers que nous appelons les ntres</a> aux tats-Unis Connu sous le nom de rou jia mo, qui se traduit   hamburger  la viande  ou  sandwich  la viande , ils consistent en de la viande hache  l\'intrieur d\'un petit pain de type pita, et ils existent depuis la dynastie Qin, d\'environ 221 avant JC  207 avant JC. Malgr les diffrences entre cette cuisine de rue chinoise et nos <a href=\"https://www.huffpost.com/entry/perfect-way-to-eat-burger_n_4704188\">burgers</a>  l\'amricaine, le rou jia mo \"<a href=\"http://www.marcussamuelsson.com/news/street-food-rou-jia-mo-from-china\">a t appel le premier hamburger au monde</a>\".</p><p>Le rou jia mo est originaire de la province chinoise du Shaanxi et est maintenant consomm dans tout le pays. Il est gnralement prpar et mang dans la rue. La pte pour le petit pain, ou mo, se compose d\'un simple mlange de farine de bl, d\'eau et peut-tre de levure. Bien sr, les recettes peuvent varier, mais cette quation de base en fait un oreiller moelleux et subtil pour une dlicieuse garniture. Alors que le mo est <a href=\"https://www.starchefs.com/cook/savory/technique/rou-jia-mo-chinese-hamburger\">traditionnellement cuit dans un four d\'argile</a>, aujourd\'hui, il est souvent frit dans une pole. Ils peuvent ressembler un peu  <a href=\"https://www.huffpost.com/entry/bao-facts_n_5000963\">des petits pains ou des baos cuits  la vapeur chinois</a>, mais la pte pour ceux-ci est, bien sr, cuite  la vapeur, pas cuite ni frite.</p><figure class=\"image image-style-side\"><img src=\"/uploads/f59304_eda97f6eaaad4c96a80de0d235813138_mv2_128aac85a3_dc9e03b0f1.webp\" alt=\"Chinese hamburgers\"></figure><p>La garniture  base de viande peut tre compose de porc, de buf, d\'agneau ou de poulet hach qui a t mijot avec une varit d\'pices, comme le gingembre, les clous de girofle, la coriandre et l\'anis toil. Vous pouvez galement trouver des herbes comme la coriandre ou des lgumes verts comme la laitue pour garnir le sandwich.</p><p>Si vous n\'avez jamais mang de hamburger chinois, c\'est le moment idal pour en essayer un. <a href=\"http://www.chinasichuanfood.com/chinese-hamburger-pork-belly-buns/\">Voir ici pour une recette de rou ji mo</a>, ou regardez la vido ci-dessous pour des instructions tape par tape pour un autre grand chinois recette de hamburgers.<br>&nbsp;</p>');
/*!40000 ALTER TABLE `articles` ENABLE KEYS */;
UNLOCK TABLES;

--
-- Table structure for table `articles_category_links`
--

DROP TABLE IF EXISTS `articles_category_links`;
/*!40101 SET @saved_cs_client     = @@character_set_client */;
/*!40101 SET character_set_client = utf8 */;
CREATE TABLE `articles_category_links` (
  `article_id` tinyint(4) DEFAULT NULL,
  `category_id` tinyint(4) DEFAULT NULL,
  `id` tinyint(4) DEFAULT NULL,
  `article_order` varchar(0) DEFAULT NULL
) ENGINE=InnoDB DEFAULT CHARSET=utf8mb4;
/*!40101 SET character_set_client = @saved_cs_client */;

--
-- Dumping data for table `articles_category_links`
--

LOCK TABLES `articles_category_links` WRITE;
/*!40000 ALTER TABLE `articles_category_links` DISABLE KEYS */;
INSERT INTO `articles_category_links` VALUES (1,4,1,''),(4,3,2,''),(2,13,3,''),(9,3,4,''),(12,13,5,''),(11,3,6,''),(10,4,7,''),(3,3,8,'');
/*!40000 ALTER TABLE `articles_category_links` ENABLE KEYS */;
UNLOCK TABLES;

--
-- Table structure for table `articles_components`
--

DROP TABLE IF EXISTS `articles_components`;
/*!40101 SET @saved_cs_client     = @@character_set_client */;
/*!40101 SET character_set_client = utf8 */;
CREATE TABLE `articles_components` (
  `id` smallint(6) DEFAULT NULL,
  `entity_id` tinyint(4) DEFAULT NULL,
  `component_id` tinyint(4) DEFAULT NULL,
  `component_type` varchar(23) DEFAULT NULL,
  `field` varchar(6) DEFAULT NULL,
  `order` tinyint(4) DEFAULT NULL
) ENGINE=InnoDB DEFAULT CHARSET=utf8mb4;
/*!40101 SET character_set_client = @saved_cs_client */;

--
-- Dumping data for table `articles_components`
--

LOCK TABLES `articles_components` WRITE;
/*!40000 ALTER TABLE `articles_components` DISABLE KEYS */;
INSERT INTO `articles_components` VALUES (316,1,1,'shared.seo','seo',1),(320,4,4,'shared.seo','seo',1),(322,2,2,'shared.seo','seo',1),(326,9,5,'shared.seo','seo',1),(328,12,12,'shared.seo','seo',1),(332,11,11,'shared.seo','seo',1),(335,10,10,'shared.seo','seo',1),(345,3,3,'shared.seo','seo',1),(494,9,5,'blocks.related-articles','blocks',1),(495,9,3,'blocks.faq','blocks',2),(496,9,4,'blocks.cta-command-line','blocks',3),(498,3,1,'blocks.related-articles','blocks',1),(499,3,1,'blocks.faq','blocks',2),(500,3,1,'blocks.cta-command-line','blocks',3),(505,1,2,'blocks.related-articles','blocks',1),(506,1,2,'blocks.cta-command-line','blocks',2),(511,10,6,'blocks.related-articles','blocks',1),(512,10,5,'blocks.cta-command-line','blocks',2),(518,4,3,'blocks.related-articles','blocks',1),(519,4,2,'blocks.faq','blocks',2),(520,4,3,'blocks.cta-command-line','blocks',3),(522,11,7,'blocks.related-articles','blocks',1),(523,11,4,'blocks.faq','blocks',2),(524,11,6,'blocks.cta-command-line','blocks',3),(534,12,8,'blocks.related-articles','blocks',1),(540,2,4,'blocks.related-articles','blocks',1);
/*!40000 ALTER TABLE `articles_components` ENABLE KEYS */;
UNLOCK TABLES;

--
-- Table structure for table `articles_editors_links`
--

DROP TABLE IF EXISTS `articles_editors_links`;
/*!40101 SET @saved_cs_client     = @@character_set_client */;
/*!40101 SET character_set_client = utf8 */;
CREATE TABLE `articles_editors_links` (
  `article_id` tinyint(4) DEFAULT NULL,
  `user_id` tinyint(4) DEFAULT NULL,
  `id` tinyint(4) DEFAULT NULL,
  `user_order` varchar(0) DEFAULT NULL
) ENGINE=InnoDB DEFAULT CHARSET=utf8mb4;
/*!40101 SET character_set_client = @saved_cs_client */;

--
-- Dumping data for table `articles_editors_links`
--

LOCK TABLES `articles_editors_links` WRITE;
/*!40000 ALTER TABLE `articles_editors_links` DISABLE KEYS */;
INSERT INTO `articles_editors_links` VALUES (1,2,1,''),(4,2,2,''),(2,2,3,''),(9,2,4,''),(12,2,5,''),(11,2,6,''),(10,2,7,''),(3,2,8,'');
/*!40000 ALTER TABLE `articles_editors_links` ENABLE KEYS */;
UNLOCK TABLES;

--
-- Table structure for table `articles_localizations_links`
--

DROP TABLE IF EXISTS `articles_localizations_links`;
/*!40101 SET @saved_cs_client     = @@character_set_client */;
/*!40101 SET character_set_client = utf8 */;
CREATE TABLE `articles_localizations_links` (
  `article_id` tinyint(4) DEFAULT NULL,
  `inv_article_id` tinyint(4) DEFAULT NULL,
  `id` tinyint(4) DEFAULT NULL,
  `article_order` varchar(0) DEFAULT NULL
) ENGINE=InnoDB DEFAULT CHARSET=utf8mb4;
/*!40101 SET character_set_client = @saved_cs_client */;

--
-- Dumping data for table `articles_localizations_links`
--

LOCK TABLES `articles_localizations_links` WRITE;
/*!40000 ALTER TABLE `articles_localizations_links` DISABLE KEYS */;
INSERT INTO `articles_localizations_links` VALUES (9,3,1,''),(3,9,2,''),(10,1,3,''),(1,10,4,''),(11,4,5,''),(4,11,6,''),(12,2,7,''),(2,12,8,'');
/*!40000 ALTER TABLE `articles_localizations_links` ENABLE KEYS */;
UNLOCK TABLES;

--
-- Table structure for table `blog_pages`
--

DROP TABLE IF EXISTS `blog_pages`;
/*!40101 SET @saved_cs_client     = @@character_set_client */;
/*!40101 SET character_set_client = utf8 */;
CREATE TABLE `blog_pages` (
  `id` tinyint(4) DEFAULT NULL,
  `slug` varchar(4) DEFAULT NULL,
  `category_text` varchar(9) DEFAULT NULL,
  `articles_per_page` tinyint(4) DEFAULT NULL,
  `created_at` varchar(10) DEFAULT NULL,
  `updated_at` varchar(10) DEFAULT NULL,
  `published_at` varchar(10) DEFAULT NULL,
  `created_by_id` varchar(0) DEFAULT NULL,
  `updated_by_id` varchar(1) DEFAULT NULL,
  `locale` varchar(5) DEFAULT NULL,
  `sitemap_exclude` tinyint(4) DEFAULT NULL
) ENGINE=InnoDB DEFAULT CHARSET=utf8mb4;
/*!40101 SET character_set_client = @saved_cs_client */;

--
-- Dumping data for table `blog_pages`
--

LOCK TABLES `blog_pages` WRITE;
/*!40000 ALTER TABLE `blog_pages` DISABLE KEYS */;
INSERT INTO `blog_pages` VALUES (1,'blog','Category',6,'2021-11-23','2022-11-17','2021-11-23','','1','en',0),(2,'blog','Categorie',6,'2021-11-23','2022-11-17','2021-12-13','','','fr-FR',0);
/*!40000 ALTER TABLE `blog_pages` ENABLE KEYS */;
UNLOCK TABLES;

--
-- Table structure for table `blog_pages_components`
--

DROP TABLE IF EXISTS `blog_pages_components`;
/*!40101 SET @saved_cs_client     = @@character_set_client */;
/*!40101 SET character_set_client = utf8 */;
CREATE TABLE `blog_pages_components` (
  `id` tinyint(4) DEFAULT NULL,
  `entity_id` tinyint(4) DEFAULT NULL,
  `component_id` tinyint(4) DEFAULT NULL,
  `component_type` varchar(23) DEFAULT NULL,
  `field` varchar(6) DEFAULT NULL,
  `order` tinyint(4) DEFAULT NULL
) ENGINE=InnoDB DEFAULT CHARSET=utf8mb4;
/*!40101 SET character_set_client = @saved_cs_client */;

--
-- Dumping data for table `blog_pages_components`
--

LOCK TABLES `blog_pages_components` WRITE;
/*!40000 ALTER TABLE `blog_pages_components` DISABLE KEYS */;
INSERT INTO `blog_pages_components` VALUES (10,1,69,'shared.header','header',1),(12,1,1,'shared.seo','seo',1),(13,2,70,'shared.header','header',1),(14,2,12,'blocks.cta-command-line','blocks',1),(15,2,3,'shared.seo','seo',1),(20,1,11,'blocks.cta-command-line','blocks',1);
/*!40000 ALTER TABLE `blog_pages_components` ENABLE KEYS */;
UNLOCK TABLES;

--
-- Table structure for table `blog_pages_localizations_links`
--

DROP TABLE IF EXISTS `blog_pages_localizations_links`;
/*!40101 SET @saved_cs_client     = @@character_set_client */;
/*!40101 SET character_set_client = utf8 */;
CREATE TABLE `blog_pages_localizations_links` (
  `blog_page_id` tinyint(4) DEFAULT NULL,
  `inv_blog_page_id` tinyint(4) DEFAULT NULL,
  `id` tinyint(4) DEFAULT NULL,
  `blog_page_order` varchar(0) DEFAULT NULL
) ENGINE=InnoDB DEFAULT CHARSET=utf8mb4;
/*!40101 SET character_set_client = @saved_cs_client */;

--
-- Dumping data for table `blog_pages_localizations_links`
--

LOCK TABLES `blog_pages_localizations_links` WRITE;
/*!40000 ALTER TABLE `blog_pages_localizations_links` DISABLE KEYS */;
INSERT INTO `blog_pages_localizations_links` VALUES (2,1,1,''),(1,2,2,'');
/*!40000 ALTER TABLE `blog_pages_localizations_links` ENABLE KEYS */;
UNLOCK TABLES;

--
-- Table structure for table `categories`
--

DROP TABLE IF EXISTS `categories`;
/*!40101 SET @saved_cs_client     = @@character_set_client */;
/*!40101 SET character_set_client = utf8 */;
CREATE TABLE `categories` (
  `id` tinyint(4) DEFAULT NULL,
  `name` varchar(13) DEFAULT NULL,
  `slug` varchar(13) DEFAULT NULL,
  `created_at` varchar(10) DEFAULT NULL,
  `updated_at` varchar(10) DEFAULT NULL,
  `created_by_id` varchar(0) DEFAULT NULL,
  `updated_by_id` varchar(0) DEFAULT NULL,
  `sitemap_exclude` tinyint(4) DEFAULT NULL
) ENGINE=InnoDB DEFAULT CHARSET=utf8mb4;
/*!40101 SET character_set_client = @saved_cs_client */;

--
-- Dumping data for table `categories`
--

LOCK TABLES `categories` WRITE;
/*!40000 ALTER TABLE `categories` DISABLE KEYS */;
INSERT INTO `categories` VALUES (3,'International','international','2021-11-09','2021-11-09','','',0),(4,'European','european','2021-11-09','2021-11-09','','',0),(5,'American','american','2021-11-09','2021-11-09','','',0),(6,'Michelin','michelin','2021-11-09','2021-11-09','','',0),(8,'Vietnamese','vietnamese','2021-11-09','2021-11-09','','',0),(9,'Russian','russian','2021-11-09','2021-11-09','','',0),(10,'Lebanese','lebanese','2021-11-09','2021-11-09','','',0),(11,'French','french','2021-11-09','2021-11-09','','',0),(12,'Dinnner Bar','dinnner-bar','2021-11-09','2021-11-09','','',0),(13,'Chinese','chinese','2021-11-09','2021-11-09','','',0);
/*!40000 ALTER TABLE `categories` ENABLE KEYS */;
UNLOCK TABLES;

--
-- Table structure for table `components_article_related_articles`
--

DROP TABLE IF EXISTS `components_article_related_articles`;
/*!40101 SET @saved_cs_client     = @@character_set_client */;
/*!40101 SET character_set_client = utf8 */;
CREATE TABLE `components_article_related_articles` (
  `id` tinyint(4) DEFAULT NULL
) ENGINE=InnoDB DEFAULT CHARSET=utf8mb4;
/*!40101 SET character_set_client = @saved_cs_client */;

--
-- Dumping data for table `components_article_related_articles`
--

LOCK TABLES `components_article_related_articles` WRITE;
/*!40000 ALTER TABLE `components_article_related_articles` DISABLE KEYS */;
INSERT INTO `components_article_related_articles` VALUES (1),(2),(3),(4),(5),(6),(7),(8);
/*!40000 ALTER TABLE `components_article_related_articles` ENABLE KEYS */;
UNLOCK TABLES;

--
-- Table structure for table `components_article_related_articles_articles_links`
--

DROP TABLE IF EXISTS `components_article_related_articles_articles_links`;
/*!40101 SET @saved_cs_client     = @@character_set_client */;
/*!40101 SET character_set_client = utf8 */;
CREATE TABLE `components_article_related_articles_articles_links` (
  `related_articles_id` tinyint(4) DEFAULT NULL,
  `article_id` tinyint(4) DEFAULT NULL,
  `id` tinyint(4) DEFAULT NULL,
  `article_order` varchar(0) DEFAULT NULL
) ENGINE=InnoDB DEFAULT CHARSET=utf8mb4;
/*!40101 SET character_set_client = @saved_cs_client */;

--
-- Dumping data for table `components_article_related_articles_articles_links`
--

LOCK TABLES `components_article_related_articles_articles_links` WRITE;
/*!40000 ALTER TABLE `components_article_related_articles_articles_links` DISABLE KEYS */;
INSERT INTO `components_article_related_articles_articles_links` VALUES (2,4,1,''),(2,3,2,''),(2,2,3,''),(4,4,4,''),(4,3,5,''),(4,1,6,''),(5,10,7,''),(5,12,8,''),(5,11,9,''),(8,9,10,''),(8,10,11,''),(8,11,12,''),(7,9,13,''),(7,10,14,''),(7,12,15,''),(6,9,16,''),(6,11,17,''),(6,12,18,''),(1,4,19,''),(1,1,20,''),(1,2,21,'');
/*!40000 ALTER TABLE `components_article_related_articles_articles_links` ENABLE KEYS */;
UNLOCK TABLES;

--
-- Table structure for table `components_article_related_articles_components`
--

DROP TABLE IF EXISTS `components_article_related_articles_components`;
/*!40101 SET @saved_cs_client     = @@character_set_client */;
/*!40101 SET character_set_client = utf8 */;
CREATE TABLE `components_article_related_articles_components` (
  `id` tinyint(4) DEFAULT NULL,
  `entity_id` tinyint(4) DEFAULT NULL,
  `component_id` tinyint(4) DEFAULT NULL,
  `component_type` varchar(13) DEFAULT NULL,
  `field` varchar(6) DEFAULT NULL,
  `order` tinyint(4) DEFAULT NULL
) ENGINE=InnoDB DEFAULT CHARSET=utf8mb4;
/*!40101 SET character_set_client = @saved_cs_client */;

--
-- Dumping data for table `components_article_related_articles_components`
--

LOCK TABLES `components_article_related_articles_components` WRITE;
/*!40000 ALTER TABLE `components_article_related_articles_components` DISABLE KEYS */;
INSERT INTO `components_article_related_articles_components` VALUES (79,2,2,'shared.header','header',1),(80,5,5,'shared.header','header',1),(81,8,8,'shared.header','header',1),(82,7,7,'shared.header','header',1),(83,6,6,'shared.header','header',1),(85,1,1,'shared.header','header',1);
/*!40000 ALTER TABLE `components_article_related_articles_components` ENABLE KEYS */;
UNLOCK TABLES;

--
-- Table structure for table `components_blocks_cta_command_lines`
--

DROP TABLE IF EXISTS `components_blocks_cta_command_lines`;
/*!40101 SET @saved_cs_client     = @@character_set_client */;
/*!40101 SET character_set_client = utf8 */;
CREATE TABLE `components_blocks_cta_command_lines` (
  `id` tinyint(4) DEFAULT NULL,
  `theme` varchar(9) DEFAULT NULL,
  `title` varchar(47) DEFAULT NULL,
  `text` varchar(32) DEFAULT NULL,
  `command_line` varchar(45) DEFAULT NULL
) ENGINE=InnoDB DEFAULT CHARSET=utf8mb4;
/*!40101 SET character_set_client = @saved_cs_client */;

--
-- Dumping data for table `components_blocks_cta_command_lines`
--

LOCK TABLES `components_blocks_cta_command_lines` WRITE;
/*!40000 ALTER TABLE `components_blocks_cta_command_lines` DISABLE KEYS */;
INSERT INTO `components_blocks_cta_command_lines` VALUES (1,'secondary','Want to give it a try with a brand new project?','Up & running in seconds ','npx create-strapi-app my-project --quickstart'),(2,'primary','Want to give a try to a starter?','Corporate, Blog, E-commerce... ','npx create-strapi-starter my-project'),(3,'secondary','Get started with a brand new project!','Up & running in seconds ','npx create-strapi-app my-project --quickstart'),(4,'secondary','Dbuter avec un tout nouveau projet!','En quelques secondes ','npx create-strapi-app my-project --quickstart'),(5,'primary','Envie d\'essayer un starter ?','Corporate, Blog, E-commerce... ','npx create-strapi-starter my-project'),(6,'primary','Lancez-vous avec un tout nouveau projet !','En quelques secondes ','npx create-strapi-app my-project --quickstart'),(7,'secondary','Dbuter avec Strapi','En quelques secondes ','npx create-strapi-app my-project --quickstart'),(8,'secondary','In seconds ','Get started with Strapi','npx create-strapi-app my-project --quickstart'),(9,'primary','Get started with Strapi','In few seconds ','npx create-strapi-app my-project --quickstart'),(10,'primary','Commencez avec Strapi','En quelques secondes ','npx create-strapi-app my-project --quickstart'),(11,'primary','Get started with Strapi','In seconds ','npx create-strapi-app my-project'),(12,'secondary','Commencez avec les starters Strapi','En un instant ','npx create-strapi-starter my-project');
/*!40000 ALTER TABLE `components_blocks_cta_command_lines` ENABLE KEYS */;
UNLOCK TABLES;

--
-- Table structure for table `components_global_footers`
--

DROP TABLE IF EXISTS `components_global_footers`;
/*!40101 SET @saved_cs_client     = @@character_set_client */;
/*!40101 SET character_set_client = utf8 */;
CREATE TABLE `components_global_footers` (
  `id` tinyint(4) DEFAULT NULL,
  `label` varchar(84) DEFAULT NULL
) ENGINE=InnoDB DEFAULT CHARSET=utf8mb4;
/*!40101 SET character_set_client = @saved_cs_client */;

--
-- Dumping data for table `components_global_footers`
--

LOCK TABLES `components_global_footers` WRITE;
/*!40000 ALTER TABLE `components_global_footers` DISABLE KEYS */;
INSERT INTO `components_global_footers` VALUES (1,'Made with Strapi + Next.js + Tailwind CSS - Stickers made by Stickers from FlatIcon'),(2,'Fait avec Strapi + Next.js + Tailwind CSS - Stickers fait par Stickers chez FlatIcon'),(3,'Made with Strapi + Next.js + Tailwind CSS - Stickers made by Stickers from FlatIcon'),(4,'Made with Strapi + Next.js + Tailwind CSS - Stickers made by Stickers from FlatIcon');
/*!40000 ALTER TABLE `components_global_footers` ENABLE KEYS */;
UNLOCK TABLES;

--
-- Table structure for table `components_global_footers_components`
--

DROP TABLE IF EXISTS `components_global_footers_components`;
/*!40101 SET @saved_cs_client     = @@character_set_client */;
/*!40101 SET character_set_client = utf8 */;
CREATE TABLE `components_global_footers_components` (
  `id` tinyint(4) DEFAULT NULL,
  `entity_id` tinyint(4) DEFAULT NULL,
  `component_id` tinyint(4) DEFAULT NULL,
  `component_type` varchar(21) DEFAULT NULL,
  `field` varchar(13) DEFAULT NULL,
  `order` tinyint(4) DEFAULT NULL
) ENGINE=InnoDB DEFAULT CHARSET=utf8mb4;
/*!40101 SET character_set_client = @saved_cs_client */;

--
-- Dumping data for table `components_global_footers_components`
--

LOCK TABLES `components_global_footers_components` WRITE;
/*!40000 ALTER TABLE `components_global_footers_components` DISABLE KEYS */;
INSERT INTO `components_global_footers_components` VALUES (5,2,4,'shared.footer-columns','footerColumns',1),(6,2,5,'shared.footer-columns','footerColumns',2),(7,2,6,'shared.footer-columns','footerColumns',3),(8,2,25,'shared.button','button',1),(13,1,1,'shared.footer-columns','footerColumns',1),(14,1,2,'shared.footer-columns','footerColumns',2),(15,1,3,'shared.footer-columns','footerColumns',4),(16,1,24,'shared.button','button',3),(17,3,7,'shared.footer-columns','footerColumns',1),(18,3,8,'shared.footer-columns','footerColumns',2),(19,3,9,'shared.footer-columns','footerColumns',3),(20,3,28,'shared.button','button',1),(21,4,10,'shared.footer-columns','footerColumns',1),(22,4,11,'shared.footer-columns','footerColumns',2),(23,4,12,'shared.footer-columns','footerColumns',3),(24,4,29,'shared.button','button',1);
/*!40000 ALTER TABLE `components_global_footers_components` ENABLE KEYS */;
UNLOCK TABLES;

--
-- Table structure for table `components_global_navigations`
--

DROP TABLE IF EXISTS `components_global_navigations`;
/*!40101 SET @saved_cs_client     = @@character_set_client */;
/*!40101 SET character_set_client = utf8 */;
CREATE TABLE `components_global_navigations` (
  `id` tinyint(4) DEFAULT NULL
) ENGINE=InnoDB DEFAULT CHARSET=utf8mb4;
/*!40101 SET character_set_client = @saved_cs_client */;

--
-- Dumping data for table `components_global_navigations`
--

LOCK TABLES `components_global_navigations` WRITE;
/*!40000 ALTER TABLE `components_global_navigations` DISABLE KEYS */;
INSERT INTO `components_global_navigations` VALUES (1),(2),(3),(4);
/*!40000 ALTER TABLE `components_global_navigations` ENABLE KEYS */;
UNLOCK TABLES;

--
-- Table structure for table `components_global_navigations_components`
--

DROP TABLE IF EXISTS `components_global_navigations_components`;
/*!40101 SET @saved_cs_client     = @@character_set_client */;
/*!40101 SET character_set_client = utf8 */;
CREATE TABLE `components_global_navigations_components` (
  `id` tinyint(4) DEFAULT NULL,
  `entity_id` tinyint(4) DEFAULT NULL,
  `component_id` tinyint(4) DEFAULT NULL,
  `component_type` varchar(11) DEFAULT NULL,
  `field` varchar(11) DEFAULT NULL,
  `order` tinyint(4) DEFAULT NULL
) ENGINE=InnoDB DEFAULT CHARSET=utf8mb4;
/*!40101 SET character_set_client = @saved_cs_client */;

--
-- Dumping data for table `components_global_navigations_components`
--

LOCK TABLES `components_global_navigations_components` WRITE;
/*!40000 ALTER TABLE `components_global_navigations_components` DISABLE KEYS */;
INSERT INTO `components_global_navigations_components` VALUES (6,2,41,'shared.link','links',1),(7,2,42,'shared.link','links',2),(8,2,43,'shared.link','links',3),(9,2,44,'shared.link','leftButton',1),(10,2,45,'shared.link','rightButton',1),(16,1,24,'shared.link','links',1),(17,1,25,'shared.link','links',2),(18,1,26,'shared.link','links',3),(19,1,27,'shared.link','leftButton',2),(20,1,28,'shared.link','rightButton',3),(21,3,60,'shared.link','links',1),(22,3,61,'shared.link','links',2),(23,3,62,'shared.link','links',3),(24,3,63,'shared.link','leftButton',1),(25,3,64,'shared.link','rightButton',1),(26,4,77,'shared.link','links',1),(27,4,78,'shared.link','links',2),(28,4,79,'shared.link','links',3),(29,4,80,'shared.link','leftButton',1),(30,4,81,'shared.link','rightButton',1),(34,1,95,'shared.link','links',4);
/*!40000 ALTER TABLE `components_global_navigations_components` ENABLE KEYS */;
UNLOCK TABLES;

--
-- Table structure for table `components_opening_hours`
--

DROP TABLE IF EXISTS `components_opening_hours`;
/*!40101 SET @saved_cs_client     = @@character_set_client */;
/*!40101 SET character_set_client = utf8 */;
CREATE TABLE `components_opening_hours` (
  `id` tinyint(4) DEFAULT NULL,
  `day_interval` varchar(15) DEFAULT NULL,
  `opening_hour` varchar(24) DEFAULT NULL,
  `closing_hour` varchar(24) DEFAULT NULL
) ENGINE=InnoDB DEFAULT CHARSET=utf8mb4;
/*!40101 SET character_set_client = @saved_cs_client */;

--
-- Dumping data for table `components_opening_hours`
--

LOCK TABLES `components_opening_hours` WRITE;
/*!40000 ALTER TABLE `components_opening_hours` DISABLE KEYS */;
INSERT INTO `components_opening_hours` VALUES (4,'Mon - Fri','12:00 PM','10:30 PM'),(5,'Mon','10:00 AM','9:30 PM'),(6,'Tue - Sun','8:00 AM','9:30 PM'),(9,'Wed','11:30 AM','3:00 PM'),(10,'Thu - Sun','11:00 AM','4:00 PM'),(11,'Mon - Thu','5:30 PM','9:00 PM'),(12,'Fri - Sat','5:00 PM','9:30 PM'),(13,'Wed - Sun','4:00 PM','9:00 PM'),(14,'Mon - Sun','11:00 AM','8:00 PM'),(15,'Tue - Thu','5:00 PM','02:00 AM'),(16,'Fri','5:00 PM','03:00 AM'),(17,'Sat','4:00 PM','02:00 AM'),(18,'Sun','5:00 PM','12:00 AM'),(19,'Mon - Sun',' 06:30 AM','10:00 PM'),(20,'Mon - Sun','10:00 AM','10:00 PM'),(21,'Mon - Fri','09:00 AM','11:00 PM'),(22,'Sat - Sun','10:00 AM','11:00 PM'),(23,'Mon - Sun','12:00 PM','11:45 PM'),(24,'Mon - Sun','12:00 PM','12:00 AM'),(25,'Mon - Thu & Sun','5:00 PM','01:00 AM'),(26,'Fri - Sat','5:00 PM','02:00 AM'),(27,'Mon - Sun','12:00 PM','9:00 PM'),(28,'Mon - Sun','07:00 AM','9:00 PM'),(29,'Sun - Wed','12:00 PM','7:00 PM'),(30,'Thu - Sat','12:00 PM','8:00 PM'),(31,'Fri - Sun','7:45 PM','9:30 PM'),(32,'Tue','7:00 PM','10:30 PM'),(33,'Wed - Sat','12:00 PM(1) & 7:00 PM(2)','2:30 PM(1) & 10:30 PM(2)'),(34,'Mar','7:00 PM','10:30 PM'),(35,'Mer - Sam','12:00 PM(1) & 7:00 PM(2)','2:30 PM(1) & 10:30 PM(2)'),(36,'Lun - Dim','11:00 AM','8:00 PM'),(37,'Lun - Ven','09:00 AM','11:00 PM'),(38,'Sam - Dim','10:00 AM','11:00 PM'),(39,'Lun - Dim',' 06:30 AM','10:00 PM'),(40,'Lun - Jeu & Dim','5:00 PM','01:00 AM'),(41,'Ven - Sam','5:00 PM','02:00 AM'),(42,'Dim - Mer','12:00 PM','7:00 PM'),(43,'Jeu - Sam','12:00 PM','8:00 PM'),(44,'Lun - Ven','12:00 PM','10:30 PM'),(45,'Lun - Dim','12:00 PM','12:00 AM'),(46,'Ven - Dim','7:45 PM','9:30 PM');
/*!40000 ALTER TABLE `components_opening_hours` ENABLE KEYS */;
UNLOCK TABLES;

--
-- Table structure for table `components_restaurant_information`
--

DROP TABLE IF EXISTS `components_restaurant_information`;
/*!40101 SET @saved_cs_client     = @@character_set_client */;
/*!40101 SET character_set_client = utf8 */;
CREATE TABLE `components_restaurant_information` (
  `id` tinyint(4) DEFAULT NULL,
  `description` varchar(203) DEFAULT NULL
) ENGINE=InnoDB DEFAULT CHARSET=utf8mb4;
/*!40101 SET character_set_client = @saved_cs_client */;

--
-- Dumping data for table `components_restaurant_information`
--

LOCK TABLES `components_restaurant_information` WRITE;
/*!40000 ALTER TABLE `components_restaurant_information` DISABLE KEYS */;
INSERT INTO `components_restaurant_information` VALUES (1,'Come and surround yourself in vibrant dcor, progressive architecture and an innovative creative vibe at Latitude 15, Lilongwe.'),(2,'We take pride in the products that we use, supporting local suppliers for fresh and organic ingredients always.'),(3,'Come for the view, Stay for the food! Breath-taking, panoraic views of SanFrancisco, Golden-Gate Bridge, Alcatraz and Bay Bridge!'),(4,'Californian contemporary cuisine, serving a nightly tasting menu that highlights the best of Northern California\'s seasonal bounty and the restaurant\'s unique partnership with Fresh Run Farm.'),(5,'Rusconi\'s American Kitchen features hand crafted regional American cuisine by Chef Michael Rusconi.'),(6,'Our Steak & BBQ restaurants are not only famous for delicious food, but also our fast and personable service whether dining in or at a venue of your choice.'),(7,'Summer cocktails with Saigon\'s best view of Ho Chi Minh City'),(8,'Essence Restaurant is the perfect choice for fine dining in Vietnam focusing on Vietnamese menu with a touch of European influence.'),(9,'We cook and deliver Crimean Tatar kitchen dishes in Kyiv. Delivery is free of charge for most of Kyiv.'),(10,'Local & Japanese classics including sushi, borscht & dumplings are served at this romantic eatery.'),(11,'Banquet halls for rent in Moscow, near the metro, private parking, large wine list, excellent menu, discounts for all visitors'),(12,'Belgian brasserie, with plenty of fresh beers and a good selection of wines and snacks.'),(13,'Ferdinand the Bull is yet another symbol for peace, simplicity and happiness.'),(14,'A Lebanese success story since 1961. Seafood in Lebanon.'),(15,'Inspired by the flavors and cultures of La Antigua, Guatemala, Porta Hotel Antigua provides guests with an authentic dining experience worthy of our vibrant surroundings.'),(16,'La Bruja is a space that combines alternative food and drinks with books, games, good music and nature in a historic corner of Antigua Guatemala.'),(17,'Restaurant Pur - Jean-Franois Rouquette. This restaurant located in the Park Hyatt Paris-Vendme palace, has held one star in the Michelin guide since 2008.'),(18,'On the menu of Instinct, bistronomy! Homemade cuisine, seasonal products, colorful, tasty and above all gourmet dishes!'),(19,'Au menu d\'Instinct, de la bistronomie ! Cuisine maison, produits de saison, plats colors, savoureux et surtout gourmands !'),(20,'Nos restaurants Steak & BBQ ne sont pas seulement rputs pour leur cuisine dlicieuse, mais aussi pour notre service rapide et personnalis, que vous dniez  l\'intrieur ou dans un lieu de votre choix.'),(21,'Des plats locaux, du bortsch et des raviolis sont servis dans ce restaurant romantique.'),(22,'Le restaurant Essence est le choix parfait pour une cuisine raffine au Vietnam en se concentrant sur un menu vietnamien avec une touche d\'influence europenne.'),(23,'Ferdinand le Taureau est encore un autre symbole de paix, de simplicit et de bonheur.'),(24,'La Bruja est un espace qui combine des aliments et des boissons alternatifs avec des livres, des jeux, de la bonne musique et de la nature dans un coin historique d\'Antigua Guatemala.'),(25,'Venez vous entourer d\'un dcor vibrant, d\'une architecture progressive et d\'une ambiance crative innovante au Latitude 15, Lilongwe.'),(26,'Belgian brasserie, with plenty of fresh beers and a good selection of wines and snacks.'),(27,'Restaurant Pur\' - Jean-Franois Rouquette. Ce restaurant situ dans le palace Park Hyatt Paris-Vendme, dtient une toile au guide Michelin depuis 2008');
/*!40000 ALTER TABLE `components_restaurant_information` ENABLE KEYS */;
UNLOCK TABLES;

--
-- Table structure for table `components_restaurant_information_components`
--

DROP TABLE IF EXISTS `components_restaurant_information_components`;
/*!40101 SET @saved_cs_client     = @@character_set_client */;
/*!40101 SET character_set_client = utf8 */;
CREATE TABLE `components_restaurant_information_components` (
  `id` smallint(6) DEFAULT NULL,
  `entity_id` tinyint(4) DEFAULT NULL,
  `component_id` tinyint(4) DEFAULT NULL,
  `component_type` varchar(24) DEFAULT NULL,
  `field` varchar(13) DEFAULT NULL,
  `order` tinyint(4) DEFAULT NULL
) ENGINE=InnoDB DEFAULT CHARSET=utf8mb4;
/*!40101 SET character_set_client = @saved_cs_client */;

--
-- Dumping data for table `components_restaurant_information_components`
--

LOCK TABLES `components_restaurant_information_components` WRITE;
/*!40000 ALTER TABLE `components_restaurant_information_components` DISABLE KEYS */;
INSERT INTO `components_restaurant_information_components` VALUES (157,19,34,'restaurant.opening-hours','opening_hours',1),(158,19,35,'restaurant.opening-hours','opening_hours',2),(159,19,19,'restaurant.location','location',1),(162,20,36,'restaurant.opening-hours','opening_hours',1),(163,20,20,'restaurant.location','location',1),(164,10,21,'restaurant.opening-hours','opening_hours',1),(165,10,22,'restaurant.opening-hours','opening_hours',2),(166,10,10,'restaurant.location','location',1),(167,21,37,'restaurant.opening-hours','opening_hours',1),(168,21,38,'restaurant.opening-hours','opening_hours',2),(169,21,21,'restaurant.location','location',1),(170,8,19,'restaurant.opening-hours','opening_hours',1),(171,8,8,'restaurant.location','location',1),(172,22,39,'restaurant.opening-hours','opening_hours',1),(173,22,22,'restaurant.location','location',1),(174,13,25,'restaurant.opening-hours','opening_hours',1),(175,13,26,'restaurant.opening-hours','opening_hours',2),(176,13,13,'restaurant.location','location',1),(177,23,40,'restaurant.opening-hours','opening_hours',1),(178,23,41,'restaurant.opening-hours','opening_hours',2),(179,23,23,'restaurant.location','location',1),(180,16,29,'restaurant.opening-hours','opening_hours',1),(181,16,30,'restaurant.opening-hours','opening_hours',2),(182,16,16,'restaurant.location','location',1),(183,24,42,'restaurant.opening-hours','opening_hours',1),(184,24,43,'restaurant.opening-hours','opening_hours',2),(185,24,24,'restaurant.location','location',1),(186,1,4,'restaurant.opening-hours','opening_hours',1),(187,1,1,'restaurant.location','location',1),(188,25,44,'restaurant.opening-hours','opening_hours',1),(189,25,25,'restaurant.location','location',1),(190,12,24,'restaurant.opening-hours','opening_hours',1),(191,12,12,'restaurant.location','location',1),(192,26,45,'restaurant.opening-hours','opening_hours',1),(193,26,26,'restaurant.location','location',1),(194,15,28,'restaurant.opening-hours','opening_hours',1),(195,15,15,'restaurant.location','location',1),(196,3,9,'restaurant.opening-hours','opening_hours',1),(197,3,10,'restaurant.opening-hours','opening_hours',2),(198,3,3,'restaurant.location','location',1),(199,2,5,'restaurant.opening-hours','opening_hours',1),(200,2,6,'restaurant.opening-hours','opening_hours',2),(201,2,2,'restaurant.location','location',1),(202,9,20,'restaurant.opening-hours','opening_hours',1),(203,9,9,'restaurant.location','location',1),(204,17,31,'restaurant.opening-hours','opening_hours',1),(205,17,17,'restaurant.location','location',1),(206,27,46,'restaurant.opening-hours','opening_hours',1),(207,27,27,'restaurant.location','location',1),(208,4,11,'restaurant.opening-hours','opening_hours',1),(209,4,12,'restaurant.opening-hours','opening_hours',2),(210,4,4,'restaurant.location','location',1),(211,5,13,'restaurant.opening-hours','opening_hours',1),(212,5,5,'restaurant.location','location',1),(213,11,23,'restaurant.opening-hours','opening_hours',1),(214,11,11,'restaurant.location','location',1),(217,14,27,'restaurant.opening-hours','opening_hours',1),(218,14,14,'restaurant.location','location',1),(219,7,15,'restaurant.opening-hours','opening_hours',1),(220,7,16,'restaurant.opening-hours','opening_hours',2),(221,7,17,'restaurant.opening-hours','opening_hours',3),(222,7,18,'restaurant.opening-hours','opening_hours',4),(223,7,7,'restaurant.location','location',1),(224,18,32,'restaurant.opening-hours','opening_hours',1),(225,18,33,'restaurant.opening-hours','opening_hours',2),(226,18,18,'restaurant.location','location',1),(227,6,14,'restaurant.opening-hours','opening_hours',1),(228,6,6,'restaurant.location','location',1);
/*!40000 ALTER TABLE `components_restaurant_information_components` ENABLE KEYS */;
UNLOCK TABLES;

--
-- Table structure for table `components_restaurant_more_information`
--

DROP TABLE IF EXISTS `components_restaurant_more_information`;
/*!40101 SET @saved_cs_client     = @@character_set_client */;
/*!40101 SET character_set_client = utf8 */;
CREATE TABLE `components_restaurant_more_information` (
  `id` tinyint(4) DEFAULT NULL,
  `address` varchar(87) DEFAULT NULL,
  `website` varchar(48) DEFAULT NULL,
  `phone` varchar(37) DEFAULT NULL
) ENGINE=InnoDB DEFAULT CHARSET=utf8mb4;
/*!40101 SET character_set_client = @saved_cs_client */;

--
-- Dumping data for table `components_restaurant_more_information`
--

LOCK TABLES `components_restaurant_more_information` WRITE;
/*!40000 ALTER TABLE `components_restaurant_more_information` DISABLE KEYS */;
INSERT INTO `components_restaurant_more_information` VALUES (1,'Leopards Lane, Lusaka 10100 Zambia','https://15.thelatitudehotels.com/','+260 21 1268804'),(2,'','',''),(3,'699 Avenue of the Palms Treasure Island, San Francisco, CA 94130','https://www.mersea.restaurant/about-2/','+1 415-999-9836'),(4,'470 Pacific Ave, San Francisco, CA 94133-4610','https://www.quincerestaurant.com/','+1 415-775-8500'),(5,'10637 N Tatum Blvd, Phoenix, AZ 85028-6088','http://rusconiskitchen.com/','+1 480-483-0009'),(6,'8501 N 27th Ave, Phoenix, AZ 85051-4063','http://bobbyqbbq.com/','+1 602-995-5982'),(7,'102 ABC Cong Quynh - WMC TOWER - 10th floor District 1, Ho Chi Minh City 700000 Vietnam','','+84 93 408 47 54'),(8,'38A Tran Phu Street Ba Dinh District, Hanoi 100000 Vietnam','http://essencedining.com/','+84 24 3935 2485'),(9,'Rognedynska 4a, Kyiv (Kiev) 01004 Ukraine','https://www.musafir.com.ua/','+380 95 736 7040'),(10,'Sumska vul. 84/2, Kharkiv 61002 Ukraine','+380 68 715 0708','https://taplink.cc/chekhov_restaurant'),(11,'1905 Goda St., 10/1, Moscow 123022 Russia+','https://sabordelavida.ru/?utm_source=tripadvisor','+7 926 222-71-22'),(12,'Rastorguyevskiy Lane, 3a, Moscow 123557 Russia','','+7 915 323-73-30'),(13,'Mahatma Gandhi Street, Beirut Lebanon','','+961 1 355 955'),(14,'Kfaryassin, Jounieh 961 Lebanon','http://www.al-sultanbrahim.com/','+961 9 853 753'),(15,'8va. Calle Poniente No. 1 Porta Hotel Antigua, Antigua 03001 Guatemala','https://www.portahotelantigua.com/dining','+502 7931 0600'),(16,'Calle 4 Oriente n 14 Centro Comercial la Fuente, Antigua 03001 Guatemala','','+502 3515 0869'),(17,'5 Rue de la Paix Park Hyatt Paris, 75002 Paris France','','+33 1 58 71 10 60'),(18,'19 rue de Picardie, 75003 Paris France','https://instinct-paris.com/bistrot','+33 1 42 78 93 06'),(19,'19 rue de Picardie, 75003 Paris France','https://instinct-paris.com/bistrot','+33 1 42 78 93 06'),(20,'8501 N 27th Ave, Phoenix, AZ 85051-4063','http://bobbyqbbq.com/','+1 602-995-5982'),(21,'Sumska vul. 84/2, Kharkiv 61002 Ukraine','+380 68 715 0708','https://taplink.cc/chekhov_restaurant'),(22,'38A Tran Phu Street Ba Dinh District, Hanoi 100000 Vietnam','http://essencedining.com/','+84 24 3935 2485'),(23,'Mahatma Gandhi Street, Beirut Lebanon','','+961 1 355 955'),(24,'Calle 4 Oriente n 14 Centro Comercial la Fuente, Antigua 03001 Guatemala','','+502 3515 0869'),(25,'Leopards Lane, Lusaka 10100 Zambia','https://15.thelatitudehotels.com/','+260 21 1268804'),(26,'Rastorguyevskiy Lane, 3a, Moscow 123557 Russia','','+7 915 323-73-30'),(27,'5 Rue de la Paix Park Hyatt Paris, 75002 Paris France','','+33 1 58 71 10 60');
/*!40000 ALTER TABLE `components_restaurant_more_information` ENABLE KEYS */;
UNLOCK TABLES;

--
-- Table structure for table `components_restaurant_related_restaurants`
--

DROP TABLE IF EXISTS `components_restaurant_related_restaurants`;
/*!40101 SET @saved_cs_client     = @@character_set_client */;
/*!40101 SET character_set_client = utf8 */;
CREATE TABLE `components_restaurant_related_restaurants` (
  `id` tinyint(4) DEFAULT NULL
) ENGINE=InnoDB DEFAULT CHARSET=utf8mb4;
/*!40101 SET character_set_client = @saved_cs_client */;

--
-- Dumping data for table `components_restaurant_related_restaurants`
--

LOCK TABLES `components_restaurant_related_restaurants` WRITE;
/*!40000 ALTER TABLE `components_restaurant_related_restaurants` DISABLE KEYS */;
INSERT INTO `components_restaurant_related_restaurants` VALUES (1),(2),(3),(4),(5),(6),(7),(8),(9),(10),(11),(12),(13),(14);
/*!40000 ALTER TABLE `components_restaurant_related_restaurants` ENABLE KEYS */;
UNLOCK TABLES;

--
-- Table structure for table `components_restaurant_related_restaurants_components`
--

DROP TABLE IF EXISTS `components_restaurant_related_restaurants_components`;
/*!40101 SET @saved_cs_client     = @@character_set_client */;
/*!40101 SET character_set_client = utf8 */;
CREATE TABLE `components_restaurant_related_restaurants_components` (
  `id` tinyint(4) DEFAULT NULL,
  `entity_id` tinyint(4) DEFAULT NULL,
  `component_id` tinyint(4) DEFAULT NULL,
  `component_type` varchar(13) DEFAULT NULL,
  `field` varchar(6) DEFAULT NULL,
  `order` tinyint(4) DEFAULT NULL
) ENGINE=InnoDB DEFAULT CHARSET=utf8mb4;
/*!40101 SET character_set_client = @saved_cs_client */;

--
-- Dumping data for table `components_restaurant_related_restaurants_components`
--

LOCK TABLES `components_restaurant_related_restaurants_components` WRITE;
/*!40000 ALTER TABLE `components_restaurant_related_restaurants_components` DISABLE KEYS */;
INSERT INTO `components_restaurant_related_restaurants_components` VALUES (22,3,11,'shared.header','header',1),(24,9,17,'shared.header','header',1),(25,10,18,'shared.header','header',1),(26,11,19,'shared.header','header',1),(27,4,12,'shared.header','header',1),(28,5,13,'shared.header','header',1),(29,12,20,'shared.header','header',1),(30,13,21,'shared.header','header',1),(31,14,22,'shared.header','header',1),(32,6,14,'shared.header','header',1),(33,7,15,'shared.header','header',1),(35,1,9,'shared.header','header',1),(36,2,10,'shared.header','header',1),(37,8,16,'shared.header','header',1);
/*!40000 ALTER TABLE `components_restaurant_related_restaurants_components` ENABLE KEYS */;
UNLOCK TABLES;

--
-- Table structure for table `components_restaurant_related_restaurants_restaurants_links`
--

DROP TABLE IF EXISTS `components_restaurant_related_restaurants_restaurants_links`;
/*!40101 SET @saved_cs_client     = @@character_set_client */;
/*!40101 SET character_set_client = utf8 */;
CREATE TABLE `components_restaurant_related_restaurants_restaurants_links` (
  `related_restaurants_id` tinyint(4) DEFAULT NULL,
  `restaurant_id` tinyint(4) DEFAULT NULL,
  `id` tinyint(4) DEFAULT NULL,
  `restaurant_order` varchar(0) DEFAULT NULL
) ENGINE=InnoDB DEFAULT CHARSET=utf8mb4;
/*!40101 SET character_set_client = @saved_cs_client */;

--
-- Dumping data for table `components_restaurant_related_restaurants_restaurants_links`
--

LOCK TABLES `components_restaurant_related_restaurants_restaurants_links` WRITE;
/*!40000 ALTER TABLE `components_restaurant_related_restaurants_restaurants_links` DISABLE KEYS */;
INSERT INTO `components_restaurant_related_restaurants_restaurants_links` VALUES (3,27,1,''),(9,14,2,''),(10,5,3,''),(10,15,4,''),(11,1,5,''),(11,15,6,''),(11,16,7,''),(4,23,8,''),(4,24,9,''),(5,16,10,''),(5,5,11,''),(12,3,12,''),(12,7,13,''),(13,9,14,''),(13,12,15,''),(13,10,16,''),(14,2,17,''),(6,19,18,''),(7,17,19,''),(1,13,20,''),(2,17,21,''),(8,6,22,''),(8,3,23,'');
/*!40000 ALTER TABLE `components_restaurant_related_restaurants_restaurants_links` ENABLE KEYS */;
UNLOCK TABLES;

--
-- Table structure for table `components_restaurant_rich_contents`
--

DROP TABLE IF EXISTS `components_restaurant_rich_contents`;
/*!40101 SET @saved_cs_client     = @@character_set_client */;
/*!40101 SET character_set_client = utf8 */;
CREATE TABLE `components_restaurant_rich_contents` (
  `id` varchar(0) DEFAULT NULL,
  `content` varchar(0) DEFAULT NULL
) ENGINE=InnoDB DEFAULT CHARSET=utf8mb4;
/*!40101 SET character_set_client = @saved_cs_client */;

--
-- Dumping data for table `components_restaurant_rich_contents`
--

LOCK TABLES `components_restaurant_rich_contents` WRITE;
/*!40000 ALTER TABLE `components_restaurant_rich_contents` DISABLE KEYS */;
/*!40000 ALTER TABLE `components_restaurant_rich_contents` ENABLE KEYS */;
UNLOCK TABLES;

--
-- Table structure for table `components_shared_buttons`
--

DROP TABLE IF EXISTS `components_shared_buttons`;
/*!40101 SET @saved_cs_client     = @@character_set_client */;
/*!40101 SET character_set_client = utf8 */;
CREATE TABLE `components_shared_buttons` (
  `id` tinyint(4) DEFAULT NULL,
  `theme` varchar(9) DEFAULT NULL
) ENGINE=InnoDB DEFAULT CHARSET=utf8mb4;
/*!40101 SET character_set_client = @saved_cs_client */;

--
-- Dumping data for table `components_shared_buttons`
--

LOCK TABLES `components_shared_buttons` WRITE;
/*!40000 ALTER TABLE `components_shared_buttons` DISABLE KEYS */;
INSERT INTO `components_shared_buttons` VALUES (1,'secondary'),(2,'muted'),(3,'primary'),(4,'secondary'),(5,'muted'),(6,'muted'),(7,'muted'),(8,'muted'),(9,'muted'),(10,'muted'),(11,'muted'),(12,'muted'),(13,'muted'),(14,'muted'),(15,'muted'),(16,'muted'),(17,'muted'),(18,'muted'),(19,'muted'),(20,'muted'),(21,'muted'),(22,'muted'),(23,'muted'),(24,'secondary'),(25,'secondary'),(26,'primary'),(27,'primary'),(28,'secondary'),(29,'secondary'),(30,'muted');
/*!40000 ALTER TABLE `components_shared_buttons` ENABLE KEYS */;
UNLOCK TABLES;

--
-- Table structure for table `components_shared_buttons_components`
--

DROP TABLE IF EXISTS `components_shared_buttons_components`;
/*!40101 SET @saved_cs_client     = @@character_set_client */;
/*!40101 SET character_set_client = utf8 */;
CREATE TABLE `components_shared_buttons_components` (
  `id` tinyint(4) DEFAULT NULL,
  `entity_id` tinyint(4) DEFAULT NULL,
  `component_id` tinyint(4) DEFAULT NULL,
  `component_type` varchar(11) DEFAULT NULL,
  `field` varchar(4) DEFAULT NULL,
  `order` varchar(1) DEFAULT NULL
) ENGINE=InnoDB DEFAULT CHARSET=utf8mb4;
/*!40101 SET character_set_client = @saved_cs_client */;

--
-- Dumping data for table `components_shared_buttons_components`
--

LOCK TABLES `components_shared_buttons_components` WRITE;
/*!40000 ALTER TABLE `components_shared_buttons_components` DISABLE KEYS */;
INSERT INTO `components_shared_buttons_components` VALUES (11,6,6,'shared.link','link','1'),(12,7,7,'shared.link','link','1'),(13,8,8,'shared.link','link','1'),(14,9,9,'shared.link','link','1'),(15,10,10,'shared.link','link','1'),(16,11,11,'shared.link','link','1'),(17,12,12,'shared.link','link','1'),(18,13,13,'shared.link','link','1'),(19,14,14,'shared.link','link','1'),(20,15,15,'shared.link','link','1'),(21,16,16,'shared.link','link','1'),(22,17,17,'shared.link','link','1'),(23,18,18,'shared.link','link','1'),(24,19,19,'shared.link','link','1'),(25,20,20,'shared.link','link','1'),(32,3,3,'shared.link','link','1'),(34,22,22,'shared.link','link','1'),(41,25,57,'shared.link','link','1'),(45,24,40,'shared.link','link','1'),(54,26,58,'shared.link','link','1'),(55,27,59,'shared.link','link','1'),(56,1,1,'shared.link','link','1'),(57,2,2,'shared.link','link','1'),(58,4,4,'shared.link','link','1'),(59,5,5,'shared.link','link','1'),(60,21,21,'shared.link','link','1'),(64,23,23,'shared.link','link','1'),(65,28,76,'shared.link','link','1'),(66,29,93,'shared.link','link','1'),(90,30,94,'shared.link','link','');
/*!40000 ALTER TABLE `components_shared_buttons_components` ENABLE KEYS */;
UNLOCK TABLES;

--
-- Table structure for table `components_shared_cards`
--

DROP TABLE IF EXISTS `components_shared_cards`;
/*!40101 SET @saved_cs_client     = @@character_set_client */;
/*!40101 SET character_set_client = utf8 */;
CREATE TABLE `components_shared_cards` (
  `id` tinyint(4) DEFAULT NULL,
  `title` varchar(15) DEFAULT NULL,
  `text` varchar(117) DEFAULT NULL
) ENGINE=InnoDB DEFAULT CHARSET=utf8mb4;
/*!40101 SET character_set_client = @saved_cs_client */;

--
-- Dumping data for table `components_shared_cards`
--

LOCK TABLES `components_shared_cards` WRITE;
/*!40000 ALTER TABLE `components_shared_cards` DISABLE KEYS */;
INSERT INTO `components_shared_cards` VALUES (1,'Components','Groups of fields that can be reused by all your content-types.'),(2,'Dynamic Zones','Sets of components that can be dynamically included in your content-types.'),(3,'Draft & Publish','Save the content as a draft and publish it whenever you want.'),(4,'RBAC','Role Based Access Control lets you manage permissions for your teams of authors and editors.'),(5,'i18n','Create, manage and distribute localized content in different languages, called \"locales\".'),(6,'Composants','Groupes de champs pouvant tre rutiliss par tous vos Content-types.'),(7,'Dynamic Zones','Ensembles de composants pouvant tre inclus dynamiquement dans vos Content-Types.'),(8,'Draft & Publish','Enregistrez le contenu en tant que brouillon et publiez-le quand vous le souhaitez.'),(9,'RBAC','Le contrle d\'accs bas sur les rles vous permet de grer les autorisations de vos quipes d\'auteurs et d\'diteurs.'),(10,'i18n','Crez, grez et distribuez du contenu localis dans diffrentes langues, appeles \"locales\".');
/*!40000 ALTER TABLE `components_shared_cards` ENABLE KEYS */;
UNLOCK TABLES;

--
-- Table structure for table `components_shared_comments`
--

DROP TABLE IF EXISTS `components_shared_comments`;
/*!40101 SET @saved_cs_client     = @@character_set_client */;
/*!40101 SET character_set_client = utf8 */;
CREATE TABLE `components_shared_comments` (
  `id` varchar(0) DEFAULT NULL,
  `content` varchar(0) DEFAULT NULL
) ENGINE=InnoDB DEFAULT CHARSET=utf8mb4;
/*!40101 SET character_set_client = @saved_cs_client */;

--
-- Dumping data for table `components_shared_comments`
--

LOCK TABLES `components_shared_comments` WRITE;
/*!40000 ALTER TABLE `components_shared_comments` DISABLE KEYS */;
/*!40000 ALTER TABLE `components_shared_comments` ENABLE KEYS */;
UNLOCK TABLES;

--
-- Table structure for table `components_shared_faqs`
--

DROP TABLE IF EXISTS `components_shared_faqs`;
/*!40101 SET @saved_cs_client     = @@character_set_client */;
/*!40101 SET character_set_client = utf8 */;
CREATE TABLE `components_shared_faqs` (
  `id` tinyint(4) DEFAULT NULL,
  `title` varchar(26) DEFAULT NULL,
  `theme` varchar(5) DEFAULT NULL
) ENGINE=InnoDB DEFAULT CHARSET=utf8mb4;
/*!40101 SET character_set_client = @saved_cs_client */;

--
-- Dumping data for table `components_shared_faqs`
--

LOCK TABLES `components_shared_faqs` WRITE;
/*!40000 ALTER TABLE `components_shared_faqs` DISABLE KEYS */;
INSERT INTO `components_shared_faqs` VALUES (1,'Frequently asked questions','muted'),(2,'Frequently asked questions','muted'),(3,'FAQ','muted'),(4,'FAQ','muted'),(5,'Frequently asked questions','muted'),(6,'Frequently asked questions','muted'),(7,'FAQ','muted'),(8,'FAQ','muted'),(9,'FAQ','muted'),(10,'FAQ','muted'),(11,'FAQ','muted'),(12,'FAQ','muted'),(13,'FAQ','muted'),(14,'FAQ','muted'),(15,'FAQ','muted'),(16,'FAQ','muted'),(17,'FAQ','muted'),(18,'FAQ','muted'),(19,'FAQ','muted'),(20,'FAQ','muted'),(21,'FAQ','muted'),(22,'FAQ','muted'),(23,'Frequently asked questions','muted'),(24,'FAQ','muted'),(25,'FAQ','muted'),(26,'FAQ','muted');
/*!40000 ALTER TABLE `components_shared_faqs` ENABLE KEYS */;
UNLOCK TABLES;

--
-- Table structure for table `components_shared_faqs_components`
--

DROP TABLE IF EXISTS `components_shared_faqs_components`;
/*!40101 SET @saved_cs_client     = @@character_set_client */;
/*!40101 SET character_set_client = utf8 */;
CREATE TABLE `components_shared_faqs_components` (
  `id` smallint(6) DEFAULT NULL,
  `entity_id` tinyint(4) DEFAULT NULL,
  `component_id` tinyint(4) DEFAULT NULL,
  `component_type` varchar(22) DEFAULT NULL,
  `field` varchar(3) DEFAULT NULL,
  `order` tinyint(4) DEFAULT NULL
) ENGINE=InnoDB DEFAULT CHARSET=utf8mb4;
/*!40101 SET character_set_client = @saved_cs_client */;

--
-- Dumping data for table `components_shared_faqs_components`
--

LOCK TABLES `components_shared_faqs_components` WRITE;
/*!40000 ALTER TABLE `components_shared_faqs_components` DISABLE KEYS */;
INSERT INTO `components_shared_faqs_components` VALUES (34,8,19,'shared.question-answer','faq',1),(35,8,20,'shared.question-answer','faq',2),(36,8,21,'shared.question-answer','faq',3),(37,8,22,'shared.question-answer','faq',4),(38,9,23,'shared.question-answer','faq',1),(39,9,24,'shared.question-answer','faq',2),(40,9,25,'shared.question-answer','faq',3),(41,9,26,'shared.question-answer','faq',4),(42,10,27,'shared.question-answer','faq',1),(43,10,28,'shared.question-answer','faq',2),(44,10,29,'shared.question-answer','faq',3),(45,10,30,'shared.question-answer','faq',4),(46,11,31,'shared.question-answer','faq',1),(47,11,32,'shared.question-answer','faq',2),(48,11,33,'shared.question-answer','faq',3),(49,11,34,'shared.question-answer','faq',4),(50,12,35,'shared.question-answer','faq',1),(51,12,36,'shared.question-answer','faq',2),(52,12,37,'shared.question-answer','faq',3),(53,12,38,'shared.question-answer','faq',4),(54,13,39,'shared.question-answer','faq',1),(55,13,40,'shared.question-answer','faq',2),(56,13,41,'shared.question-answer','faq',3),(57,13,42,'shared.question-answer','faq',4),(58,14,43,'shared.question-answer','faq',1),(59,14,44,'shared.question-answer','faq',2),(60,14,45,'shared.question-answer','faq',3),(61,14,46,'shared.question-answer','faq',4),(62,15,47,'shared.question-answer','faq',1),(63,15,48,'shared.question-answer','faq',2),(64,15,49,'shared.question-answer','faq',3),(65,15,50,'shared.question-answer','faq',4),(66,16,51,'shared.question-answer','faq',1),(67,16,52,'shared.question-answer','faq',2),(68,16,53,'shared.question-answer','faq',3),(69,16,54,'shared.question-answer','faq',4),(70,17,55,'shared.question-answer','faq',1),(71,17,56,'shared.question-answer','faq',2),(72,17,57,'shared.question-answer','faq',3),(73,17,58,'shared.question-answer','faq',4),(74,18,59,'shared.question-answer','faq',1),(75,18,60,'shared.question-answer','faq',2),(76,18,61,'shared.question-answer','faq',3),(77,18,62,'shared.question-answer','faq',4),(78,19,63,'shared.question-answer','faq',1),(79,19,64,'shared.question-answer','faq',2),(80,19,65,'shared.question-answer','faq',3),(81,19,66,'shared.question-answer','faq',4),(82,20,67,'shared.question-answer','faq',1),(83,20,68,'shared.question-answer','faq',2),(84,20,69,'shared.question-answer','faq',3),(85,20,70,'shared.question-answer','faq',4),(86,21,71,'shared.question-answer','faq',1),(87,21,72,'shared.question-answer','faq',2),(88,21,73,'shared.question-answer','faq',3),(89,21,74,'shared.question-answer','faq',4),(90,22,75,'shared.question-answer','faq',1),(91,22,76,'shared.question-answer','faq',2),(92,22,77,'shared.question-answer','faq',3),(93,22,78,'shared.question-answer','faq',4),(115,6,12,'shared.question-answer','faq',1),(116,6,13,'shared.question-answer','faq',2),(117,6,14,'shared.question-answer','faq',3),(118,6,15,'shared.question-answer','faq',4),(123,24,83,'shared.question-answer','faq',1),(124,24,84,'shared.question-answer','faq',2),(125,24,85,'shared.question-answer','faq',3),(126,24,86,'shared.question-answer','faq',4),(220,5,9,'shared.question-answer','faq',1),(221,5,10,'shared.question-answer','faq',2),(222,5,11,'shared.question-answer','faq',3),(223,7,16,'shared.question-answer','faq',1),(224,7,17,'shared.question-answer','faq',2),(225,7,18,'shared.question-answer','faq',3),(226,23,79,'shared.question-answer','faq',1),(227,23,80,'shared.question-answer','faq',2),(228,23,81,'shared.question-answer','faq',3),(229,23,82,'shared.question-answer','faq',4),(254,25,87,'shared.question-answer','faq',1),(255,25,88,'shared.question-answer','faq',2),(256,25,89,'shared.question-answer','faq',3),(257,25,90,'shared.question-answer','faq',4),(260,3,5,'shared.question-answer','faq',1),(261,3,6,'shared.question-answer','faq',2),(262,4,7,'shared.question-answer','faq',1),(263,4,8,'shared.question-answer','faq',2),(266,1,1,'shared.question-answer','faq',1),(267,1,2,'shared.question-answer','faq',2),(388,26,91,'shared.question-answer','faq',1),(392,26,92,'shared.question-answer','faq',2),(403,26,93,'shared.question-answer','faq',3),(422,26,94,'shared.question-answer','faq',4),(439,26,95,'shared.question-answer','faq',5);
/*!40000 ALTER TABLE `components_shared_faqs_components` ENABLE KEYS */;
UNLOCK TABLES;

--
-- Table structure for table `components_shared_features_checks`
--

DROP TABLE IF EXISTS `components_shared_features_checks`;
/*!40101 SET @saved_cs_client     = @@character_set_client */;
/*!40101 SET character_set_client = utf8 */;
CREATE TABLE `components_shared_features_checks` (
  `id` tinyint(4) DEFAULT NULL,
  `text` varchar(94) DEFAULT NULL
) ENGINE=InnoDB DEFAULT CHARSET=utf8mb4;
/*!40101 SET character_set_client = @saved_cs_client */;

--
-- Dumping data for table `components_shared_features_checks`
--

LOCK TABLES `components_shared_features_checks` WRITE;
/*!40000 ALTER TABLE `components_shared_features_checks` DISABLE KEYS */;
INSERT INTO `components_shared_features_checks` VALUES (1,'Next.js 12 SSR'),(2,'Tailwind CSS'),(3,'react-markdown'),(4,'Ckeditor 5'),(5,'react-query'),(6,'react-multi-carousel'),(7,'Unlimited access to restaurants. Create, update, preview, delete. You are the chef!'),(8,'Unlimited access to the blog. Manage the content as you wish!'),(9,'Book a call with Strapi sales team (bottom right corner button) '),(10,'French version of the website (i18n) '),(11,'Next.js SSR'),(12,'Tailwind CSS'),(13,'react-markdown '),(14,'react-moment'),(15,'react-query'),(16,'react-multi-carousel'),(17,'Accs illimit aux restaurants. Crer, modifier, prvisualiser, supprimer. Vous tes le chef !'),(18,'Accs illimit au blog. Grez le contenu comme vous le souhaitez !'),(19,'Prenez rendez-vous avec l\'quipe sales de Strapi (bouton en bas  droite) '),(20,'Version franaise du site (i18n) Baguette ! '),(21,'Accs illimit aux restaurants. Crer, modifier, prvisualiser, supprimer. Vous tes le chef !'),(22,'Accs illimit au blog. Grez le contenu comme vous le souhaitez !'),(23,'Prenez rendez-vous avec l\'quipe sales de Strapi (bouton en bas  droite) '),(24,'Version franaise du site (i18n) Baguette ! '),(25,'Accs illimit aux restaurants. Crer, modifier, prvisualiser, supprimer. Vous tes le chef !'),(26,'Accs illimit au blog. Grez le contenu comme vous le souhaitez !'),(27,'Prenez rendez-vous avec l\'quipe sales de Strapi (bouton en bas  droite) '),(28,'Version franaise du site (i18n) Baguette ! '),(29,'Accs illimit aux restaurants. Crer, modifier, prvisualiser, supprimer. Vous tes le chef !'),(30,'Accs illimit au blog. Grez le contenu comme vous le souhaitez !'),(31,'Prenez rendez-vous avec l\'quipe sales de Strapi (bouton en bas  droite) '),(32,'Version franaise du site (i18n) Baguette ! '),(33,'Accs illimit aux restaurants. Crer, modifier, prvisualiser, supprimer. Vous tes le chef !'),(34,'Accs illimit au blog. Grez le contenu comme vous le souhaitez !'),(35,'Prenez rendez-vous avec l\'quipe sales de Strapi (bouton en bas  droite) '),(36,'Version franaise du site (i18n) Baguette ! '),(37,'Accs illimit aux restaurants. Crer, modifier, prvisualiser, supprimer. Vous tes le chef !'),(38,'Accs illimit au blog. Grez le contenu comme vous le souhaitez !'),(39,'Prenez rendez-vous avec l\'quipe sales de Strapi (bouton en bas  droite) '),(40,'Version franaise du site (i18n) Baguette ! '),(41,'Accs illimit aux restaurants. Crer, modifier, prvisualiser, supprimer. Vous tes le chef !'),(42,'Accs illimit au blog. Grez le contenu comme vous le souhaitez !'),(43,'Prenez rendez-vous avec l\'quipe sales de Strapi (bouton en bas  droite) '),(44,'Version franaise du site (i18n) Baguette ! '),(45,'Accs illimit aux restaurants. Crer, modifier, prvisualiser, supprimer. Vous tes le chef !'),(46,'Accs illimit au blog. Grez le contenu comme vous le souhaitez !'),(47,'Prenez rendez-vous avec l\'quipe sales de Strapi (bouton en bas  droite) '),(48,'Version franaise du site (i18n) Baguette ! '),(49,'Accs illimit aux restaurants. Crer, modifier, prvisualiser, supprimer. Vous tes le chef !'),(50,'Accs illimit au blog. Grez le contenu comme vous le souhaitez !'),(51,'Prenez rendez-vous avec l\'quipe sales de Strapi (bouton en bas  droite) '),(52,'Version franaise du site (i18n) Baguette ! '),(53,'Accs illimit aux restaurants. Crer, modifier, prvisualiser, supprimer. Vous tes le chef !'),(54,'Accs illimit au blog. Grez le contenu comme vous le souhaitez !'),(55,'Prenez rendez-vous avec l\'quipe sales de Strapi (bouton en bas  droite) '),(56,'Version franaise du site (i18n) Baguette ! '),(57,'Accs illimit aux restaurants. Crer, modifier, prvisualiser, supprimer. Vous tes le chef !'),(58,'Accs illimit au blog. Grez le contenu comme vous le souhaitez !'),(59,'Prenez rendez-vous avec l\'quipe sales de Strapi (bouton en bas  droite) '),(60,'Version franaise du site (i18n) Baguette ! '),(61,'Accs illimit aux restaurants. Crer, modifier, prvisualiser, supprimer. Vous tes le chef !'),(62,'Accs illimit au blog. Grez le contenu comme vous le souhaitez !'),(63,'Prenez rendez-vous avec l\'quipe sales de Strapi (bouton en bas  droite) '),(64,'Version franaise du site (i18n) Baguette ! '),(65,'Accs illimit aux restaurants. Crer, modifier, prvisualiser, supprimer. Vous tes le chef !'),(66,'Accs illimit au blog. Grez le contenu comme vous le souhaitez !'),(67,'Prenez rendez-vous avec l\'quipe sales de Strapi (bouton en bas  droite) '),(68,'Version franaise du site (i18n) Baguette ! '),(69,'Accs illimit aux restaurants. Crer, modifier, prvisualiser, supprimer. Vous tes le chef !'),(70,'Accs illimit au blog. Grez le contenu comme vous le souhaitez !'),(71,'Prenez rendez-vous avec l\'quipe sales de Strapi (bouton en bas  droite) '),(72,'Version franaise du site (i18n) Baguette ! '),(73,'Accs illimit aux restaurants. Crer, modifier, prvisualiser, supprimer. Vous tes le chef !'),(74,'Accs illimit au blog. Grez le contenu comme vous le souhaitez !'),(75,'Prenez rendez-vous avec l\'quipe sales de Strapi (bouton en bas  droite) '),(76,'Version franaise du site (i18n) Baguette ! '),(77,'Unlimited access to restaurants. Create, update, preview, delete. You are the chef!'),(78,'Unlimited access to the blog. Manage the content as you wish!'),(79,'Book a call with Strapi sales team (bottom right corner button) '),(80,'French version of the website (i18n) '),(81,'Accs illimit aux restaurants. Crer, modifier, prvisualiser, supprimer. Vous tes le chef !'),(82,'Accs illimit au blog. Grez le contenu comme vous le souhaitez !'),(83,'Prenez rendez-vous avec l\'quipe sales de Strapi (bouton en bas  droite) '),(84,'Version franaise du site (i18n) Baguette ! '),(85,'Accs illimit aux restaurants. Crer, modifier, prvisualiser, supprimer. Vous tes le chef !'),(86,'Accs illimit au blog. Grez le contenu comme vous le souhaitez !'),(87,'Prenez rendez-vous avec l\'quipe sales de Strapi (bouton en bas  droite) '),(88,'Version franaise du site (i18n) Baguette ! ');
/*!40000 ALTER TABLE `components_shared_features_checks` ENABLE KEYS */;
UNLOCK TABLES;

--
-- Table structure for table `components_shared_footer_columns`
--

DROP TABLE IF EXISTS `components_shared_footer_columns`;
/*!40101 SET @saved_cs_client     = @@character_set_client */;
/*!40101 SET character_set_client = utf8 */;
CREATE TABLE `components_shared_footer_columns` (
  `id` tinyint(4) DEFAULT NULL
) ENGINE=InnoDB DEFAULT CHARSET=utf8mb4;
/*!40101 SET character_set_client = @saved_cs_client */;

--
-- Dumping data for table `components_shared_footer_columns`
--

LOCK TABLES `components_shared_footer_columns` WRITE;
/*!40000 ALTER TABLE `components_shared_footer_columns` DISABLE KEYS */;
INSERT INTO `components_shared_footer_columns` VALUES (1),(2),(3),(4),(5),(6),(7),(8),(9),(10),(11),(12);
/*!40000 ALTER TABLE `components_shared_footer_columns` ENABLE KEYS */;
UNLOCK TABLES;

--
-- Table structure for table `components_shared_footer_columns_components`
--

DROP TABLE IF EXISTS `components_shared_footer_columns_components`;
/*!40101 SET @saved_cs_client     = @@character_set_client */;
/*!40101 SET character_set_client = utf8 */;
CREATE TABLE `components_shared_footer_columns_components` (
  `id` tinyint(4) DEFAULT NULL,
  `entity_id` tinyint(4) DEFAULT NULL,
  `component_id` tinyint(4) DEFAULT NULL,
  `component_type` varchar(11) DEFAULT NULL,
  `field` varchar(5) DEFAULT NULL,
  `order` tinyint(4) DEFAULT NULL
) ENGINE=InnoDB DEFAULT CHARSET=utf8mb4;
/*!40101 SET character_set_client = @saved_cs_client */;

--
-- Dumping data for table `components_shared_footer_columns_components`
--

LOCK TABLES `components_shared_footer_columns_components` WRITE;
/*!40000 ALTER TABLE `components_shared_footer_columns_components` DISABLE KEYS */;
INSERT INTO `components_shared_footer_columns_components` VALUES (12,4,46,'shared.link','links',1),(13,4,47,'shared.link','links',2),(14,4,48,'shared.link','links',3),(15,5,49,'shared.link','links',1),(16,5,50,'shared.link','links',2),(17,5,51,'shared.link','links',3),(18,5,52,'shared.link','links',4),(19,5,53,'shared.link','links',5),(20,6,54,'shared.link','links',1),(21,6,55,'shared.link','links',2),(22,6,56,'shared.link','links',3),(34,1,29,'shared.link','links',1),(35,1,30,'shared.link','links',2),(36,1,31,'shared.link','links',3),(37,2,32,'shared.link','links',1),(38,2,33,'shared.link','links',2),(39,2,34,'shared.link','links',3),(40,2,35,'shared.link','links',4),(41,2,36,'shared.link','links',5),(42,3,37,'shared.link','links',1),(43,3,38,'shared.link','links',2),(44,3,39,'shared.link','links',3),(45,7,65,'shared.link','links',1),(46,7,66,'shared.link','links',2),(47,7,67,'shared.link','links',3),(48,8,68,'shared.link','links',1),(49,8,69,'shared.link','links',2),(50,8,70,'shared.link','links',3),(51,8,71,'shared.link','links',4),(52,8,72,'shared.link','links',5),(53,9,73,'shared.link','links',1),(54,9,74,'shared.link','links',2),(55,9,75,'shared.link','links',3),(56,10,82,'shared.link','links',1),(57,10,83,'shared.link','links',2),(58,10,84,'shared.link','links',3),(59,11,85,'shared.link','links',1),(60,11,86,'shared.link','links',2),(61,11,87,'shared.link','links',3),(62,11,88,'shared.link','links',4),(63,11,89,'shared.link','links',5),(64,12,90,'shared.link','links',1),(65,12,91,'shared.link','links',2),(66,12,92,'shared.link','links',3);
/*!40000 ALTER TABLE `components_shared_footer_columns_components` ENABLE KEYS */;
UNLOCK TABLES;

--
-- Table structure for table `components_shared_headers`
--

DROP TABLE IF EXISTS `components_shared_headers`;
/*!40101 SET @saved_cs_client     = @@character_set_client */;
/*!40101 SET character_set_client = utf8 */;
CREATE TABLE `components_shared_headers` (
  `id` tinyint(4) DEFAULT NULL,
  `theme` varchar(7) DEFAULT NULL,
  `label` varchar(27) DEFAULT NULL,
  `title` varchar(62) DEFAULT NULL
) ENGINE=InnoDB DEFAULT CHARSET=utf8mb4;
/*!40101 SET character_set_client = @saved_cs_client */;

--
-- Dumping data for table `components_shared_headers`
--

LOCK TABLES `components_shared_headers` WRITE;
/*!40000 ALTER TABLE `components_shared_headers` DISABLE KEYS */;
INSERT INTO `components_shared_headers` VALUES (1,'primary','More, I want more!','Similar articles'),(2,'primary','More, I want more!','Similar articles'),(3,'primary','More, I want more!','Similar articles'),(4,'primary','More, I want more!','Similar articles'),(5,'primary','Plus, j\'en veux plus !','Articles similaires'),(6,'primary','Encore !','Articles similaires'),(7,'primary','Plus, j\'en veux plus !','Articles similaires'),(8,'primary','Plus, j\'en veux plus !','Articles similaires'),(9,'primary','Lebanese','Similar restaurants'),(10,'primary','French gastronomy','French restaurants'),(11,'primary','Gastronomie franaise','Plus de restaurants franais'),(12,'primary','Toujours faim ?','Restaurants similaires'),(13,'primary','International','Similar restaurants'),(14,'primary','Vous cherchez le meilleur ?','Restaurants Michelin'),(15,'primary','Looking for the best?','Michelin restaurants'),(16,'primary','Americaaa','Similar restaurants'),(17,'primary','Lebanese','Similar restaurants'),(18,'primary','International','More restaurants'),(19,'primary','Still hungry?','More restaurants'),(20,'primary','Love American food?','Other American restaurants'),(21,'primary','Still hungry?','More European restaurants'),(22,'primary','Looking for the best?','Michelin restaurants'),(23,'primary','','Welcome to FoodAdvisor '),(24,'primary','FEATURES','Including The Best Strapi features'),(25,'primary','FRONTEND','Strapi, accompanied by the best'),(26,'primary','LA CREME DE LA CREME','Our best reviewers'),(27,'primary','Pricing','Choose the plan for you, or the only one available...'),(28,'primary','Our best plan','The cherry on the cake'),(29,'primary','','Bienvenue sur FoodAdvisor '),(30,'primary','FEATURES','Incluant les meilleurs fonctionnalits'),(31,'primary','FRONTEND','Strapi, accompagn des meilleurs'),(32,'primary','LA CREME DE LA CREME','Nos meilleurs critiques'),(33,'primary','Pricing','Choisissez le plan qui vous convient, ou le seul disponible...'),(34,'primary','Notre meilleur plan','La cerise sur le gteau'),(35,'primary','Pricing','Choisissez le plan qui vous convient, ou le seul disponible...'),(36,'primary','Notre meilleur plan','La cerise sur le gteau'),(37,'primary','Pricing','Choisissez le plan qui vous convient, ou le seul disponible...'),(38,'primary','Notre meilleur plan','La cerise sur le gteau'),(39,'primary','Pricing','Choisissez le plan qui vous convient, ou le seul disponible...'),(40,'primary','Notre meilleur plan','La cerise sur le gteau'),(41,'primary','Pricing','Choisissez le plan qui vous convient, ou le seul disponible...'),(42,'primary','Notre meilleur plan','La cerise sur le gteau'),(43,'primary','Pricing','Choisissez le plan qui vous convient, ou le seul disponible...'),(44,'primary','Notre meilleur plan','La cerise sur le gteau'),(45,'primary','Pricing','Choisissez le plan qui vous convient, ou le seul disponible...'),(46,'primary','Notre meilleur plan','La cerise sur le gteau'),(47,'primary','Pricing','Choisissez le plan qui vous convient, ou le seul disponible...'),(48,'primary','Notre meilleur plan','La cerise sur le gteau'),(49,'primary','Pricing','Choisissez le plan qui vous convient, ou le seul disponible...'),(50,'primary','Notre meilleur plan','La cerise sur le gteau'),(51,'primary','Pricing','Choisissez le plan qui vous convient, ou le seul disponible...'),(52,'primary','Notre meilleur plan','La cerise sur le gteau'),(53,'primary','Pricing','Choisissez le plan qui vous convient, ou le seul disponible...'),(54,'primary','Notre meilleur plan','La cerise sur le gteau'),(55,'primary','Pricing','Choisissez le plan qui vous convient, ou le seul disponible...'),(56,'primary','Notre meilleur plan','La cerise sur le gteau'),(57,'primary','Pricing','Choisissez le plan qui vous convient, ou le seul disponible...'),(58,'primary','Notre meilleur plan','La cerise sur le gteau'),(59,'primary','Pricing','Choisissez le plan qui vous convient, ou le seul disponible...'),(60,'primary','Notre meilleur plan','La cerise sur le gteau'),(61,'primary','Pricing','Choisissez le plan qui vous convient, ou le seul disponible...'),(62,'primary','Notre meilleur plan','La cerise sur le gteau'),(63,'primary','Pricing','Choose the plan for you, or the only one available...'),(64,'primary','Our best plan','The cherry on the cake'),(65,'primary','Pricing','Choisissez le plan qui vous convient, ou le seul disponible...'),(66,'primary','Notre meilleur plan','La cerise sur le gteau'),(67,'primary','Pricing','Choisissez le plan qui vous convient, ou le seul disponible...'),(68,'primary','Notre meilleur plan','La cerise sur le gteau'),(69,'primary','BLOG','Browse our articles'),(70,'primary','BLOG','Parcourez nos articles'),(71,'primary','RESTAURANTS','They are waiting for you'),(72,'primary','RESTAURANTS','Ils vous attendent');
/*!40000 ALTER TABLE `components_shared_headers` ENABLE KEYS */;
UNLOCK TABLES;

--
-- Table structure for table `components_shared_links`
--

DROP TABLE IF EXISTS `components_shared_links`;
/*!40101 SET @saved_cs_client     = @@character_set_client */;
/*!40101 SET character_set_client = utf8 */;
CREATE TABLE `components_shared_links` (
  `id` tinyint(4) DEFAULT NULL,
  `href` varchar(75) DEFAULT NULL,
  `label` varchar(31) DEFAULT NULL,
  `target` varchar(6) DEFAULT NULL,
  `is_external` tinyint(4) DEFAULT NULL
) ENGINE=InnoDB DEFAULT CHARSET=utf8mb4;
/*!40101 SET character_set_client = @saved_cs_client */;

--
-- Dumping data for table `components_shared_links`
--

LOCK TABLES `components_shared_links` WRITE;
/*!40000 ALTER TABLE `components_shared_links` DISABLE KEYS */;
INSERT INTO `components_shared_links` VALUES (1,'/restaurants','Browse restaurants','',0),(2,'/pricing','Pricing','',0),(3,'https://strapi.io/pricing-self-hosted','Strapi Pricing page','_blank',1),(4,'/restaurants','Parcourir les restaurants','',0),(5,'/pricing','Tarifs','',0),(6,'https://strapi.io/pricing-self-hosted','Page Pricing de Strapi','_blank',1),(7,'https://strapi.io/pricing-self-hosted','Page Pricing de Strapi','_blank',1),(8,'https://strapi.io/pricing-self-hosted','Page Pricing de Strapi','_blank',1),(9,'https://strapi.io/pricing-self-hosted','Page Pricing de Strapi','_blank',1),(10,'https://strapi.io/pricing-self-hosted','Page Pricing de Strapi','_blank',1),(11,'https://strapi.io/pricing-self-hosted','Page Pricing de Strapi','_blank',1),(12,'https://strapi.io/pricing-self-hosted','Page Pricing de Strapi','_blank',1),(13,'https://strapi.io/pricing-self-hosted','Page Pricing de Strapi','_blank',1),(14,'https://strapi.io/pricing-self-hosted','Page Pricing de Strapi','_blank',1),(15,'https://strapi.io/pricing-self-hosted','Page Pricing de Strapi','_blank',1),(16,'https://strapi.io/pricing-self-hosted','Page Pricing de Strapi','_blank',1),(17,'https://strapi.io/pricing-self-hosted','Page Pricing de Strapi','_blank',1),(18,'https://strapi.io/pricing-self-hosted','Page Pricing de Strapi','_blank',1),(19,'https://strapi.io/pricing-self-hosted','Page Pricing de Strapi','_blank',1),(20,'https://strapi.io/pricing-self-hosted','Page Pricing de Strapi','_blank',1),(21,'https://strapi.io/pricing-self-hosted','Strapi pricing page','_blank',1),(22,'https://strapi.io/pricing-self-hosted','Page Pricing de Strapi','_blank',1),(23,'https://strapi.io/pricing-self-hosted','Page Pricing de Strapi','_blank',1),(24,'/restaurants','Restaurants','',0),(25,'/pricing','Pricing','',0),(26,'/blog','Blog','',0),(27,'/','FoodAdvisor','',0),(28,'https://docs.strapi.io','Get Started with Strapi','_blank',1),(29,'/restaurants','Restaurants','',0),(30,'/pricing','Pricing','',0),(31,'/blog','Blog','',0),(32,'https://strapi.io/why-strapi','Why Strapi?','_blank',1),(33,'https://strapi.io/content-architecture','Content Architecture','_blank',1),(34,'https://strapi.io/features','Features','_blank',1),(35,'https://portal.productboard.com/strapi/1-roadmap/tabs/2-under-consideration','Roadmap','_blank',1),(36,'https://strapi.io/integrations/nextjs-cms','Strapi + Next.js','_blank',1),(37,'https://strapi.io/about-us','About us','_blank',1),(38,'https://strapi.io/careers','We are hiring','_blank',1),(39,'https://strapi.io/contact','Contact','_blank',1),(40,'https://strapi.io/email-updates','Subscribe to our newsletter','_blank',1),(41,'/restaurants','Restaurants','',0),(42,'/pricing','Tarifs','',0),(43,'/blog','Blog','',0),(44,'/','FoodAdvisor','',0),(45,'https://docs.strapi.io','Dmarrer avec Strapi','_blank',1),(46,'/restaurants','Restaurants','',0),(47,'/pricing','Tarifs','',0),(48,'/blog','Blog','',0),(49,'https://strapi.io/why-strapi','Pourquoi Strapi ?','_blank',1),(50,'https://strapi.io/content-architecture','Architecture du contenu','_blank',1),(51,'https://strapi.io/features','Fonctionnalits','_blank',1),(52,'https://portal.productboard.com/strapi/1-roadmap/tabs/2-under-consideration','Roadmap','_blank',1),(53,'https://strapi.io/integrations/nextjs-cms','Strapi + Next.js','_blank',1),(54,'https://strapi.io/about-us',' propos de nous ','_blank',1),(55,'https://strapi.io/careers','Nous recrutons','_blank',1),(56,'https://strapi.io/contact','Contactez-nous','_blank',1),(57,'https://strapi.io/email-updates','Abonnez-vous  notre newsletter','_blank',1),(58,'https://strapi.io/careers','Strapi career page','_blank',1),(59,'https://strapi.io/careers','Career page de Strapi','_blank',1),(60,'/restaurants','Restaurants','',0),(61,'/pricing','Pricing','',0),(62,'/blog','Blog','',0),(63,'/','FoodAdvisor','',0),(64,'https://docs.strapi.io','Get Started with Strapi','_blank',1),(65,'/restaurants','Restaurants','',0),(66,'/pricing','Pricing','',0),(67,'/blog','Blog','',0),(68,'https://strapi.io/why-strapi','Why Strapi?','_blank',1),(69,'https://strapi.io/content-architecture','Content Architecture','_blank',1),(70,'https://strapi.io/features','Features','_blank',1),(71,'https://portal.productboard.com/strapi/1-roadmap/tabs/2-under-consideration','Roadmap','_blank',1),(72,'https://strapi.io/integrations/nextjs-cms','Strapi + Next.js','_blank',1),(73,'https://strapi.io/about-us','About us','_blank',1),(74,'https://strapi.io/careers','We are hiring','_blank',1),(75,'https://strapi.io/contact','Contact','_blank',1),(76,'https://strapi.io/email-updates','Subscribe to our newsletter','_blank',1),(77,'/restaurants','Restaurants','',0),(78,'/pricing','Pricing','',0),(79,'/blog','Blog','',0),(80,'/','FoodAdvisor','',0),(81,'https://docs.strapi.io','Get Started with Strapi','_blank',1),(82,'/restaurants','Restaurants','',0),(83,'/pricing','Pricing','',0),(84,'/blog','Blog','',0),(85,'https://strapi.io/why-strapi','Why Strapi?','_blank',1),(86,'https://strapi.io/content-architecture','Content Architecture','_blank',1),(87,'https://strapi.io/features','Features','_blank',1),(88,'https://portal.productboard.com/strapi/1-roadmap/tabs/2-under-consideration','Roadmap','_blank',1),(89,'https://strapi.io/integrations/nextjs-cms','Strapi + Next.js','_blank',1),(90,'https://strapi.io/about-us','About us','_blank',1),(91,'https://strapi.io/careers','We are hiring','_blank',1),(92,'https://strapi.io/contact','Contact','_blank',1),(93,'https://strapi.io/email-updates','Subscribe to our newsletter','_blank',1),(94,'https://strapi.io/gold-form','Contact the sales team','_blank',1),(95,'/faq','FAQ','',0);
/*!40000 ALTER TABLE `components_shared_links` ENABLE KEYS */;
UNLOCK TABLES;

--
-- Table structure for table `components_shared_meta_socials`
--

DROP TABLE IF EXISTS `components_shared_meta_socials`;
/*!40101 SET @saved_cs_client     = @@character_set_client */;
/*!40101 SET character_set_client = utf8 */;
CREATE TABLE `components_shared_meta_socials` (
  `id` tinyint(4) DEFAULT NULL,
  `social_network` varchar(8) DEFAULT NULL,
  `title` varchar(52) DEFAULT NULL,
  `description` varchar(61) DEFAULT NULL
) ENGINE=InnoDB DEFAULT CHARSET=utf8mb4;
/*!40101 SET character_set_client = @saved_cs_client */;

--
-- Dumping data for table `components_shared_meta_socials`
--

LOCK TABLES `components_shared_meta_socials` WRITE;
/*!40000 ALTER TABLE `components_shared_meta_socials` DISABLE KEYS */;
INSERT INTO `components_shared_meta_socials` VALUES (1,'Facebook','Browse our best articles about food and restaurants ','Discover our articles about food, restaurants, bars and more!'),(3,'Twitter','7 places worth visiting only for the food',' There is no love sincerer than the love of food.');
/*!40000 ALTER TABLE `components_shared_meta_socials` ENABLE KEYS */;
UNLOCK TABLES;

--
-- Table structure for table `components_shared_perks`
--

DROP TABLE IF EXISTS `components_shared_perks`;
/*!40101 SET @saved_cs_client     = @@character_set_client */;
/*!40101 SET character_set_client = utf8 */;
CREATE TABLE `components_shared_perks` (
  `id` smallint(6) DEFAULT NULL,
  `name` varchar(26) DEFAULT NULL,
  `included` tinyint(4) DEFAULT NULL
) ENGINE=InnoDB DEFAULT CHARSET=utf8mb4;
/*!40101 SET character_set_client = @saved_cs_client */;

--
-- Dumping data for table `components_shared_perks`
--

LOCK TABLES `components_shared_perks` WRITE;
/*!40000 ALTER TABLE `components_shared_perks` DISABLE KEYS */;
INSERT INTO `components_shared_perks` VALUES (1,'Full access to restaurants',1),(2,'Full access to the blog',1),(3,'French locale',1),(4,'Book a call (right corner)',1),(5,'Advantages',0),(6,'More restaurants',0),(7,'More articles',0),(8,'More locales',1),(9,'Accs aux restaurants',1),(10,'Accs aux restaurants',1),(11,'Version franaise',1),(12,'Organiser un appel',1),(13,'Avantages',0),(14,'Plus de restaurants',0),(15,'Plus d\'articles',1),(16,'Accs aux restaurants',1),(17,'Accs aux restaurants',1),(18,'Version franaise',1),(19,'Organiser un appel',1),(20,'Avantages',0),(21,'Plus de restaurants',0),(22,'Plus d\'articles',1),(23,'Accs aux restaurants',1),(24,'Accs aux restaurants',1),(25,'Version franaise',1),(26,'Organiser un appel',1),(27,'Avantages',0),(28,'Plus de restaurants',0),(29,'Plus d\'articles',1),(30,'Accs aux restaurants',1),(31,'Accs aux restaurants',1),(32,'Version franaise',1),(33,'Organiser un appel',1),(34,'Avantages',0),(35,'Plus de restaurants',0),(36,'Plus d\'articles',1),(37,'Accs aux restaurants',1),(38,'Accs aux restaurants',1),(39,'Version franaise',1),(40,'Organiser un appel',1),(41,'Avantages',0),(42,'Plus de restaurants',0),(43,'Plus d\'articles',1),(44,'Accs aux restaurants',1),(45,'Accs aux restaurants',1),(46,'Version franaise',1),(47,'Organiser un appel',1),(48,'Avantages',0),(49,'Plus de restaurants',0),(50,'Plus d\'articles',1),(51,'Accs aux restaurants',1),(52,'Accs aux restaurants',1),(53,'Version franaise',1),(54,'Organiser un appel',1),(55,'Avantages',0),(56,'Plus de restaurants',0),(57,'Plus d\'articles',1),(58,'Accs aux restaurants',1),(59,'Accs aux restaurants',1),(60,'Version franaise',1),(61,'Organiser un appel',1),(62,'Avantages',0),(63,'Plus de restaurants',0),(64,'Plus d\'articles',1),(65,'Accs aux restaurants',1),(66,'Accs aux restaurants',1),(67,'Version franaise',1),(68,'Organiser un appel',1),(69,'Avantages',0),(70,'Plus de restaurants',0),(71,'Plus d\'articles',1),(72,'Accs aux restaurants',1),(73,'Accs aux restaurants',1),(74,'Version franaise',1),(75,'Organiser un appel',1),(76,'Avantages',0),(77,'Plus de restaurants',0),(78,'Plus d\'articles',1),(79,'Accs aux restaurants',1),(80,'Accs aux restaurants',1),(81,'Version franaise',1),(82,'Organiser un appel',1),(83,'Avantages',0),(84,'Plus de restaurants',0),(85,'Plus d\'articles',1),(86,'Accs aux restaurants',1),(87,'Accs aux restaurants',1),(88,'Version franaise',1),(89,'Organiser un appel',1),(90,'Avantages',0),(91,'Plus de restaurants',0),(92,'Plus d\'articles',1),(93,'Accs aux restaurants',1),(94,'Accs aux restaurants',1),(95,'Version franaise',1),(96,'Organiser un appel',1),(97,'Avantages',0),(98,'Plus de restaurants',0),(99,'Plus d\'articles',1),(100,'Accs aux restaurants',1),(101,'Accs aux restaurants',1),(102,'Version franaise',1),(103,'Organiser un appel',1),(104,'Avantages',0),(105,'Plus de restaurants',0),(106,'Plus d\'articles',1),(107,'Accs aux restaurants',1),(108,'Accs aux restaurants',1),(109,'Version franaise',1),(110,'Organiser un appel',1),(111,'Avantages',0),(112,'Plus de restaurants',0),(113,'Plus d\'articles',1),(114,'Full access to restaurants',1),(115,'Full access to the blog',1),(116,'French locale',1),(117,'Book a call (right corner)',1),(118,'Advantages',0),(119,'More restaurants',0),(120,'More articles',0),(121,'More locales',0),(122,'Accs aux restaurants',1),(123,'Accs au blog',1),(124,'Version franaise',1),(125,'Organiser un appel',1),(126,'Avantages',0),(127,'Plus de restaurants',0),(128,'Plus d\'articles',1),(129,'Accs aux restaurants',1),(130,'Accs au blog',1),(131,'Version franaise',1),(132,'Organiser un appel',1),(133,'Avantages',0),(134,'Plus de restaurants',0),(135,'Plus d\'articles',1);
/*!40000 ALTER TABLE `components_shared_perks` ENABLE KEYS */;
UNLOCK TABLES;

--
-- Table structure for table `components_shared_pricing_cards`
--

DROP TABLE IF EXISTS `components_shared_pricing_cards`;
/*!40101 SET @saved_cs_client     = @@character_set_client */;
/*!40101 SET character_set_client = utf8 */;
CREATE TABLE `components_shared_pricing_cards` (
  `id` tinyint(4) DEFAULT NULL,
  `title` varchar(10) DEFAULT NULL,
  `description` varchar(36) DEFAULT NULL,
  `price` tinyint(4) DEFAULT NULL
) ENGINE=InnoDB DEFAULT CHARSET=utf8mb4;
/*!40101 SET character_set_client = @saved_cs_client */;

--
-- Dumping data for table `components_shared_pricing_cards`
--

LOCK TABLES `components_shared_pricing_cards` WRITE;
/*!40000 ALTER TABLE `components_shared_pricing_cards` DISABLE KEYS */;
INSERT INTO `components_shared_pricing_cards` VALUES (1,'Free','Enjoy this demo for free.',0),(2,'Enterprise','Don\'t take this plan.',45),(3,'Gatuit','Profitez de cette dmo gratuitement.',0),(4,'Enterprise','Ne prenez pas ce plan.',45),(5,'Gatuit','Profitez de cette dmo gratuitement.',0),(6,'Enterprise','Ne prenez pas ce plan.',45),(7,'Gatuit','Profitez de cette dmo gratuitement.',0),(8,'Enterprise','Ne prenez pas ce plan.',45),(9,'Gatuit','Profitez de cette dmo gratuitement.',0),(10,'Enterprise','Ne prenez pas ce plan.',45),(11,'Gatuit','Profitez de cette dmo gratuitement.',0),(12,'Enterprise','Ne prenez pas ce plan.',45),(13,'Gatuit','Profitez de cette dmo gratuitement.',0),(14,'Enterprise','Ne prenez pas ce plan.',45),(15,'Gatuit','Profitez de cette dmo gratuitement.',0),(16,'Enterprise','Ne prenez pas ce plan.',45),(17,'Gatuit','Profitez de cette dmo gratuitement.',0),(18,'Enterprise','Ne prenez pas ce plan.',45),(19,'Gatuit','Profitez de cette dmo gratuitement.',0),(20,'Enterprise','Ne prenez pas ce plan.',45),(21,'Gatuit','Profitez de cette dmo gratuitement.',0),(22,'Enterprise','Ne prenez pas ce plan.',45),(23,'Gatuit','Profitez de cette dmo gratuitement.',0),(24,'Enterprise','Ne prenez pas ce plan.',45),(25,'Gatuit','Profitez de cette dmo gratuitement.',0),(26,'Enterprise','Ne prenez pas ce plan.',45),(27,'Gatuit','Profitez de cette dmo gratuitement.',0),(28,'Enterprise','Ne prenez pas ce plan.',45),(29,'Gatuit','Profitez de cette dmo gratuitement.',0),(30,'Enterprise','Ne prenez pas ce plan.',45),(31,'Gatuit','Profitez de cette dmo gratuitement.',0),(32,'Enterprise','Ne prenez pas ce plan.',45),(33,'Free','Enjoy this demo for free.',0),(34,'Enterprise','Don\'t take this plan.',45),(35,'Gatuit','Profitez de cette dmo gratuitement.',0),(36,'Entreprise','Ne prenez pas ce plan.',45),(37,'Gatuit','Profitez de cette dmo gratuitement.',0),(38,'Entreprise','Ne prenez pas ce plan.',45);
/*!40000 ALTER TABLE `components_shared_pricing_cards` ENABLE KEYS */;
UNLOCK TABLES;

--
-- Table structure for table `components_shared_pricing_cards_components`
--

DROP TABLE IF EXISTS `components_shared_pricing_cards_components`;
/*!40101 SET @saved_cs_client     = @@character_set_client */;
/*!40101 SET character_set_client = utf8 */;
CREATE TABLE `components_shared_pricing_cards_components` (
  `id` smallint(6) DEFAULT NULL,
  `entity_id` tinyint(4) DEFAULT NULL,
  `component_id` smallint(6) DEFAULT NULL,
  `component_type` varchar(13) DEFAULT NULL,
  `field` varchar(5) DEFAULT NULL,
  `order` tinyint(4) DEFAULT NULL
) ENGINE=InnoDB DEFAULT CHARSET=utf8mb4;
/*!40101 SET character_set_client = @saved_cs_client */;

--
-- Dumping data for table `components_shared_pricing_cards_components`
--

LOCK TABLES `components_shared_pricing_cards_components` WRITE;
/*!40000 ALTER TABLE `components_shared_pricing_cards_components` DISABLE KEYS */;
INSERT INTO `components_shared_pricing_cards_components` VALUES (17,3,9,'pricing.perks','perks',1),(18,3,10,'pricing.perks','perks',2),(19,3,11,'pricing.perks','perks',3),(20,3,12,'pricing.perks','perks',4),(21,4,13,'pricing.perks','perks',1),(22,4,14,'pricing.perks','perks',2),(23,4,15,'pricing.perks','perks',3),(24,5,16,'pricing.perks','perks',1),(25,5,17,'pricing.perks','perks',2),(26,5,18,'pricing.perks','perks',3),(27,5,19,'pricing.perks','perks',4),(28,6,20,'pricing.perks','perks',1),(29,6,21,'pricing.perks','perks',2),(30,6,22,'pricing.perks','perks',3),(31,7,23,'pricing.perks','perks',1),(32,7,24,'pricing.perks','perks',2),(33,7,25,'pricing.perks','perks',3),(34,7,26,'pricing.perks','perks',4),(35,8,27,'pricing.perks','perks',1),(36,8,28,'pricing.perks','perks',2),(37,8,29,'pricing.perks','perks',3),(38,9,30,'pricing.perks','perks',1),(39,9,31,'pricing.perks','perks',2),(40,9,32,'pricing.perks','perks',3),(41,9,33,'pricing.perks','perks',4),(42,10,34,'pricing.perks','perks',1),(43,10,35,'pricing.perks','perks',2),(44,10,36,'pricing.perks','perks',3),(45,11,37,'pricing.perks','perks',1),(46,11,38,'pricing.perks','perks',2),(47,11,39,'pricing.perks','perks',3),(48,11,40,'pricing.perks','perks',4),(49,12,41,'pricing.perks','perks',1),(50,12,42,'pricing.perks','perks',2),(51,12,43,'pricing.perks','perks',3),(52,13,44,'pricing.perks','perks',1),(53,13,45,'pricing.perks','perks',2),(54,13,46,'pricing.perks','perks',3),(55,13,47,'pricing.perks','perks',4),(56,14,48,'pricing.perks','perks',1),(57,14,49,'pricing.perks','perks',2),(58,14,50,'pricing.perks','perks',3),(59,15,51,'pricing.perks','perks',1),(60,15,52,'pricing.perks','perks',2),(61,15,53,'pricing.perks','perks',3),(62,15,54,'pricing.perks','perks',4),(63,16,55,'pricing.perks','perks',1),(64,16,56,'pricing.perks','perks',2),(65,16,57,'pricing.perks','perks',3),(66,17,58,'pricing.perks','perks',1),(67,17,59,'pricing.perks','perks',2),(68,17,60,'pricing.perks','perks',3),(69,17,61,'pricing.perks','perks',4),(70,18,62,'pricing.perks','perks',1),(71,18,63,'pricing.perks','perks',2),(72,18,64,'pricing.perks','perks',3),(73,19,65,'pricing.perks','perks',1),(74,19,66,'pricing.perks','perks',2),(75,19,67,'pricing.perks','perks',3),(76,19,68,'pricing.perks','perks',4),(77,20,69,'pricing.perks','perks',1),(78,20,70,'pricing.perks','perks',2),(79,20,71,'pricing.perks','perks',3),(80,21,72,'pricing.perks','perks',1),(81,21,73,'pricing.perks','perks',2),(82,21,74,'pricing.perks','perks',3),(83,21,75,'pricing.perks','perks',4),(84,22,76,'pricing.perks','perks',1),(85,22,77,'pricing.perks','perks',2),(86,22,78,'pricing.perks','perks',3),(87,23,79,'pricing.perks','perks',1),(88,23,80,'pricing.perks','perks',2),(89,23,81,'pricing.perks','perks',3),(90,23,82,'pricing.perks','perks',4),(91,24,83,'pricing.perks','perks',1),(92,24,84,'pricing.perks','perks',2),(93,24,85,'pricing.perks','perks',3),(94,25,86,'pricing.perks','perks',1),(95,25,87,'pricing.perks','perks',2),(96,25,88,'pricing.perks','perks',3),(97,25,89,'pricing.perks','perks',4),(98,26,90,'pricing.perks','perks',1),(99,26,91,'pricing.perks','perks',2),(100,26,92,'pricing.perks','perks',3),(101,27,93,'pricing.perks','perks',1),(102,27,94,'pricing.perks','perks',2),(103,27,95,'pricing.perks','perks',3),(104,27,96,'pricing.perks','perks',4),(105,28,97,'pricing.perks','perks',1),(106,28,98,'pricing.perks','perks',2),(107,28,99,'pricing.perks','perks',3),(108,29,100,'pricing.perks','perks',1),(109,29,101,'pricing.perks','perks',2),(110,29,102,'pricing.perks','perks',3),(111,29,103,'pricing.perks','perks',4),(112,30,104,'pricing.perks','perks',1),(113,30,105,'pricing.perks','perks',2),(114,30,106,'pricing.perks','perks',3),(115,31,107,'pricing.perks','perks',1),(116,31,108,'pricing.perks','perks',2),(117,31,109,'pricing.perks','perks',3),(118,31,110,'pricing.perks','perks',4),(119,32,111,'pricing.perks','perks',1),(120,32,112,'pricing.perks','perks',2),(121,32,113,'pricing.perks','perks',3),(122,1,1,'pricing.perks','perks',1),(123,1,2,'pricing.perks','perks',2),(124,1,3,'pricing.perks','perks',3),(125,1,4,'pricing.perks','perks',4),(126,2,5,'pricing.perks','perks',1),(127,2,6,'pricing.perks','perks',2),(128,2,7,'pricing.perks','perks',3),(129,2,8,'pricing.perks','perks',4),(138,35,122,'pricing.perks','perks',1),(139,35,123,'pricing.perks','perks',2),(140,35,124,'pricing.perks','perks',3),(141,35,125,'pricing.perks','perks',4),(142,36,126,'pricing.perks','perks',1),(143,36,127,'pricing.perks','perks',2),(144,36,128,'pricing.perks','perks',3),(197,33,114,'pricing.perks','perks',1),(198,33,115,'pricing.perks','perks',2),(199,33,116,'pricing.perks','perks',3),(200,33,117,'pricing.perks','perks',4),(201,34,118,'pricing.perks','perks',1),(202,34,119,'pricing.perks','perks',2),(203,34,120,'pricing.perks','perks',3),(204,34,121,'pricing.perks','perks',4),(226,37,129,'pricing.perks','perks',1),(227,37,130,'pricing.perks','perks',2),(228,37,131,'pricing.perks','perks',3),(229,37,132,'pricing.perks','perks',4),(230,38,133,'pricing.perks','perks',1),(231,38,134,'pricing.perks','perks',2),(232,38,135,'pricing.perks','perks',3);
/*!40000 ALTER TABLE `components_shared_pricing_cards_components` ENABLE KEYS */;
UNLOCK TABLES;

--
-- Table structure for table `components_shared_publications`
--

DROP TABLE IF EXISTS `components_shared_publications`;
/*!40101 SET @saved_cs_client     = @@character_set_client */;
/*!40101 SET character_set_client = utf8 */;
CREATE TABLE `components_shared_publications` (
  `id` varchar(0) DEFAULT NULL,
  `publish_at` varchar(0) DEFAULT NULL,
  `ready` varchar(0) DEFAULT NULL
) ENGINE=InnoDB DEFAULT CHARSET=utf8mb4;
/*!40101 SET character_set_client = @saved_cs_client */;

--
-- Dumping data for table `components_shared_publications`
--

LOCK TABLES `components_shared_publications` WRITE;
/*!40000 ALTER TABLE `components_shared_publications` DISABLE KEYS */;
/*!40000 ALTER TABLE `components_shared_publications` ENABLE KEYS */;
UNLOCK TABLES;

--
-- Table structure for table `components_shared_question_answers`
--

DROP TABLE IF EXISTS `components_shared_question_answers`;
/*!40101 SET @saved_cs_client     = @@character_set_client */;
/*!40101 SET character_set_client = utf8 */;
CREATE TABLE `components_shared_question_answers` (
  `id` tinyint(4) DEFAULT NULL,
  `question` varchar(73) DEFAULT NULL,
  `answer` text
) ENGINE=InnoDB DEFAULT CHARSET=utf8mb4;
/*!40101 SET character_set_client = @saved_cs_client */;

--
-- Dumping data for table `components_shared_question_answers`
--

LOCK TABLES `components_shared_question_answers` WRITE;
/*!40000 ALTER TABLE `components_shared_question_answers` DISABLE KEYS */;
INSERT INTO `components_shared_question_answers` VALUES (1,'Do we use Strapi + Next.js for our blog?','**Yes!** Our website, [Strapi](https://strapi.io.io/blog), is using Strapi and Next.js. The logic and architecture of FoodAdvisor was heavily inspired by what has been done for our website.'),(2,'Is this SEO friendly?','**Absolutely!** Based on its flexibility, Strapi will allow you to make you website SEO friendly. You just need to create the necessary fields and data for your frontend to be able to rank well.\nFind some [good practices about SEO](https://strapi.io/blog/headless-cms-strapi-seo-best-practices).'),(3,'Do we use Strapi + Next.js for our blog?','**Yes!** Our website, [Strapi](https://strapi.io.io/blog), is using Strapi and Next.js. The logic and architecture of FoodAdvisor was heavily inspired by what has been done for our website.'),(4,'Is this SEO friendly?','**Absolutely!** Based on its flexibility, Strapi will allow you to make you website SEO friendly. You just need to create the necessary fields and data for your frontend to be able to rank well.\nFind some [good practices about SEO](https://strapi.io/blog/headless-cms-strapi-seo-best-practices).'),(5,'Utilisons-nous Strapi + Next.js pour notre blog?','**Oui !** Notre site web [Strapi](https://strapi.io.io/blog), utilise Strapi et Next.js. La logique et l\'architecture de FoodAdvisor a t fortement inspires de ce qui a t fait pour notre site Web.'),(6,'Est-ce bon pour le SEO ?','**Absolument !** Bas sur sa flexibilit, Strapi vous permettra de rendre votre site web SEO friendly pour le rfrencement. Il vous suffit de crer les champs et les donnes ncessaires pour que votre frontend puisse bien performer dans les rsultats de recherches.\nVoici quelques [bonnes pratiques sur le rfrencement](https://strapi.io/blog/headless-cms-strapi-seo-best-practices).'),(7,'Utilisons-nous Strapi + Next.js pour notre blog?','**Oui !** Notre site web [Strapi](https://strapi.io.io/blog), utilise Strapi et Next.js. La logique et l\'architecture de FoodAdvisor ont t fortement inspires de ce qui a t fait pour notre site Web.'),(8,'Est-ce bon pour le SEO ?','**Absolument !** Bas sur sa flexibilit, Strapi vous permettra de rendre votre site web SEO friendly pour le rfrencement. Il vous suffit de crer les champs et les donnes ncessaires pour que votre frontend puisse bien performer dans les rsultats de recherches. Voici quelques [bonnes pratiques sur le rfrencement](https://strapi.io/blog/headless-cms-strapi-seo-best-practices).'),(9,'What is Strapi?','Strapi is an open-source, Node.js based, [Headless CMS](https://strapi.io/what-is-headless-cms) that saves developers a lot of development time while giving them the freedom to use their favorite tools and frameworks.'),(10,'What are the most popular Strapi use cases?','Traditional use cases include [static websites](https://strapi.io/solutions/static-websites), [mobile apps](https://strapi.io/solutions/mobile-cms), [e-commerce](https://strapi.io/solutions/ecommerce-cms), [editorial](https://strapi.io/solutions/editorial-cms) and [corporate websites](https://strapi.io/solutions/corporate-website-cms). However, you can use Strapi to build any type of content-oriented applications including delivery to portable IoT devices or internal tools.'),(11,'How do I start a Strapi project on my computer?','```npx create-strapi-app my-project --quickstart```\n\nFollow our [documentation](https://strapi.io/documentation/developer-docs/latest/getting-started/quick-start.html#_1-install-strapi-and-create-a-new-project) '),(12,'Can I fully customize FoodAdvisor on my machine?','**Yes!** FoodAdvisor is public on [Github](https://github.com/strapi/foodadvisor). Feel free to fully customize it on your own machine.'),(13,'Is this FAQ part of a dynamic zone?','**Yes!** This FAQ is a component part of a **blocks** category in Strapi. The `Page` collection-type contains a **blocks** dynamic zone that include this FAQ component.\nIt means that I can dynamically insert an infinite number of FAQ in this page '),(14,'Does it mean that I can customize the sections of this page?','**Yes!** Just include the components you want to add to your `Page` collection-type dynamic zone (blocks), add your data and you are good to go!'),(15,'Can I create pages on the fly?','**Absolutely!** The `Page` collection-type allows you to create pages on the fly with a defined list of blocks. Try to create an `/about` page for example '),(16,'Qu\'est-ce que Strapi ?','Strapi est un [Headless CMS](https://strapi.io/what-is-headless-cms) open source, bas sur Node.js qui permet aux dveloppeurs d\'conomiser beaucoup de temps de dveloppement tout en leur donnant la libert d\'utiliser leur outils et framework favoris.'),(17,'Quels sont les cas d\'utilisations les plus populaires ?','Les cas d\'utilisation traditionnels incluent les [sites web statiques](https://strapi.io/solutions/static-websites), [applications mobiles](https://strapi.io/solutions/mobile-cms), [e-commerce]( https://strapi.io/solutions/ecommerce-cms), [blog](https://strapi.io/solutions/editorial-cms) et [sites corporate](https://strapi.io/solutions/corporate-site-cms). Cependant, vous pouvez utiliser Strapi pour crer tout type d\'applications orientes contenu, y compris pour des appareils IoT portables ou  des outils internes.'),(18,'Comment dmarrer un projet Strapi sur mon ordinateur ?','```npx create-strapi-app my-project --quickstart```\n\nSuivez notre [documentation](https://strapi.io/documentation/developer-docs/latest/getting-started/quick-start.html#_1-install-strapi-and-create-a-new-project) '),(19,'Puis-je personnaliser entirement FoodAdvisor sur ma machine ?','**Oui!** FoodAdvisor est public sur [Github](https://github.com/strapi/foodadvisor). N\'hsitez pas  le personnaliser entirement sur votre propre machine.'),(20,'Cette FAQ fait-elle partie d\'une dynamic zone?','**Oui !** Cette FAQ fait partie d\'une catgorie **blocks** dans Strapi. Le Collection-type `Page` contient une dynamic zone **blocks** qui inclut ce composant FAQ.\nCela signifie que vous pouvez insrer dynamiquement un nombre infini de FAQ sur cette page '),(21,'Cela signifie-t-il que je peux personnaliser les sections de cette page?','**Oui !** Incluez simplement les composants que vous souhaitez ajouter  votre dynamic zone de votre Collection-type `Page` (blocks), ajoutez vos donnes et vous tes prt c\'est partie !'),(22,'Puis-je crer des pages  la vole ?','**Absolument !** Le Collection-Type `Page` vous permet de crer des pages  la vole avec une liste dfinie de composants. Essayez de crer une page `/about` par exemple '),(23,'Puis-je personnaliser entirement FoodAdvisor sur ma machine ?','**Oui!** FoodAdvisor est public sur [Github](https://github.com/strapi/foodadvisor). N\'hsitez pas  le personnaliser entirement sur votre propre machine.'),(24,'Cette FAQ fait-elle partie d\'une dynamic zone?','**Oui !** Cette FAQ fait partie d\'une catgorie **blocks** dans Strapi. Le Collection-type `Page` contient une dynamic zone **blocks** qui inclut ce composant FAQ.\nCela signifie que vous pouvez insrer dynamiquement un nombre infini de FAQ sur cette page '),(25,'Cela signifie-t-il que je peux personnaliser les sections de cette page?','**Oui !** Incluez simplement les composants que vous souhaitez ajouter  votre dynamic zone de votre Collection-type `Page` (blocks), ajoutez vos donnes et vous tes prt c\'est partie !'),(26,'Puis-je crer des pages  la vole ?','**Absolument !** Le Collection-Type `Page` vous permet de crer des pages  la vole avec une liste dfinie de composants. Essayez de crer une page `/about` par exemple '),(27,'Puis-je personnaliser entirement FoodAdvisor sur ma machine ?','**Oui!** FoodAdvisor est public sur [Github](https://github.com/strapi/foodadvisor). N\'hsitez pas  le personnaliser entirement sur votre propre machine.'),(28,'Cette FAQ fait-elle partie d\'une dynamic zone?','**Oui !** Cette FAQ fait partie d\'une catgorie **blocks** dans Strapi. Le Collection-type `Page` contient une dynamic zone **blocks** qui inclut ce composant FAQ.\nCela signifie que vous pouvez insrer dynamiquement un nombre infini de FAQ sur cette page '),(29,'Cela signifie-t-il que je peux personnaliser les sections de cette page?','**Oui !** Incluez simplement les composants que vous souhaitez ajouter  votre dynamic zone de votre Collection-type `Page` (blocks), ajoutez vos donnes et vous tes prt c\'est partie !'),(30,'Puis-je crer des pages  la vole ?','**Absolument !** Le Collection-Type `Page` vous permet de crer des pages  la vole avec une liste dfinie de composants. Essayez de crer une page `/about` par exemple '),(31,'Puis-je personnaliser entirement FoodAdvisor sur ma machine ?','**Oui!** FoodAdvisor est public sur [Github](https://github.com/strapi/foodadvisor). N\'hsitez pas  le personnaliser entirement sur votre propre machine.'),(32,'Cette FAQ fait-elle partie d\'une dynamic zone?','**Oui !** Cette FAQ fait partie d\'une catgorie **blocks** dans Strapi. Le Collection-type `Page` contient une dynamic zone **blocks** qui inclut ce composant FAQ.\nCela signifie que vous pouvez insrer dynamiquement un nombre infini de FAQ sur cette page '),(33,'Cela signifie-t-il que je peux personnaliser les sections de cette page?','**Oui !** Incluez simplement les composants que vous souhaitez ajouter  votre dynamic zone de votre Collection-type `Page` (blocks), ajoutez vos donnes et vous tes prt c\'est partie !'),(34,'Puis-je crer des pages  la vole ?','**Absolument !** Le Collection-Type `Page` vous permet de crer des pages  la vole avec une liste dfinie de composants. Essayez de crer une page `/about` par exemple '),(35,'Puis-je personnaliser entirement FoodAdvisor sur ma machine ?','**Oui!** FoodAdvisor est public sur [Github](https://github.com/strapi/foodadvisor). N\'hsitez pas  le personnaliser entirement sur votre propre machine.'),(36,'Cette FAQ fait-elle partie d\'une dynamic zone?','**Oui !** Cette FAQ fait partie d\'une catgorie **blocks** dans Strapi. Le Collection-type `Page` contient une dynamic zone **blocks** qui inclut ce composant FAQ.\nCela signifie que vous pouvez insrer dynamiquement un nombre infini de FAQ sur cette page '),(37,'Cela signifie-t-il que je peux personnaliser les sections de cette page?','**Oui !** Incluez simplement les composants que vous souhaitez ajouter  votre dynamic zone de votre Collection-type `Page` (blocks), ajoutez vos donnes et vous tes prt c\'est partie !'),(38,'Puis-je crer des pages  la vole ?','**Absolument !** Le Collection-Type `Page` vous permet de crer des pages  la vole avec une liste dfinie de composants. Essayez de crer une page `/about` par exemple '),(39,'Puis-je personnaliser entirement FoodAdvisor sur ma machine ?','**Oui!** FoodAdvisor est public sur [Github](https://github.com/strapi/foodadvisor). N\'hsitez pas  le personnaliser entirement sur votre propre machine.'),(40,'Cette FAQ fait-elle partie d\'une dynamic zone?','**Oui !** Cette FAQ fait partie d\'une catgorie **blocks** dans Strapi. Le Collection-type `Page` contient une dynamic zone **blocks** qui inclut ce composant FAQ.\nCela signifie que vous pouvez insrer dynamiquement un nombre infini de FAQ sur cette page '),(41,'Cela signifie-t-il que je peux personnaliser les sections de cette page?','**Oui !** Incluez simplement les composants que vous souhaitez ajouter  votre dynamic zone de votre Collection-type `Page` (blocks), ajoutez vos donnes et vous tes prt c\'est partie !'),(42,'Puis-je crer des pages  la vole ?','**Absolument !** Le Collection-Type `Page` vous permet de crer des pages  la vole avec une liste dfinie de composants. Essayez de crer une page `/about` par exemple '),(43,'Puis-je personnaliser entirement FoodAdvisor sur ma machine ?','**Oui!** FoodAdvisor est public sur [Github](https://github.com/strapi/foodadvisor). N\'hsitez pas  le personnaliser entirement sur votre propre machine.'),(44,'Cette FAQ fait-elle partie d\'une dynamic zone?','**Oui !** Cette FAQ fait partie d\'une catgorie **blocks** dans Strapi. Le Collection-type `Page` contient une dynamic zone **blocks** qui inclut ce composant FAQ.\nCela signifie que vous pouvez insrer dynamiquement un nombre infini de FAQ sur cette page '),(45,'Cela signifie-t-il que je peux personnaliser les sections de cette page?','**Oui !** Incluez simplement les composants que vous souhaitez ajouter  votre dynamic zone de votre Collection-type `Page` (blocks), ajoutez vos donnes et vous tes prt c\'est partie !'),(46,'Puis-je crer des pages  la vole ?','**Absolument !** Le Collection-Type `Page` vous permet de crer des pages  la vole avec une liste dfinie de composants. Essayez de crer une page `/about` par exemple '),(47,'Puis-je personnaliser entirement FoodAdvisor sur ma machine ?','**Oui!** FoodAdvisor est public sur [Github](https://github.com/strapi/foodadvisor). N\'hsitez pas  le personnaliser entirement sur votre propre machine.'),(48,'Cette FAQ fait-elle partie d\'une dynamic zone?','**Oui !** Cette FAQ fait partie d\'une catgorie **blocks** dans Strapi. Le Collection-type `Page` contient une dynamic zone **blocks** qui inclut ce composant FAQ.\nCela signifie que vous pouvez insrer dynamiquement un nombre infini de FAQ sur cette page '),(49,'Cela signifie-t-il que je peux personnaliser les sections de cette page?','**Oui !** Incluez simplement les composants que vous souhaitez ajouter  votre dynamic zone de votre Collection-type `Page` (blocks), ajoutez vos donnes et vous tes prt c\'est partie !'),(50,'Puis-je crer des pages  la vole ?','**Absolument !** Le Collection-Type `Page` vous permet de crer des pages  la vole avec une liste dfinie de composants. Essayez de crer une page `/about` par exemple '),(51,'Puis-je personnaliser entirement FoodAdvisor sur ma machine ?','**Oui!** FoodAdvisor est public sur [Github](https://github.com/strapi/foodadvisor). N\'hsitez pas  le personnaliser entirement sur votre propre machine.'),(52,'Cette FAQ fait-elle partie d\'une dynamic zone?','**Oui !** Cette FAQ fait partie d\'une catgorie **blocks** dans Strapi. Le Collection-type `Page` contient une dynamic zone **blocks** qui inclut ce composant FAQ.\nCela signifie que vous pouvez insrer dynamiquement un nombre infini de FAQ sur cette page '),(53,'Cela signifie-t-il que je peux personnaliser les sections de cette page?','**Oui !** Incluez simplement les composants que vous souhaitez ajouter  votre dynamic zone de votre Collection-type `Page` (blocks), ajoutez vos donnes et vous tes prt c\'est partie !'),(54,'Puis-je crer des pages  la vole ?','**Absolument !** Le Collection-Type `Page` vous permet de crer des pages  la vole avec une liste dfinie de composants. Essayez de crer une page `/about` par exemple '),(55,'Puis-je personnaliser entirement FoodAdvisor sur ma machine ?','**Oui!** FoodAdvisor est public sur [Github](https://github.com/strapi/foodadvisor). N\'hsitez pas  le personnaliser entirement sur votre propre machine.'),(56,'Cette FAQ fait-elle partie d\'une dynamic zone?','**Oui !** Cette FAQ fait partie d\'une catgorie **blocks** dans Strapi. Le Collection-type `Page` contient une dynamic zone **blocks** qui inclut ce composant FAQ.\nCela signifie que vous pouvez insrer dynamiquement un nombre infini de FAQ sur cette page '),(57,'Cela signifie-t-il que je peux personnaliser les sections de cette page?','**Oui !** Incluez simplement les composants que vous souhaitez ajouter  votre dynamic zone de votre Collection-type `Page` (blocks), ajoutez vos donnes et vous tes prt c\'est partie !'),(58,'Puis-je crer des pages  la vole ?','**Absolument !** Le Collection-Type `Page` vous permet de crer des pages  la vole avec une liste dfinie de composants. Essayez de crer une page `/about` par exemple '),(59,'Puis-je personnaliser entirement FoodAdvisor sur ma machine ?','**Oui!** FoodAdvisor est public sur [Github](https://github.com/strapi/foodadvisor). N\'hsitez pas  le personnaliser entirement sur votre propre machine.'),(60,'Cette FAQ fait-elle partie d\'une dynamic zone?','**Oui !** Cette FAQ fait partie d\'une catgorie **blocks** dans Strapi. Le Collection-type `Page` contient une dynamic zone **blocks** qui inclut ce composant FAQ.\nCela signifie que vous pouvez insrer dynamiquement un nombre infini de FAQ sur cette page '),(61,'Cela signifie-t-il que je peux personnaliser les sections de cette page?','**Oui !** Incluez simplement les composants que vous souhaitez ajouter  votre dynamic zone de votre Collection-type `Page` (blocks), ajoutez vos donnes et vous tes prt c\'est partie !'),(62,'Puis-je crer des pages  la vole ?','**Absolument !** Le Collection-Type `Page` vous permet de crer des pages  la vole avec une liste dfinie de composants. Essayez de crer une page `/about` par exemple '),(63,'Puis-je personnaliser entirement FoodAdvisor sur ma machine ?','**Oui!** FoodAdvisor est public sur [Github](https://github.com/strapi/foodadvisor). N\'hsitez pas  le personnaliser entirement sur votre propre machine.'),(64,'Cette FAQ fait-elle partie d\'une dynamic zone?','**Oui !** Cette FAQ fait partie d\'une catgorie **blocks** dans Strapi. Le Collection-type `Page` contient une dynamic zone **blocks** qui inclut ce composant FAQ.\nCela signifie que vous pouvez insrer dynamiquement un nombre infini de FAQ sur cette page '),(65,'Cela signifie-t-il que je peux personnaliser les sections de cette page?','**Oui !** Incluez simplement les composants que vous souhaitez ajouter  votre dynamic zone de votre Collection-type `Page` (blocks), ajoutez vos donnes et vous tes prt c\'est partie !'),(66,'Puis-je crer des pages  la vole ?','**Absolument !** Le Collection-Type `Page` vous permet de crer des pages  la vole avec une liste dfinie de composants. Essayez de crer une page `/about` par exemple '),(67,'Puis-je personnaliser entirement FoodAdvisor sur ma machine ?','**Oui!** FoodAdvisor est public sur [Github](https://github.com/strapi/foodadvisor). N\'hsitez pas  le personnaliser entirement sur votre propre machine.'),(68,'Cette FAQ fait-elle partie d\'une dynamic zone?','**Oui !** Cette FAQ fait partie d\'une catgorie **blocks** dans Strapi. Le Collection-type `Page` contient une dynamic zone **blocks** qui inclut ce composant FAQ.\nCela signifie que vous pouvez insrer dynamiquement un nombre infini de FAQ sur cette page '),(69,'Cela signifie-t-il que je peux personnaliser les sections de cette page?','**Oui !** Incluez simplement les composants que vous souhaitez ajouter  votre dynamic zone de votre Collection-type `Page` (blocks), ajoutez vos donnes et vous tes prt c\'est partie !'),(70,'Puis-je crer des pages  la vole ?','**Absolument !** Le Collection-Type `Page` vous permet de crer des pages  la vole avec une liste dfinie de composants. Essayez de crer une page `/about` par exemple '),(71,'Puis-je personnaliser entirement FoodAdvisor sur ma machine ?','**Oui!** FoodAdvisor est public sur [Github](https://github.com/strapi/foodadvisor). N\'hsitez pas  le personnaliser entirement sur votre propre machine.'),(72,'Cette FAQ fait-elle partie d\'une dynamic zone?','**Oui !** Cette FAQ fait partie d\'une catgorie **blocks** dans Strapi. Le Collection-type `Page` contient une dynamic zone **blocks** qui inclut ce composant FAQ.\nCela signifie que vous pouvez insrer dynamiquement un nombre infini de FAQ sur cette page '),(73,'Cela signifie-t-il que je peux personnaliser les sections de cette page?','**Oui !** Incluez simplement les composants que vous souhaitez ajouter  votre dynamic zone de votre Collection-type `Page` (blocks), ajoutez vos donnes et vous tes prt c\'est partie !'),(74,'Puis-je crer des pages  la vole ?','**Absolument !** Le Collection-Type `Page` vous permet de crer des pages  la vole avec une liste dfinie de composants. Essayez de crer une page `/about` par exemple '),(75,'Puis-je personnaliser entirement FoodAdvisor sur ma machine ?','**Oui!** FoodAdvisor est public sur [Github](https://github.com/strapi/foodadvisor). N\'hsitez pas  le personnaliser entirement sur votre propre machine.'),(76,'Cette FAQ fait-elle partie d\'une dynamic zone?','**Oui !** Cette FAQ fait partie d\'une catgorie **blocks** dans Strapi. Le Collection-type `Page` contient une dynamic zone **blocks** qui inclut ce composant FAQ.\nCela signifie que vous pouvez insrer dynamiquement un nombre infini de FAQ sur cette page '),(77,'Cela signifie-t-il que je peux personnaliser les sections de cette page?','**Oui !** Incluez simplement les composants que vous souhaitez ajouter  votre dynamic zone de votre Collection-type `Page` (blocks), ajoutez vos donnes et vous tes prt c\'est partie !'),(78,'Puis-je crer des pages  la vole ?','**Absolument !** Le Collection-Type `Page` vous permet de crer des pages  la vole avec une liste dfinie de composants. Essayez de crer une page `/about` par exemple '),(79,'Can I fully customize FoodAdvisor on my machine?','**Yes!** FoodAdvisor is public on [Github](https://github.com/strapi/foodadvisor). Feel free to fully customize it on your own machine.'),(80,'Is this FAQ part of a dynamic zone?','**Yes!** This FAQ is a component part of a **blocks** category in Strapi. The `Page` collection-type contains a **blocks** dynamic zone that include this FAQ component.\nIt means that I can dynamically insert an infinite number of FAQ in this page '),(81,'Does it mean that I can customize the sections of this page?','**Yes!** Just include the components you want to add to your `Page` collection-type dynamic zone (blocks), add your data and you are good to go!'),(82,'Can I create pages on the fly?','**Absolutely!** The `Page` collection-type allows you to create pages on the fly with a defined list of blocks. Try to create an `/about` page for example '),(83,'Puis-je personnaliser entirement FoodAdvisor sur ma machine ?','**Oui!** FoodAdvisor est public sur [Github](https://github.com/strapi/foodadvisor). N\'hsitez pas  le personnaliser entirement sur votre propre machine.'),(84,'Cette FAQ fait-elle partie d\'une dynamic zone?','**Oui !** Cette FAQ fait partie d\'une catgorie **blocks** dans Strapi. Le Collection-type `Page` contient une dynamic zone **blocks** qui inclut ce composant FAQ.\nCela signifie que vous pouvez insrer dynamiquement un nombre infini de FAQ sur cette page '),(85,'Cela signifie-t-il que je peux personnaliser les sections de cette page?','**Oui !** Incluez simplement les composants que vous souhaitez ajouter  votre dynamic zone de votre Collection-type `Page` (blocks), ajoutez vos donnes et vous tes prt c\'est partie !'),(86,'Puis-je crer des pages  la vole ?','**Absolument !** Le Collection-Type `Page` vous permet de crer des pages  la vole avec une liste dfinie de composants. Essayez de crer une page `/about` par exemple '),(87,'Puis-je personnaliser entirement FoodAdvisor sur ma machine ?','**Oui!** FoodAdvisor est public sur [Github](https://github.com/strapi/foodadvisor). N\'hsitez pas  le personnaliser entirement sur votre propre machine.'),(88,'Cette FAQ fait-elle partie d\'une dynamic zone?','**Oui !** Cette FAQ fait partie d\'une catgorie **blocks** dans Strapi. Le Collection-type `Page` contient une dynamic zone **blocks** qui inclut ce composant FAQ.\nCela signifie que vous pouvez insrer dynamiquement un nombre infini de FAQ sur cette page '),(89,'Cela signifie-t-il que je peux personnaliser les sections de cette page?','**Oui !** Incluez simplement les composants que vous souhaitez ajouter  votre dynamic zone de votre Collection-type `Page` (blocks), ajoutez vos donnes et vous tes prt c\'est partie !'),(90,'Puis-je crer des pages  la vole ?','**Absolument !** Le Collection-Type `Page` vous permet de crer des pages  la vole avec une liste dfinie de composants. Essayez de crer une page `/about` par exemple '),(91,'How this demo globally works?','This demo contains two applications: A Strapi and a Next.js one. The content is created and delivered by Strapi. On the other side, this Next.js application simply fetch the data from Strapi and display it right here. Next.js is using [SSR](https://nextjs.org/docs/basic-features/pages#server-side-rendering) to fetch the data (need to reload to see content updates from Strapi) but you can absolutety use SSG, this is what we do on our [strapi.io](https://strapi.io) website '),(92,'Is there some customizations just for this demo?','**Yes**! In fact, please find the list below of the customizations that have been done for the purpose of this demo. **These customizations won\'t be there in a default project** but it is very easy to have them:\n\nThe following plugins were added: [SEO](https://market.strapi.io/plugins/@strapi-plugin-seo), [Sitemap](https://market.strapi.io/plugins/strapi-plugin-sitemap), [Calendar](https://market.strapi.io/plugins/@offset-dev-strapi-calendar), [Scheduler](https://market.strapi.io/plugins/@webbio-strapi-plugin-scheduler), [Cookie Manager](https://market.strapi.io/plugins/strapi-plugin-cookie-manager), [strapi-plugin-populate-deep](https://market.strapi.io/plugins/strapi-plugin-populate-deep), [Todo](https://market.strapi.io/plugins/strapi-plugin-todo)\n\nAlso, a [Ckeditor 5 custom field](https://github.com/ckeditor/strapi-plugin-ckeditor) has been added to the `article` content type for writing the content of it.\n\n 4 admin extensions were added: \n  - **Publication Workflow System workaround** allowing you to track publication events of the article content-type. Learn more [about it](https://github.com/strapi/foodadvisor/tree/master/api#publication-workflow)\n  - **A draft filter button** which should work in combination with the Publication Workflow System. This is a button that will appear as an editor/author in the article listView allowing you to directly filters through the articles that needs a review/needs changes. It is using the PublicationStage field. Pretty useful when you regularly have to filters your content by just a click.\n  - **A Preview button**. Only working with the Next.js preview system, this button will appear on your restaurants, articles, and pages editView in the right section allowing you to preview them on your front-end.\n  - **A Tweet button**. This button will appear on your restaurants, and articles editView in the right section allowing you to share a tweet about this conte'),(93,'How many components can we nest in Strapi?','Using the UI, you can nest 2 components only. However, by directly modifying the JSON file of the parent component, you can nest way more! This is not something we encourage to do but this is possible. In fact, the `footer` component of the Global single-type contains a `footerColumns` component that itself contains a `links` repeatable component '),(94,'What if something is broken on Next.js?','Strapi is an headless CMS. It is completely dissociated from the front-end application which is Next.js here. Everything can work like a charm on the Strapi side but not on the front-end side, and vice-versa. There could have been an infinite number of possible Next.js application fetching the data of this Strapi application and some of them would have been better than some others. \nThis front-end app is not perfect, but simple enough to demonstrate how a simple client application can work with Strapi.\n\nIf you face any issues during your demo trial, please, feel free to [submit a GitHub issue to the project](https://github.com/strapi/foodadvisor/issues).'),(95,'What if my demo is slow?','If you requested a demo on our [website](https://strapi.io/demo) it is normal. Compared to what we can see in our ecosystem, we want to deliver a unique demo for everyone so that they can personalize it as much as they want. However, these demos run on the cloud with **limited resources** ');
/*!40000 ALTER TABLE `components_shared_question_answers` ENABLE KEYS */;
UNLOCK TABLES;

--
-- Table structure for table `components_shared_seos`
--

DROP TABLE IF EXISTS `components_shared_seos`;
/*!40101 SET @saved_cs_client     = @@character_set_client */;
/*!40101 SET character_set_client = utf8 */;
CREATE TABLE `components_shared_seos` (
  `id` tinyint(4) DEFAULT NULL,
  `meta_title` varchar(58) DEFAULT NULL,
  `meta_description` varchar(159) DEFAULT NULL,
  `keywords` varchar(13) DEFAULT NULL,
  `meta_robots` varchar(0) DEFAULT NULL,
  `structured_data` varchar(0) DEFAULT NULL,
  `meta_viewport` varchar(0) DEFAULT NULL,
  `canonical_url` varchar(0) DEFAULT NULL
) ENGINE=InnoDB DEFAULT CHARSET=utf8mb4;
/*!40101 SET character_set_client = @saved_cs_client */;

--
-- Dumping data for table `components_shared_seos`
--

LOCK TABLES `components_shared_seos` WRITE;
/*!40000 ALTER TABLE `components_shared_seos` DISABLE KEYS */;
INSERT INTO `components_shared_seos` VALUES (1,'Articles - FoodAdvisor','Discover our articles about food, restaurants, bars and more! - FoodAdvisor','food','','','',''),(2,'Restaurants - FoodAdvisor','Discover all the restaurants listed on FoodAdvisor!','food, chinese','','','',''),(3,'7 places worth visiting only for the food - FoodAdvisor','There\'s arguably no better way to explore a culture than to eat voraciously while traveling. ','food, place','','','',''),(4,'You might want to finish your plate in these countries','There are many cultural differences that define each country. Is important to educate yourself on what you should and shouldnt do when visiting a new locale.','food','','','',''),(5,'7 endroits  visiter uniquement pour la nourriture','Il n\'y a sans doute pas de meilleure faon d\'explorer une culture que de manger avec voracit en voyageant.','plat','','','',''),(6,'FoodAdvisor - Best place to eat and drink around the world','FoodAdvisor is an app example showing you what can be made with Strapi. This is about restaurants because we like good food!','','','','',''),(7,'FoodAdvisor - Meilleur endroit pour manger dans le monde','FoodAdvisor est un exemple d\'application vous montrant ce qui peut tre fait avec Strapi. Il s\'agit de restaurants parce que nous aimons la bonne nourriture !','','','','',''),(8,'Pricing - FoodAdvisor','Find the best plan that will fit your needs - FoodAdvisor','','','','',''),(9,'Tarification and plans pour notre solution - FoodAdvisor','Trouvez le meilleur plan qui correspond  vos besoins - FoodAdvisor','','','','',''),(10,'Al Sultan Brahim restaurant in Lebanon - FoodAdvisor','A Lebanese success story since 1961 - Seafood in Lebanon','','','','',''),(11,'Banana Mama Rooftop & Kitchen restaurant - FoodAdvisor','Discover the bests summer cocktails with Saigon\'s best view of Ho Chi Minh City at Banana Mama Rooftop & Kitchen','','','','',''),(12,'Bistrot Instinct restaurant in Paris - FoodAdvisor','On the menu of Instinct, bistronomy! Homemade cuisine, seasonal products, colorful, tasty and above all gourmet dishes!','','','','',''),(13,'BOBBY-Q restaurant - Great Steaks, Real BBQ - FoodAdvisor','Our Steak & BBQ restaurants are not only famous for delicious food, but also our fast and personable service whether dining in or at a venue of your choice.','','','','',''),(16,'How it works','Learn more about this official Strapi demo - FoodAdvisor','','','','','');
/*!40000 ALTER TABLE `components_shared_seos` ENABLE KEYS */;
UNLOCK TABLES;

--
-- Table structure for table `components_shared_seos_components`
--

DROP TABLE IF EXISTS `components_shared_seos_components`;
/*!40101 SET @saved_cs_client     = @@character_set_client */;
/*!40101 SET character_set_client = utf8 */;
CREATE TABLE `components_shared_seos_components` (
  `id` tinyint(4) DEFAULT NULL,
  `entity_id` tinyint(4) DEFAULT NULL,
  `component_id` tinyint(4) DEFAULT NULL,
  `component_type` varchar(18) DEFAULT NULL,
  `field` varchar(10) DEFAULT NULL,
  `order` tinyint(4) DEFAULT NULL
) ENGINE=InnoDB DEFAULT CHARSET=utf8mb4;
/*!40101 SET character_set_client = @saved_cs_client */;

--
-- Dumping data for table `components_shared_seos_components`
--

LOCK TABLES `components_shared_seos_components` WRITE;
/*!40000 ALTER TABLE `components_shared_seos_components` DISABLE KEYS */;
INSERT INTO `components_shared_seos_components` VALUES (18,1,1,'shared.meta-social','metaSocial',1),(20,3,3,'shared.meta-social','metaSocial',1);
/*!40000 ALTER TABLE `components_shared_seos_components` ENABLE KEYS */;
UNLOCK TABLES;

--
-- Table structure for table `components_shared_social_network`
--

DROP TABLE IF EXISTS `components_shared_social_network`;
/*!40101 SET @saved_cs_client     = @@character_set_client */;
/*!40101 SET character_set_client = utf8 */;
CREATE TABLE `components_shared_social_network` (
  `id` smallint(6) DEFAULT NULL,
  `url` varchar(64) DEFAULT NULL
) ENGINE=InnoDB DEFAULT CHARSET=utf8mb4;
/*!40101 SET character_set_client = @saved_cs_client */;

--
-- Dumping data for table `components_shared_social_network`
--

LOCK TABLES `components_shared_social_network` WRITE;
/*!40000 ALTER TABLE `components_shared_social_network` DISABLE KEYS */;
INSERT INTO `components_shared_social_network` VALUES (6,'https://www.facebook.com/MerseaTreasureIsland'),(15,'https://www.facebook.com/musafir.kiev'),(18,'https://www.facebook.com/restaurantSDLV/'),(19,'https://www.instagram.com/sabor_de_la_vida/'),(22,'https://facebook.com/alsultanbrahim'),(23,'https://instagram.com/alsultanbrahim'),(24,'https://www.facebook.com/PortaHotelAntigua/'),(25,'http://www.instagram.com/portahotelantigua'),(119,'https://www.facebook.com/essencerestaurant'),(124,'https://www.facebook.com/labrujaenantigua/'),(133,'https://www.facebook.com/Leffe-Cafe-441043016433037/'),(142,'https://www.facebook.com/BistrotInstinct/'),(143,'https://www.instagram.com/instinct_origine/'),(147,'https://www.facebook.com/bobbyqsaz'),(148,'https://twitter.com/bobbyqsaz'),(149,'https://www.instagram.com/bobbyqsaz/'),(150,'https://www.facebook.com/ChekhovRestaurant'),(151,'http://instagram.com/Chekhov_restaurant'),(152,'https://www.facebook.com/ChekhovRestaurant'),(153,'http://instagram.com/Chekhov_restaurant'),(154,'https://www.facebook.com/essencerestaurant'),(155,'https://www.facebook.com/Ferdinand.gastropub/?rf=184446448258136'),(156,'https://www.facebook.com/Ferdinand.gastropub/?rf=184446448258136'),(157,'https://www.facebook.com/labrujaenantigua/'),(158,'https://www.facebook.com/latitude15lusaka/'),(159,'https://twitter.com/TheLatitude15'),(160,'https://www.instagram.com/latitude15lusaka/'),(161,'https://www.facebook.com/latitude15lusaka/'),(162,'https://twitter.com/TheLatitude15'),(163,'https://www.instagram.com/latitude15lusaka/'),(164,'https://www.facebook.com/Leffe-Cafe-441043016433037/'),(165,'https://www.facebook.com/ParkHyattParisVendome/'),(166,'https://www.instagram.com/parkhyattparis/'),(167,'https://www.linkedin.com/company/park-hyatt-paris-vend-me/'),(168,'https://www.facebook.com/ParkHyattParisVendome/'),(169,'https://www.instagram.com/parkhyattparis/'),(170,'https://www.linkedin.com/company/park-hyatt-paris-vend-me/'),(171,'https://www.facebook.com/BistrotInstinct/'),(172,'https://www.instagram.com/instinct_origine/'),(173,'https://www.facebook.com/bobbyqsaz'),(174,'https://twitter.com/bobbyqsaz'),(175,'https://www.instagram.com/bobbyqsaz/');
/*!40000 ALTER TABLE `components_shared_social_network` ENABLE KEYS */;
UNLOCK TABLES;

--
-- Table structure for table `components_shared_team_cards`
--

DROP TABLE IF EXISTS `components_shared_team_cards`;
/*!40101 SET @saved_cs_client     = @@character_set_client */;
/*!40101 SET character_set_client = utf8 */;
CREATE TABLE `components_shared_team_cards` (
  `id` varchar(0) DEFAULT NULL,
  `fullname` varchar(0) DEFAULT NULL,
  `job` varchar(0) DEFAULT NULL,
  `description` varchar(0) DEFAULT NULL
) ENGINE=InnoDB DEFAULT CHARSET=utf8mb4;
/*!40101 SET character_set_client = @saved_cs_client */;

--
-- Dumping data for table `components_shared_team_cards`
--

LOCK TABLES `components_shared_team_cards` WRITE;
/*!40000 ALTER TABLE `components_shared_team_cards` DISABLE KEYS */;
/*!40000 ALTER TABLE `components_shared_team_cards` ENABLE KEYS */;
UNLOCK TABLES;

--
-- Table structure for table `components_shared_team_cards_components`
--

DROP TABLE IF EXISTS `components_shared_team_cards_components`;
/*!40101 SET @saved_cs_client     = @@character_set_client */;
/*!40101 SET character_set_client = utf8 */;
CREATE TABLE `components_shared_team_cards_components` (
  `id` varchar(0) DEFAULT NULL,
  `entity_id` varchar(0) DEFAULT NULL,
  `component_id` varchar(0) DEFAULT NULL,
  `component_type` varchar(0) DEFAULT NULL,
  `field` varchar(0) DEFAULT NULL,
  `order` varchar(0) DEFAULT NULL
) ENGINE=InnoDB DEFAULT CHARSET=utf8mb4;
/*!40101 SET character_set_client = @saved_cs_client */;

--
-- Dumping data for table `components_shared_team_cards_components`
--

LOCK TABLES `components_shared_team_cards_components` WRITE;
/*!40000 ALTER TABLE `components_shared_team_cards_components` DISABLE KEYS */;
/*!40000 ALTER TABLE `components_shared_team_cards_components` ENABLE KEYS */;
UNLOCK TABLES;

--
-- Table structure for table `components_shared_testimonials`
--

DROP TABLE IF EXISTS `components_shared_testimonials`;
/*!40101 SET @saved_cs_client     = @@character_set_client */;
/*!40101 SET character_set_client = utf8 */;
CREATE TABLE `components_shared_testimonials` (
  `id` tinyint(4) DEFAULT NULL,
  `theme` varchar(9) DEFAULT NULL,
  `text` varchar(128) DEFAULT NULL
) ENGINE=InnoDB DEFAULT CHARSET=utf8mb4;
/*!40101 SET character_set_client = @saved_cs_client */;

--
-- Dumping data for table `components_shared_testimonials`
--

LOCK TABLES `components_shared_testimonials` WRITE;
/*!40000 ALTER TABLE `components_shared_testimonials` DISABLE KEYS */;
INSERT INTO `components_shared_testimonials` VALUES (1,'primary','I always find the best places to eat on FoodAdvisor! Keep up the great work '),(2,'secondary','I love the diversity of places we can find on FoodAdvisor! Hopefully this will continue to spread around the world '),(3,'primary','Je trouve toujours les meilleurs endroits pour manger sur FoodAdvisor ! Continuez votre excellent travail '),(4,'secondary','J\'aime la diversit des lieux que l\'on peut trouver sur FoodAdvisor ! Esprons que cela continuera  se rpandre dans le monde '),(5,'secondary','J\'aime la diversit des lieux que l\'on peut trouver sur FoodAdvisor ! Esprons que cela continuera  se rpandre dans le monde '),(6,'secondary','J\'aime la diversit des lieux que l\'on peut trouver sur FoodAdvisor ! Esprons que cela continuera  se rpandre dans le monde '),(7,'secondary','J\'aime la diversit des lieux que l\'on peut trouver sur FoodAdvisor ! Esprons que cela continuera  se rpandre dans le monde '),(8,'secondary','J\'aime la diversit des lieux que l\'on peut trouver sur FoodAdvisor ! Esprons que cela continuera  se rpandre dans le monde '),(9,'secondary','J\'aime la diversit des lieux que l\'on peut trouver sur FoodAdvisor ! Esprons que cela continuera  se rpandre dans le monde '),(10,'secondary','J\'aime la diversit des lieux que l\'on peut trouver sur FoodAdvisor ! Esprons que cela continuera  se rpandre dans le monde '),(11,'secondary','J\'aime la diversit des lieux que l\'on peut trouver sur FoodAdvisor ! Esprons que cela continuera  se rpandre dans le monde '),(12,'secondary','J\'aime la diversit des lieux que l\'on peut trouver sur FoodAdvisor ! Esprons que cela continuera  se rpandre dans le monde '),(13,'secondary','J\'aime la diversit des lieux que l\'on peut trouver sur FoodAdvisor ! Esprons que cela continuera  se rpandre dans le monde '),(14,'secondary','J\'aime la diversit des lieux que l\'on peut trouver sur FoodAdvisor ! Esprons que cela continuera  se rpandre dans le monde '),(15,'secondary','J\'aime la diversit des lieux que l\'on peut trouver sur FoodAdvisor ! Esprons que cela continuera  se rpandre dans le monde '),(16,'secondary','J\'aime la diversit des lieux que l\'on peut trouver sur FoodAdvisor ! Esprons que cela continuera  se rpandre dans le monde '),(17,'secondary','J\'aime la diversit des lieux que l\'on peut trouver sur FoodAdvisor ! Esprons que cela continuera  se rpandre dans le monde '),(18,'secondary','J\'aime la diversit des lieux que l\'on peut trouver sur FoodAdvisor ! Esprons que cela continuera  se rpandre dans le monde '),(19,'secondary','I love the diversity of places we can find on FoodAdvisor! Hopefully this will continue to spread around the world '),(20,'secondary','J\'aime la diversit des lieux que l\'on peut trouver sur FoodAdvisor ! Esprons que cela continuera  se rpandre dans le monde '),(21,'secondary','J\'aime la diversit des lieux que l\'on peut trouver sur FoodAdvisor ! Esprons que cela continuera  se rpandre dans le monde ');
/*!40000 ALTER TABLE `components_shared_testimonials` ENABLE KEYS */;
UNLOCK TABLES;

--
-- Table structure for table `components_shared_testimonials_author_links`
--

DROP TABLE IF EXISTS `components_shared_testimonials_author_links`;
/*!40101 SET @saved_cs_client     = @@character_set_client */;
/*!40101 SET character_set_client = utf8 */;
CREATE TABLE `components_shared_testimonials_author_links` (
  `testimonial_id` tinyint(4) DEFAULT NULL,
  `user_id` tinyint(4) DEFAULT NULL,
  `id` tinyint(4) DEFAULT NULL
) ENGINE=InnoDB DEFAULT CHARSET=utf8mb4;
/*!40101 SET character_set_client = @saved_cs_client */;

--
-- Dumping data for table `components_shared_testimonials_author_links`
--

LOCK TABLES `components_shared_testimonials_author_links` WRITE;
/*!40000 ALTER TABLE `components_shared_testimonials_author_links` DISABLE KEYS */;
INSERT INTO `components_shared_testimonials_author_links` VALUES (1,19,18),(2,12,16),(3,19,19),(4,12,1),(5,12,2),(6,12,3),(7,12,4),(8,12,5),(9,12,6),(10,12,7),(11,12,8),(12,12,9),(13,12,10),(14,12,11),(15,12,12),(16,12,13),(17,12,14),(18,12,15),(19,12,20),(20,12,17),(21,12,21);
/*!40000 ALTER TABLE `components_shared_testimonials_author_links` ENABLE KEYS */;
UNLOCK TABLES;

--
-- Table structure for table `components_slices_ctas`
--

DROP TABLE IF EXISTS `components_slices_ctas`;
/*!40101 SET @saved_cs_client     = @@character_set_client */;
/*!40101 SET character_set_client = utf8 */;
CREATE TABLE `components_slices_ctas` (
  `id` tinyint(4) DEFAULT NULL,
  `theme` varchar(9) DEFAULT NULL,
  `title` varchar(45) DEFAULT NULL,
  `text` varchar(34) DEFAULT NULL
) ENGINE=InnoDB DEFAULT CHARSET=utf8mb4;
/*!40101 SET character_set_client = @saved_cs_client */;

--
-- Dumping data for table `components_slices_ctas`
--

LOCK TABLES `components_slices_ctas` WRITE;
/*!40000 ALTER TABLE `components_slices_ctas` DISABLE KEYS */;
INSERT INTO `components_slices_ctas` VALUES (1,'primary','Want to see a better pricing page?','A real one '),(2,'muted','Vous voulez voir une meilleure page pricing?','Une vraie '),(3,'muted','Vous voulez voir une meilleure page pricing?','Une vraie '),(4,'muted','Vous voulez voir une meilleure page pricing?','Une vraie '),(5,'muted','Vous voulez voir une meilleure page pricing?','Une vraie '),(6,'muted','Vous voulez voir une meilleure page pricing?','Une vraie '),(7,'muted','Vous voulez voir une meilleure page pricing?','Une vraie '),(8,'muted','Vous voulez voir une meilleure page pricing?','Une vraie '),(9,'muted','Vous voulez voir une meilleure page pricing?','Une vraie '),(10,'muted','Vous voulez voir une meilleure page pricing?','Une vraie '),(11,'muted','Vous voulez voir une meilleure page pricing?','Une vraie '),(12,'muted','Vous voulez voir une meilleure page pricing?','Une vraie '),(13,'muted','Vous voulez voir une meilleure page pricing?','Une vraie '),(14,'muted','Vous voulez voir une meilleure page pricing?','Une vraie '),(15,'muted','Vous voulez voir une meilleure page pricing?','Une vraie '),(16,'muted','Vous voulez voir une meilleure page pricing?','Une vraie '),(17,'primary','Want to see a better pricing page?','A real one '),(18,'primary','Vous voulez voir une meilleure page pricing?','Une vraie '),(19,'primary','Vous voulez voir une meilleure page pricing?','Une vraie '),(20,'secondary','Wondering why Lusaka, Phoenix or Lebanon?','It means a lot to us '),(21,'secondary','Pourquoi Lusaka, Phoenix ou le Liban ?','Cela signifie beaucoup pour nous '),(22,'muted','fdsf','dsfsdf'),(23,'secondary','Considering purchasing Strapi?','');
/*!40000 ALTER TABLE `components_slices_ctas` ENABLE KEYS */;
UNLOCK TABLES;

--
-- Table structure for table `components_slices_ctas_components`
--

DROP TABLE IF EXISTS `components_slices_ctas_components`;
/*!40101 SET @saved_cs_client     = @@character_set_client */;
/*!40101 SET character_set_client = utf8 */;
CREATE TABLE `components_slices_ctas_components` (
  `id` tinyint(4) DEFAULT NULL,
  `entity_id` tinyint(4) DEFAULT NULL,
  `component_id` tinyint(4) DEFAULT NULL,
  `component_type` varchar(13) DEFAULT NULL,
  `field` varchar(7) DEFAULT NULL,
  `order` tinyint(4) DEFAULT NULL
) ENGINE=InnoDB DEFAULT CHARSET=utf8mb4;
/*!40101 SET character_set_client = @saved_cs_client */;

--
-- Dumping data for table `components_slices_ctas_components`
--

LOCK TABLES `components_slices_ctas_components` WRITE;
/*!40000 ALTER TABLE `components_slices_ctas_components` DISABLE KEYS */;
INSERT INTO `components_slices_ctas_components` VALUES (3,2,6,'shared.button','buttons',1),(4,3,7,'shared.button','buttons',1),(5,4,8,'shared.button','buttons',1),(6,5,9,'shared.button','buttons',1),(7,6,10,'shared.button','buttons',1),(8,7,11,'shared.button','buttons',1),(9,8,12,'shared.button','buttons',1),(10,9,13,'shared.button','buttons',1),(11,10,14,'shared.button','buttons',1),(12,11,15,'shared.button','buttons',1),(13,12,16,'shared.button','buttons',1),(14,13,17,'shared.button','buttons',1),(15,14,18,'shared.button','buttons',1),(16,15,19,'shared.button','buttons',1),(17,16,20,'shared.button','buttons',1),(18,1,3,'shared.button','buttons',1),(20,18,22,'shared.button','buttons',1),(30,20,26,'shared.button','buttons',1),(31,21,27,'shared.button','buttons',1),(32,17,21,'shared.button','buttons',1),(36,19,23,'shared.button','buttons',1),(44,23,30,'shared.button','buttons',1);
/*!40000 ALTER TABLE `components_slices_ctas_components` ENABLE KEYS */;
UNLOCK TABLES;

--
-- Table structure for table `components_slices_features`
--

DROP TABLE IF EXISTS `components_slices_features`;
/*!40101 SET @saved_cs_client     = @@character_set_client */;
/*!40101 SET character_set_client = utf8 */;
CREATE TABLE `components_slices_features` (
  `id` tinyint(4) DEFAULT NULL,
  `theme` varchar(9) DEFAULT NULL
) ENGINE=InnoDB DEFAULT CHARSET=utf8mb4;
/*!40101 SET character_set_client = @saved_cs_client */;

--
-- Dumping data for table `components_slices_features`
--

LOCK TABLES `components_slices_features` WRITE;
/*!40000 ALTER TABLE `components_slices_features` DISABLE KEYS */;
INSERT INTO `components_slices_features` VALUES (1,'secondary'),(2,'secondary');
/*!40000 ALTER TABLE `components_slices_features` ENABLE KEYS */;
UNLOCK TABLES;

--
-- Table structure for table `components_slices_features_components`
--

DROP TABLE IF EXISTS `components_slices_features_components`;
/*!40101 SET @saved_cs_client     = @@character_set_client */;
/*!40101 SET character_set_client = utf8 */;
CREATE TABLE `components_slices_features_components` (
  `id` tinyint(4) DEFAULT NULL,
  `entity_id` tinyint(4) DEFAULT NULL,
  `component_id` tinyint(4) DEFAULT NULL,
  `component_type` varchar(13) DEFAULT NULL,
  `field` varchar(6) DEFAULT NULL,
  `order` tinyint(4) DEFAULT NULL
) ENGINE=InnoDB DEFAULT CHARSET=utf8mb4;
/*!40101 SET character_set_client = @saved_cs_client */;

--
-- Dumping data for table `components_slices_features_components`
--

LOCK TABLES `components_slices_features_components` WRITE;
/*!40000 ALTER TABLE `components_slices_features_components` DISABLE KEYS */;
INSERT INTO `components_slices_features_components` VALUES (58,1,24,'shared.header','header',1),(59,1,1,'shared.card','cards',1),(60,1,2,'shared.card','cards',2),(61,1,3,'shared.card','cards',3),(62,1,4,'shared.card','cards',4),(63,1,5,'shared.card','cards',5),(64,2,30,'shared.header','header',1),(65,2,6,'shared.card','cards',1),(66,2,7,'shared.card','cards',2),(67,2,8,'shared.card','cards',3),(68,2,9,'shared.card','cards',4),(69,2,10,'shared.card','cards',5);
/*!40000 ALTER TABLE `components_slices_features_components` ENABLE KEYS */;
UNLOCK TABLES;

--
-- Table structure for table `components_slices_features_with_images`
--

DROP TABLE IF EXISTS `components_slices_features_with_images`;
/*!40101 SET @saved_cs_client     = @@character_set_client */;
/*!40101 SET character_set_client = utf8 */;
CREATE TABLE `components_slices_features_with_images` (
  `id` tinyint(4) DEFAULT NULL,
  `text` varchar(94) DEFAULT NULL,
  `theme` varchar(7) DEFAULT NULL
) ENGINE=InnoDB DEFAULT CHARSET=utf8mb4;
/*!40101 SET character_set_client = @saved_cs_client */;

--
-- Dumping data for table `components_slices_features_with_images`
--

LOCK TABLES `components_slices_features_with_images` WRITE;
/*!40000 ALTER TABLE `components_slices_features_with_images` DISABLE KEYS */;
INSERT INTO `components_slices_features_with_images` VALUES (1,'As a Headless CMS, Strapi offers you the flexibility to use any frontend.','primary'),(2,'Free plan: Used 100% by our users and will always be!','primary'),(3,'En tant que CMS Headless, Strapi vous offre la possibilit d\'utiliser n\'importe quel frontend.','primary'),(4,'Plan gratuit: utilis  100% par nos utilisateurs et le sera toujours!','primary'),(5,'Plan gratuit: utilis  100% par nos utilisateurs et le sera toujours!','primary'),(6,'Plan gratuit: utilis  100% par nos utilisateurs et le sera toujours!','primary'),(7,'Plan gratuit: utilis  100% par nos utilisateurs et le sera toujours!','primary'),(8,'Plan gratuit: utilis  100% par nos utilisateurs et le sera toujours!','primary'),(9,'Plan gratuit: utilis  100% par nos utilisateurs et le sera toujours!','primary'),(10,'Plan gratuit: utilis  100% par nos utilisateurs et le sera toujours!','primary'),(11,'Plan gratuit: utilis  100% par nos utilisateurs et le sera toujours!','primary'),(12,'Plan gratuit: utilis  100% par nos utilisateurs et le sera toujours!','primary'),(13,'Plan gratuit: utilis  100% par nos utilisateurs et le sera toujours!','primary'),(14,'Plan gratuit: utilis  100% par nos utilisateurs et le sera toujours!','primary'),(15,'Plan gratuit: utilis  100% par nos utilisateurs et le sera toujours!','primary'),(16,'Plan gratuit: utilis  100% par nos utilisateurs et le sera toujours!','primary'),(17,'Plan gratuit: utilis  100% par nos utilisateurs et le sera toujours!','primary'),(18,'Plan gratuit: utilis  100% par nos utilisateurs et le sera toujours!','primary'),(19,'Free plan: Used 100% by our users and will always be!','primary'),(20,'Plan gratuit: utilis  100% par nos utilisateurs et le sera toujours!','primary'),(21,'Plan gratuit: utilis  100% par nos utilisateurs et le sera toujours!','primary');
/*!40000 ALTER TABLE `components_slices_features_with_images` ENABLE KEYS */;
UNLOCK TABLES;

--
-- Table structure for table `components_slices_features_with_images_components`
--

DROP TABLE IF EXISTS `components_slices_features_with_images_components`;
/*!40101 SET @saved_cs_client     = @@character_set_client */;
/*!40101 SET character_set_client = utf8 */;
CREATE TABLE `components_slices_features_with_images_components` (
  `id` smallint(6) DEFAULT NULL,
  `entity_id` tinyint(4) DEFAULT NULL,
  `component_id` tinyint(4) DEFAULT NULL,
  `component_type` varchar(21) DEFAULT NULL,
  `field` varchar(13) DEFAULT NULL,
  `order` tinyint(4) DEFAULT NULL
) ENGINE=InnoDB DEFAULT CHARSET=utf8mb4;
/*!40101 SET character_set_client = @saved_cs_client */;

--
-- Dumping data for table `components_slices_features_with_images_components`
--

LOCK TABLES `components_slices_features_with_images_components` WRITE;
/*!40000 ALTER TABLE `components_slices_features_with_images_components` DISABLE KEYS */;
INSERT INTO `components_slices_features_with_images_components` VALUES (32,4,34,'shared.header','header',1),(33,4,17,'shared.features-check','featuresCheck',1),(34,4,18,'shared.features-check','featuresCheck',2),(35,4,19,'shared.features-check','featuresCheck',3),(36,4,20,'shared.features-check','featuresCheck',4),(37,5,36,'shared.header','header',1),(38,5,21,'shared.features-check','featuresCheck',1),(39,5,22,'shared.features-check','featuresCheck',2),(40,5,23,'shared.features-check','featuresCheck',3),(41,5,24,'shared.features-check','featuresCheck',4),(42,6,38,'shared.header','header',1),(43,6,25,'shared.features-check','featuresCheck',1),(44,6,26,'shared.features-check','featuresCheck',2),(45,6,27,'shared.features-check','featuresCheck',3),(46,6,28,'shared.features-check','featuresCheck',4),(47,7,40,'shared.header','header',1),(48,7,29,'shared.features-check','featuresCheck',1),(49,7,30,'shared.features-check','featuresCheck',2),(50,7,31,'shared.features-check','featuresCheck',3),(51,7,32,'shared.features-check','featuresCheck',4),(52,8,42,'shared.header','header',1),(53,8,33,'shared.features-check','featuresCheck',1),(54,8,34,'shared.features-check','featuresCheck',2),(55,8,35,'shared.features-check','featuresCheck',3),(56,8,36,'shared.features-check','featuresCheck',4),(57,9,44,'shared.header','header',1),(58,9,37,'shared.features-check','featuresCheck',1),(59,9,38,'shared.features-check','featuresCheck',2),(60,9,39,'shared.features-check','featuresCheck',3),(61,9,40,'shared.features-check','featuresCheck',4),(62,10,46,'shared.header','header',1),(63,10,41,'shared.features-check','featuresCheck',1),(64,10,42,'shared.features-check','featuresCheck',2),(65,10,43,'shared.features-check','featuresCheck',3),(66,10,44,'shared.features-check','featuresCheck',4),(67,11,48,'shared.header','header',1),(68,11,45,'shared.features-check','featuresCheck',1),(69,11,46,'shared.features-check','featuresCheck',2),(70,11,47,'shared.features-check','featuresCheck',3),(71,11,48,'shared.features-check','featuresCheck',4),(72,12,50,'shared.header','header',1),(73,12,49,'shared.features-check','featuresCheck',1),(74,12,50,'shared.features-check','featuresCheck',2),(75,12,51,'shared.features-check','featuresCheck',3),(76,12,52,'shared.features-check','featuresCheck',4),(77,13,52,'shared.header','header',1),(78,13,53,'shared.features-check','featuresCheck',1),(79,13,54,'shared.features-check','featuresCheck',2),(80,13,55,'shared.features-check','featuresCheck',3),(81,13,56,'shared.features-check','featuresCheck',4),(82,14,54,'shared.header','header',1),(83,14,57,'shared.features-check','featuresCheck',1),(84,14,58,'shared.features-check','featuresCheck',2),(85,14,59,'shared.features-check','featuresCheck',3),(86,14,60,'shared.features-check','featuresCheck',4),(87,15,56,'shared.header','header',1),(88,15,61,'shared.features-check','featuresCheck',1),(89,15,62,'shared.features-check','featuresCheck',2),(90,15,63,'shared.features-check','featuresCheck',3),(91,15,64,'shared.features-check','featuresCheck',4),(92,16,58,'shared.header','header',1),(93,16,65,'shared.features-check','featuresCheck',1),(94,16,66,'shared.features-check','featuresCheck',2),(95,16,67,'shared.features-check','featuresCheck',3),(96,16,68,'shared.features-check','featuresCheck',4),(97,17,60,'shared.header','header',1),(98,17,69,'shared.features-check','featuresCheck',1),(99,17,70,'shared.features-check','featuresCheck',2),(100,17,71,'shared.features-check','featuresCheck',3),(101,17,72,'shared.features-check','featuresCheck',4),(102,18,62,'shared.header','header',1),(103,18,73,'shared.features-check','featuresCheck',1),(104,18,74,'shared.features-check','featuresCheck',2),(105,18,75,'shared.features-check','featuresCheck',3),(106,18,76,'shared.features-check','featuresCheck',4),(128,2,28,'shared.header','header',1),(129,2,7,'shared.features-check','featuresCheck',1),(130,2,8,'shared.features-check','featuresCheck',2),(131,2,9,'shared.features-check','featuresCheck',3),(132,2,10,'shared.features-check','featuresCheck',4),(138,20,66,'shared.header','header',1),(139,20,81,'shared.features-check','featuresCheck',1),(140,20,82,'shared.features-check','featuresCheck',2),(141,20,83,'shared.features-check','featuresCheck',3),(142,20,84,'shared.features-check','featuresCheck',4),(199,1,25,'shared.header','header',1),(200,1,1,'shared.features-check','featuresCheck',1),(201,1,2,'shared.features-check','featuresCheck',2),(202,1,3,'shared.features-check','featuresCheck',3),(203,1,4,'shared.features-check','featuresCheck',4),(204,1,5,'shared.features-check','featuresCheck',5),(205,1,6,'shared.features-check','featuresCheck',6),(206,3,31,'shared.header','header',1),(207,3,11,'shared.features-check','featuresCheck',1),(208,3,12,'shared.features-check','featuresCheck',2),(209,3,13,'shared.features-check','featuresCheck',3),(210,3,14,'shared.features-check','featuresCheck',4),(211,3,15,'shared.features-check','featuresCheck',5),(212,3,16,'shared.features-check','featuresCheck',6),(213,19,64,'shared.header','header',1),(214,19,77,'shared.features-check','featuresCheck',1),(215,19,78,'shared.features-check','featuresCheck',2),(216,19,79,'shared.features-check','featuresCheck',3),(217,19,80,'shared.features-check','featuresCheck',4),(233,21,68,'shared.header','header',1),(234,21,85,'shared.features-check','featuresCheck',1),(235,21,86,'shared.features-check','featuresCheck',2),(236,21,87,'shared.features-check','featuresCheck',3),(237,21,88,'shared.features-check','featuresCheck',4);
/*!40000 ALTER TABLE `components_slices_features_with_images_components` ENABLE KEYS */;
UNLOCK TABLES;

--
-- Table structure for table `components_slices_heroes`
--

DROP TABLE IF EXISTS `components_slices_heroes`;
/*!40101 SET @saved_cs_client     = @@character_set_client */;
/*!40101 SET character_set_client = utf8 */;
CREATE TABLE `components_slices_heroes` (
  `id` tinyint(4) DEFAULT NULL,
  `text` varchar(104) DEFAULT NULL
) ENGINE=InnoDB DEFAULT CHARSET=utf8mb4;
/*!40101 SET character_set_client = @saved_cs_client */;

--
-- Dumping data for table `components_slices_heroes`
--

LOCK TABLES `components_slices_heroes` WRITE;
/*!40000 ALTER TABLE `components_slices_heroes` DISABLE KEYS */;
INSERT INTO `components_slices_heroes` VALUES (1,'FoodAdvisor is a Strapi + Next.js demo app listing restaurants around the world.'),(2,'FoodAdvisor est une application utilisant Strapi + Next.js rpertoriant des restaurants du monde entier.');
/*!40000 ALTER TABLE `components_slices_heroes` ENABLE KEYS */;
UNLOCK TABLES;

--
-- Table structure for table `components_slices_heroes_components`
--

DROP TABLE IF EXISTS `components_slices_heroes_components`;
/*!40101 SET @saved_cs_client     = @@character_set_client */;
/*!40101 SET character_set_client = utf8 */;
CREATE TABLE `components_slices_heroes_components` (
  `id` tinyint(4) DEFAULT NULL,
  `entity_id` tinyint(4) DEFAULT NULL,
  `component_id` tinyint(4) DEFAULT NULL,
  `component_type` varchar(13) DEFAULT NULL,
  `field` varchar(7) DEFAULT NULL,
  `order` tinyint(4) DEFAULT NULL
) ENGINE=InnoDB DEFAULT CHARSET=utf8mb4;
/*!40101 SET character_set_client = @saved_cs_client */;

--
-- Dumping data for table `components_slices_heroes_components`
--

LOCK TABLES `components_slices_heroes_components` WRITE;
/*!40000 ALTER TABLE `components_slices_heroes_components` DISABLE KEYS */;
INSERT INTO `components_slices_heroes_components` VALUES (31,1,23,'shared.header','header',1),(32,1,1,'shared.button','buttons',1),(33,1,2,'shared.button','buttons',2),(34,2,29,'shared.header','header',1),(35,2,4,'shared.button','buttons',1),(36,2,5,'shared.button','buttons',2);
/*!40000 ALTER TABLE `components_slices_heroes_components` ENABLE KEYS */;
UNLOCK TABLES;

--
-- Table structure for table `components_slices_pricings`
--

DROP TABLE IF EXISTS `components_slices_pricings`;
/*!40101 SET @saved_cs_client     = @@character_set_client */;
/*!40101 SET character_set_client = utf8 */;
CREATE TABLE `components_slices_pricings` (
  `id` tinyint(4) DEFAULT NULL
) ENGINE=InnoDB DEFAULT CHARSET=utf8mb4;
/*!40101 SET character_set_client = @saved_cs_client */;

--
-- Dumping data for table `components_slices_pricings`
--

LOCK TABLES `components_slices_pricings` WRITE;
/*!40000 ALTER TABLE `components_slices_pricings` DISABLE KEYS */;
INSERT INTO `components_slices_pricings` VALUES (1),(2),(3),(4),(5),(6),(7),(8),(9),(10),(11),(12),(13),(14),(15),(16),(17),(18),(19);
/*!40000 ALTER TABLE `components_slices_pricings` ENABLE KEYS */;
UNLOCK TABLES;

--
-- Table structure for table `components_slices_pricings_components`
--

DROP TABLE IF EXISTS `components_slices_pricings_components`;
/*!40101 SET @saved_cs_client     = @@character_set_client */;
/*!40101 SET character_set_client = utf8 */;
CREATE TABLE `components_slices_pricings_components` (
  `id` tinyint(4) DEFAULT NULL,
  `entity_id` tinyint(4) DEFAULT NULL,
  `component_id` tinyint(4) DEFAULT NULL,
  `component_type` varchar(21) DEFAULT NULL,
  `field` varchar(12) DEFAULT NULL,
  `order` tinyint(4) DEFAULT NULL
) ENGINE=InnoDB DEFAULT CHARSET=utf8mb4;
/*!40101 SET character_set_client = @saved_cs_client */;

--
-- Dumping data for table `components_slices_pricings_components`
--

LOCK TABLES `components_slices_pricings_components` WRITE;
/*!40000 ALTER TABLE `components_slices_pricings_components` DISABLE KEYS */;
INSERT INTO `components_slices_pricings_components` VALUES (7,2,33,'shared.header','header',1),(8,2,3,'pricing.pricing-cards','pricingCards',1),(9,2,4,'pricing.pricing-cards','pricingCards',2),(10,3,35,'shared.header','header',1),(11,3,5,'pricing.pricing-cards','pricingCards',1),(12,3,6,'pricing.pricing-cards','pricingCards',2),(13,4,37,'shared.header','header',1),(14,4,7,'pricing.pricing-cards','pricingCards',1),(15,4,8,'pricing.pricing-cards','pricingCards',2),(16,5,39,'shared.header','header',1),(17,5,9,'pricing.pricing-cards','pricingCards',1),(18,5,10,'pricing.pricing-cards','pricingCards',2),(19,6,41,'shared.header','header',1),(20,6,11,'pricing.pricing-cards','pricingCards',1),(21,6,12,'pricing.pricing-cards','pricingCards',2),(22,7,43,'shared.header','header',1),(23,7,13,'pricing.pricing-cards','pricingCards',1),(24,7,14,'pricing.pricing-cards','pricingCards',2),(25,8,45,'shared.header','header',1),(26,8,15,'pricing.pricing-cards','pricingCards',1),(27,8,16,'pricing.pricing-cards','pricingCards',2),(28,9,47,'shared.header','header',1),(29,9,17,'pricing.pricing-cards','pricingCards',1),(30,9,18,'pricing.pricing-cards','pricingCards',2),(31,10,49,'shared.header','header',1),(32,10,19,'pricing.pricing-cards','pricingCards',1),(33,10,20,'pricing.pricing-cards','pricingCards',2),(34,11,51,'shared.header','header',1),(35,11,21,'pricing.pricing-cards','pricingCards',1),(36,11,22,'pricing.pricing-cards','pricingCards',2),(37,12,53,'shared.header','header',1),(38,12,23,'pricing.pricing-cards','pricingCards',1),(39,12,24,'pricing.pricing-cards','pricingCards',2),(40,13,55,'shared.header','header',1),(41,13,25,'pricing.pricing-cards','pricingCards',1),(42,13,26,'pricing.pricing-cards','pricingCards',2),(43,14,57,'shared.header','header',1),(44,14,27,'pricing.pricing-cards','pricingCards',1),(45,14,28,'pricing.pricing-cards','pricingCards',2),(46,15,59,'shared.header','header',1),(47,15,29,'pricing.pricing-cards','pricingCards',1),(48,15,30,'pricing.pricing-cards','pricingCards',2),(49,16,61,'shared.header','header',1),(50,16,31,'pricing.pricing-cards','pricingCards',1),(51,16,32,'pricing.pricing-cards','pricingCards',2),(52,1,27,'shared.header','header',1),(53,1,1,'pricing.pricing-cards','pricingCards',1),(54,1,2,'pricing.pricing-cards','pricingCards',2),(58,18,65,'shared.header','header',1),(59,18,35,'pricing.pricing-cards','pricingCards',1),(60,18,36,'pricing.pricing-cards','pricingCards',2),(82,17,63,'shared.header','header',1),(83,17,33,'pricing.pricing-cards','pricingCards',1),(84,17,34,'pricing.pricing-cards','pricingCards',2),(94,19,67,'shared.header','header',1),(95,19,37,'pricing.pricing-cards','pricingCards',1),(96,19,38,'pricing.pricing-cards','pricingCards',2);
/*!40000 ALTER TABLE `components_slices_pricings_components` ENABLE KEYS */;
UNLOCK TABLES;

--
-- Table structure for table `components_slices_teams`
--

DROP TABLE IF EXISTS `components_slices_teams`;
/*!40101 SET @saved_cs_client     = @@character_set_client */;
/*!40101 SET character_set_client = utf8 */;
CREATE TABLE `components_slices_teams` (
  `id` tinyint(4) DEFAULT NULL
) ENGINE=InnoDB DEFAULT CHARSET=utf8mb4;
/*!40101 SET character_set_client = @saved_cs_client */;

--
-- Dumping data for table `components_slices_teams`
--

LOCK TABLES `components_slices_teams` WRITE;
/*!40000 ALTER TABLE `components_slices_teams` DISABLE KEYS */;
INSERT INTO `components_slices_teams` VALUES (1),(2);
/*!40000 ALTER TABLE `components_slices_teams` ENABLE KEYS */;
UNLOCK TABLES;

--
-- Table structure for table `components_slices_teams_components`
--

DROP TABLE IF EXISTS `components_slices_teams_components`;
/*!40101 SET @saved_cs_client     = @@character_set_client */;
/*!40101 SET character_set_client = utf8 */;
CREATE TABLE `components_slices_teams_components` (
  `id` tinyint(4) DEFAULT NULL,
  `entity_id` tinyint(4) DEFAULT NULL,
  `component_id` tinyint(4) DEFAULT NULL,
  `component_type` varchar(13) DEFAULT NULL,
  `field` varchar(6) DEFAULT NULL,
  `order` tinyint(4) DEFAULT NULL
) ENGINE=InnoDB DEFAULT CHARSET=utf8mb4;
/*!40101 SET character_set_client = @saved_cs_client */;

--
-- Dumping data for table `components_slices_teams_components`
--

LOCK TABLES `components_slices_teams_components` WRITE;
/*!40000 ALTER TABLE `components_slices_teams_components` DISABLE KEYS */;
INSERT INTO `components_slices_teams_components` VALUES (13,1,26,'shared.header','header',1),(14,2,32,'shared.header','header',1);
/*!40000 ALTER TABLE `components_slices_teams_components` ENABLE KEYS */;
UNLOCK TABLES;

--
-- Table structure for table `components_slices_teams_members_links`
--

DROP TABLE IF EXISTS `components_slices_teams_members_links`;
/*!40101 SET @saved_cs_client     = @@character_set_client */;
/*!40101 SET character_set_client = utf8 */;
CREATE TABLE `components_slices_teams_members_links` (
  `team_id` tinyint(4) DEFAULT NULL,
  `user_id` tinyint(4) DEFAULT NULL,
  `id` tinyint(4) DEFAULT NULL,
  `user_order` varchar(0) DEFAULT NULL
) ENGINE=InnoDB DEFAULT CHARSET=utf8mb4;
/*!40101 SET character_set_client = @saved_cs_client */;

--
-- Dumping data for table `components_slices_teams_members_links`
--

LOCK TABLES `components_slices_teams_members_links` WRITE;
/*!40000 ALTER TABLE `components_slices_teams_members_links` DISABLE KEYS */;
INSERT INTO `components_slices_teams_members_links` VALUES (1,10,1,''),(1,6,2,''),(1,3,3,''),(1,8,4,''),(1,11,5,''),(1,13,6,''),(1,4,7,''),(1,9,8,''),(1,12,9,''),(1,14,10,''),(1,15,11,''),(1,16,12,''),(1,2,13,''),(1,5,14,''),(1,7,15,''),(1,17,16,''),(1,18,17,''),(1,19,18,''),(2,19,19,''),(2,1,20,''),(2,2,21,''),(2,3,22,''),(2,5,23,''),(2,6,24,''),(2,7,25,''),(2,4,26,''),(2,11,27,''),(2,10,28,''),(2,12,29,''),(2,14,30,''),(2,13,31,''),(2,15,32,''),(2,16,33,''),(2,17,34,''),(2,20,35,''),(2,9,36,'');
/*!40000 ALTER TABLE `components_slices_teams_members_links` ENABLE KEYS */;
UNLOCK TABLES;

--
-- Table structure for table `cookie_categories`
--

DROP TABLE IF EXISTS `cookie_categories`;
/*!40101 SET @saved_cs_client     = @@character_set_client */;
/*!40101 SET character_set_client = utf8 */;
CREATE TABLE `cookie_categories` (
  `id` tinyint(4) DEFAULT NULL,
  `name` varchar(19) DEFAULT NULL,
  `description` varchar(210) DEFAULT NULL,
  `created_at` varchar(10) DEFAULT NULL,
  `updated_at` varchar(10) DEFAULT NULL,
  `created_by_id` varchar(0) DEFAULT NULL,
  `updated_by_id` varchar(0) DEFAULT NULL,
  `locale` varchar(5) DEFAULT NULL,
  `sitemap_exclude` tinyint(4) DEFAULT NULL
) ENGINE=InnoDB DEFAULT CHARSET=utf8mb4;
/*!40101 SET character_set_client = @saved_cs_client */;

--
-- Dumping data for table `cookie_categories`
--

LOCK TABLES `cookie_categories` WRITE;
/*!40000 ALTER TABLE `cookie_categories` DISABLE KEYS */;
INSERT INTO `cookie_categories` VALUES (1,'Necessary Cookies','These cookies are required to enable the basic features of this site, such as adjusting your consent preferences. These cookies do not share any personally identifiable data.','2022-09-22','2022-09-22','','','en',0),(2,'Cookies ncessaires','Ces cookies sont ncessaires pour activer les fonctionnalits de base de ce site, telles que l\'ajustement de vos prfrences de consentement. Ces cookies ne partagent aucune donne personnellement identifiable.','2022-09-22','2022-09-22','','','fr-FR',0);
/*!40000 ALTER TABLE `cookie_categories` ENABLE KEYS */;
UNLOCK TABLES;

--
-- Table structure for table `cookie_categories_localizations_links`
--

DROP TABLE IF EXISTS `cookie_categories_localizations_links`;
/*!40101 SET @saved_cs_client     = @@character_set_client */;
/*!40101 SET character_set_client = utf8 */;
CREATE TABLE `cookie_categories_localizations_links` (
  `cookie_category_id` varchar(0) DEFAULT NULL,
  `inv_cookie_category_id` varchar(0) DEFAULT NULL,
  `id` varchar(0) DEFAULT NULL,
  `cookie_category_order` varchar(0) DEFAULT NULL
) ENGINE=InnoDB DEFAULT CHARSET=utf8mb4;
/*!40101 SET character_set_client = @saved_cs_client */;

--
-- Dumping data for table `cookie_categories_localizations_links`
--

LOCK TABLES `cookie_categories_localizations_links` WRITE;
/*!40000 ALTER TABLE `cookie_categories_localizations_links` DISABLE KEYS */;
/*!40000 ALTER TABLE `cookie_categories_localizations_links` ENABLE KEYS */;
UNLOCK TABLES;

--
-- Table structure for table `cookies`
--

DROP TABLE IF EXISTS `cookies`;
/*!40101 SET @saved_cs_client     = @@character_set_client */;
/*!40101 SET character_set_client = utf8 */;
CREATE TABLE `cookies` (
  `id` tinyint(4) DEFAULT NULL,
  `name` varchar(19) DEFAULT NULL,
  `description` varchar(134) DEFAULT NULL,
  `host` varchar(12) DEFAULT NULL,
  `party` varchar(11) DEFAULT NULL,
  `is_visible` tinyint(4) DEFAULT NULL,
  `duration` varchar(34) DEFAULT NULL,
  `created_at` varchar(10) DEFAULT NULL,
  `updated_at` varchar(10) DEFAULT NULL,
  `created_by_id` varchar(0) DEFAULT NULL,
  `updated_by_id` varchar(0) DEFAULT NULL,
  `locale` varchar(5) DEFAULT NULL,
  `sitemap_exclude` tinyint(4) DEFAULT NULL
) ENGINE=InnoDB DEFAULT CHARSET=utf8mb4;
/*!40101 SET character_set_client = @saved_cs_client */;

--
-- Dumping data for table `cookies`
--

LOCK TABLES `cookies` WRITE;
/*!40000 ALTER TABLE `cookies` DISABLE KEYS */;
INSERT INTO `cookies` VALUES (1,'Cookies Necessary','We set this cookie to remember the consent of users for the use of cookies in the \"Necessary\" category.','mydomain.com','First-party',1,'{\"days\":365,\"hours\":0,\"minutes\":0}','2022-09-22','2022-09-22','','','en',0),(2,'Cookies ncessaires','Nous installons ce cookie pour mmoriser le consentement des utilisateurs pour l\'utilisation des cookies de la catgorie \"Ncessaire\".','mydomain.com','First-party',1,'{\"days\":365,\"hours\":0,\"minutes\":0}','2022-09-22','2022-09-22','','','fr-FR',0);
/*!40000 ALTER TABLE `cookies` ENABLE KEYS */;
UNLOCK TABLES;

--
-- Table structure for table `cookies_category_links`
--

DROP TABLE IF EXISTS `cookies_category_links`;
/*!40101 SET @saved_cs_client     = @@character_set_client */;
/*!40101 SET character_set_client = utf8 */;
CREATE TABLE `cookies_category_links` (
  `cookie_id` tinyint(4) DEFAULT NULL,
  `cookie_category_id` tinyint(4) DEFAULT NULL,
  `id` tinyint(4) DEFAULT NULL,
  `cookie_order` varchar(0) DEFAULT NULL
) ENGINE=InnoDB DEFAULT CHARSET=utf8mb4;
/*!40101 SET character_set_client = @saved_cs_client */;

--
-- Dumping data for table `cookies_category_links`
--

LOCK TABLES `cookies_category_links` WRITE;
/*!40000 ALTER TABLE `cookies_category_links` DISABLE KEYS */;
INSERT INTO `cookies_category_links` VALUES (1,1,1,''),(2,2,2,'');
/*!40000 ALTER TABLE `cookies_category_links` ENABLE KEYS */;
UNLOCK TABLES;

--
-- Table structure for table `cookies_localizations_links`
--

DROP TABLE IF EXISTS `cookies_localizations_links`;
/*!40101 SET @saved_cs_client     = @@character_set_client */;
/*!40101 SET character_set_client = utf8 */;
CREATE TABLE `cookies_localizations_links` (
  `cookie_id` varchar(0) DEFAULT NULL,
  `inv_cookie_id` varchar(0) DEFAULT NULL,
  `id` varchar(0) DEFAULT NULL,
  `cookie_order` varchar(0) DEFAULT NULL
) ENGINE=InnoDB DEFAULT CHARSET=utf8mb4;
/*!40101 SET character_set_client = @saved_cs_client */;

--
-- Dumping data for table `cookies_localizations_links`
--

LOCK TABLES `cookies_localizations_links` WRITE;
/*!40000 ALTER TABLE `cookies_localizations_links` DISABLE KEYS */;
/*!40000 ALTER TABLE `cookies_localizations_links` ENABLE KEYS */;
UNLOCK TABLES;

--
-- Table structure for table `files`
--

DROP TABLE IF EXISTS `files`;
/*!40101 SET @saved_cs_client     = @@character_set_client */;
/*!40101 SET character_set_client = utf8 */;
CREATE TABLE `files` (
  `id` smallint(6) DEFAULT NULL,
  `name` varchar(94) DEFAULT NULL,
  `alternative_text` varchar(94) DEFAULT NULL,
  `caption` varchar(94) DEFAULT NULL,
  `width` smallint(6) DEFAULT NULL,
  `height` smallint(6) DEFAULT NULL,
  `formats` text,
  `hash` varchar(82) DEFAULT NULL,
  `ext` varchar(5) DEFAULT NULL,
  `mime` varchar(10) DEFAULT NULL,
  `size` decimal(6,2) DEFAULT NULL,
  `url` varchar(95) DEFAULT NULL,
  `preview_url` varchar(0) DEFAULT NULL,
  `provider` varchar(5) DEFAULT NULL,
  `provider_metadata` varchar(36) DEFAULT NULL,
  `created_at` varchar(10) DEFAULT NULL,
  `updated_at` varchar(10) DEFAULT NULL,
  `created_by_id` varchar(1) DEFAULT NULL,
  `updated_by_id` varchar(1) DEFAULT NULL,
  `folder_path` varchar(2) DEFAULT NULL,
  `sitemap_exclude` tinyint(4) DEFAULT NULL
) ENGINE=InnoDB DEFAULT CHARSET=utf8mb4;
/*!40101 SET character_set_client = @saved_cs_client */;

--
-- Dumping data for table `files`
--

LOCK TABLES `files` WRITE;
/*!40000 ALTER TABLE `files` DISABLE KEYS */;
INSERT INTO `files` VALUES (5,'Paella in Valencia','Paella in Valencia','',3851,2528,'{\"thumbnail\":{\"name\":\"thumbnail_Paella in Valencia\",\"hash\":\"thumbnail_5b9eeba22100003000c61e59_9098d9fb0a_176b2163c1_4b0b601b3c\",\"ext\":\".jpeg\",\"mime\":\"image/jpeg\",\"path\":null,\"width\":237,\"height\":156,\"size\":13.58,\"url\":\"/uploads/thumbnail_5b9eeba22100003000c61e59_9098d9fb0a_176b2163c1_4b0b601b3c.jpeg\"},\"small\":{\"name\":\"small_Paella in Valencia\",\"hash\":\"small_5b9eeba22100003000c61e59_9098d9fb0a_176b2163c1_4b0b601b3c\",\"ext\":\".jpeg\",\"mime\":\"image/jpeg\",\"path\":null,\"width\":500,\"height\":328,\"size\":44.17,\"url\":\"/uploads/small_5b9eeba22100003000c61e59_9098d9fb0a_176b2163c1_4b0b601b3c.jpeg\"},\"medium\":{\"name\":\"medium_Paella in Valencia\",\"hash\":\"medium_5b9eeba22100003000c61e59_9098d9fb0a_176b2163c1_4b0b601b3c\",\"ext\":\".jpeg\",\"mime\":\"image/jpeg\",\"path\":null,\"width\":750,\"height\":493,\"size\":81.98,\"url\":\"/uploads/medium_5b9eeba22100003000c61e59_9098d9fb0a_176b2163c1_4b0b601b3c.jpeg\"},\"large\":{\"name\":\"large_Paella in Valencia\",\"hash\":\"large_5b9eeba22100003000c61e59_9098d9fb0a_176b2163c1_4b0b601b3c\",\"ext\":\".jpeg\",\"mime\":\"image/jpeg\",\"path\":null,\"width\":1000,\"height\":657,\"size\":129.37,\"url\":\"/uploads/large_5b9eeba22100003000c61e59_9098d9fb0a_176b2163c1_4b0b601b3c.jpeg\"}}','5b9eeba22100003000c61e59_9098d9fb0a_176b2163c1_4b0b601b3c','.jpeg','image/jpeg',1026.93,'/uploads/5b9eeba22100003000c61e59_9098d9fb0a_176b2163c1_4b0b601b3c.jpeg','','local','unknown_value_please_contact_support','2021-11-23','2022-11-16','','1','/',0),(6,'Nasi Lemak','Nasi Lemak','Nasi Lemak',4204,2740,'{\"thumbnail\":{\"name\":\"thumbnail_Nasi Lemak\",\"hash\":\"thumbnail_5b9eeba22400005100542e38_cf4839f0ad_84f89b8451_742b9a1759\",\"ext\":\".jpeg\",\"mime\":\"image/jpeg\",\"path\":null,\"width\":239,\"height\":156,\"size\":12.89,\"url\":\"/uploads/thumbnail_5b9eeba22400005100542e38_cf4839f0ad_84f89b8451_742b9a1759.jpeg\"},\"small\":{\"name\":\"small_Nasi Lemak\",\"hash\":\"small_5b9eeba22400005100542e38_cf4839f0ad_84f89b8451_742b9a1759\",\"ext\":\".jpeg\",\"mime\":\"image/jpeg\",\"path\":null,\"width\":500,\"height\":326,\"size\":42.6,\"url\":\"/uploads/small_5b9eeba22400005100542e38_cf4839f0ad_84f89b8451_742b9a1759.jpeg\"},\"large\":{\"name\":\"large_Nasi Lemak\",\"hash\":\"large_5b9eeba22400005100542e38_cf4839f0ad_84f89b8451_742b9a1759\",\"ext\":\".jpeg\",\"mime\":\"image/jpeg\",\"path\":null,\"width\":1000,\"height\":652,\"size\":124.13,\"url\":\"/uploads/large_5b9eeba22400005100542e38_cf4839f0ad_84f89b8451_742b9a1759.jpeg\"},\"medium\":{\"name\":\"medium_Nasi Lemak\",\"hash\":\"medium_5b9eeba22400005100542e38_cf4839f0ad_84f89b8451_742b9a1759\",\"ext\":\".jpeg\",\"mime\":\"image/jpeg\",\"path\":null,\"width\":750,\"height\":489,\"size\":79.35,\"url\":\"/uploads/medium_5b9eeba22400005100542e38_cf4839f0ad_84f89b8451_742b9a1759.jpeg\"}}','5b9eeba22400005100542e38_cf4839f0ad_84f89b8451_742b9a1759','.jpeg','image/jpeg',1082.49,'/uploads/5b9eeba22400005100542e38_cf4839f0ad_84f89b8451_742b9a1759.jpeg','','local','unknown_value_please_contact_support','2021-11-23','2022-11-15','','1','/',0),(7,'Mole in Puebla','Mole in Puebla','Mole in Puebla',4705,3105,'{\"thumbnail\":{\"name\":\"thumbnail_Mole in Puebla\",\"hash\":\"thumbnail_5b9eeba62100003100c61e5b_d99dbc2910_75979ebd04_7afc2d1a5c\",\"ext\":\".jpeg\",\"mime\":\"image/jpeg\",\"path\":null,\"width\":236,\"height\":156,\"size\":11.04,\"url\":\"/uploads/thumbnail_5b9eeba62100003100c61e5b_d99dbc2910_75979ebd04_7afc2d1a5c.jpeg\"},\"small\":{\"name\":\"small_Mole in Puebla\",\"hash\":\"small_5b9eeba62100003100c61e5b_d99dbc2910_75979ebd04_7afc2d1a5c\",\"ext\":\".jpeg\",\"mime\":\"image/jpeg\",\"path\":null,\"width\":500,\"height\":330,\"size\":34.77,\"url\":\"/uploads/small_5b9eeba62100003100c61e5b_d99dbc2910_75979ebd04_7afc2d1a5c.jpeg\"},\"medium\":{\"name\":\"medium_Mole in Puebla\",\"hash\":\"medium_5b9eeba62100003100c61e5b_d99dbc2910_75979ebd04_7afc2d1a5c\",\"ext\":\".jpeg\",\"mime\":\"image/jpeg\",\"path\":null,\"width\":750,\"height\":495,\"size\":64.56,\"url\":\"/uploads/medium_5b9eeba62100003100c61e5b_d99dbc2910_75979ebd04_7afc2d1a5c.jpeg\"},\"large\":{\"name\":\"large_Mole in Puebla\",\"hash\":\"large_5b9eeba62100003100c61e5b_d99dbc2910_75979ebd04_7afc2d1a5c\",\"ext\":\".jpeg\",\"mime\":\"image/jpeg\",\"path\":null,\"width\":1000,\"height\":660,\"size\":100.42,\"url\":\"/uploads/large_5b9eeba62100003100c61e5b_d99dbc2910_75979ebd04_7afc2d1a5c.jpeg\"}}','5b9eeba62100003100c61e5b_d99dbc2910_75979ebd04_7afc2d1a5c','.jpeg','image/jpeg',1066.82,'/uploads/5b9eeba62100003100c61e5b_d99dbc2910_75979ebd04_7afc2d1a5c.jpeg','','local','unknown_value_please_contact_support','2021-11-23','2022-11-15','','1','/',0),(8,'Pintxos in San Sebastin','Pintxos in San Sebastin','Pintxos in San Sebastin',4188,2774,'{\"thumbnail\":{\"name\":\"thumbnail_Pintxos in San Sebastin\",\"hash\":\"thumbnail_5b9eeba32500003500370d46_7d51fc80cd_783924b96a_bdc848856f\",\"ext\":\".jpeg\",\"mime\":\"image/jpeg\",\"path\":null,\"width\":236,\"height\":156,\"size\":13.18,\"url\":\"/uploads/thumbnail_5b9eeba32500003500370d46_7d51fc80cd_783924b96a_bdc848856f.jpeg\"},\"small\":{\"name\":\"small_Pintxos in San Sebastin\",\"hash\":\"small_5b9eeba32500003500370d46_7d51fc80cd_783924b96a_bdc848856f\",\"ext\":\".jpeg\",\"mime\":\"image/jpeg\",\"path\":null,\"width\":500,\"height\":331,\"size\":52.77,\"url\":\"/uploads/small_5b9eeba32500003500370d46_7d51fc80cd_783924b96a_bdc848856f.jpeg\"},\"medium\":{\"name\":\"medium_Pintxos in San Sebastin\",\"hash\":\"medium_5b9eeba32500003500370d46_7d51fc80cd_783924b96a_bdc848856f\",\"ext\":\".jpeg\",\"mime\":\"image/jpeg\",\"path\":null,\"width\":750,\"height\":496,\"size\":106.59,\"url\":\"/uploads/medium_5b9eeba32500003500370d46_7d51fc80cd_783924b96a_bdc848856f.jpeg\"},\"large\":{\"name\":\"large_Pintxos in San Sebastin\",\"hash\":\"large_5b9eeba32500003500370d46_7d51fc80cd_783924b96a_bdc848856f\",\"ext\":\".jpeg\",\"mime\":\"image/jpeg\",\"path\":null,\"width\":1000,\"height\":662,\"size\":180.88,\"url\":\"/uploads/large_5b9eeba32500003500370d46_7d51fc80cd_783924b96a_bdc848856f.jpeg\"}}','5b9eeba32500003500370d46_7d51fc80cd_783924b96a_bdc848856f','.jpeg','image/jpeg',1920.01,'/uploads/5b9eeba32500003500370d46_7d51fc80cd_783924b96a_bdc848856f.jpeg','','local','unknown_value_please_contact_support','2021-11-23','2022-11-16','','1','/',0),(9,'Pastel de Nata','Pastel de Nata','Pastel de Nata',5859,3839,'{\"thumbnail\":{\"name\":\"thumbnail_Pastel de Nata\",\"hash\":\"thumbnail_5b9eeba53c00005b000abbf4_be4ab6d075_e909882796_3908e6e816\",\"ext\":\".jpeg\",\"mime\":\"image/jpeg\",\"path\":null,\"width\":238,\"height\":156,\"size\":9.79,\"url\":\"/uploads/thumbnail_5b9eeba53c00005b000abbf4_be4ab6d075_e909882796_3908e6e816.jpeg\"},\"medium\":{\"name\":\"medium_Pastel de Nata\",\"hash\":\"medium_5b9eeba53c00005b000abbf4_be4ab6d075_e909882796_3908e6e816\",\"ext\":\".jpeg\",\"mime\":\"image/jpeg\",\"path\":null,\"width\":750,\"height\":491,\"size\":56.5,\"url\":\"/uploads/medium_5b9eeba53c00005b000abbf4_be4ab6d075_e909882796_3908e6e816.jpeg\"},\"small\":{\"name\":\"small_Pastel de Nata\",\"hash\":\"small_5b9eeba53c00005b000abbf4_be4ab6d075_e909882796_3908e6e816\",\"ext\":\".jpeg\",\"mime\":\"image/jpeg\",\"path\":null,\"width\":500,\"height\":327,\"size\":29.94,\"url\":\"/uploads/small_5b9eeba53c00005b000abbf4_be4ab6d075_e909882796_3908e6e816.jpeg\"},\"large\":{\"name\":\"large_Pastel de Nata\",\"hash\":\"large_5b9eeba53c00005b000abbf4_be4ab6d075_e909882796_3908e6e816\",\"ext\":\".jpeg\",\"mime\":\"image/jpeg\",\"path\":null,\"width\":1000,\"height\":655,\"size\":87.6,\"url\":\"/uploads/large_5b9eeba53c00005b000abbf4_be4ab6d075_e909882796_3908e6e816.jpeg\"}}','5b9eeba53c00005b000abbf4_be4ab6d075_e909882796_3908e6e816','.jpeg','image/jpeg',1635.16,'/uploads/5b9eeba53c00005b000abbf4_be4ab6d075_e909882796_3908e6e816.jpeg','','local','unknown_value_please_contact_support','2021-11-23','2022-11-15','','1','/',0),(10,'Sichuan Hot Pot','Sichuan Hot Pot','Sichuan Hot Pot',6962,4615,'{\"thumbnail\":{\"name\":\"thumbnail_Sichuan Hot Pot\",\"hash\":\"thumbnail_5b9eeba82200005600da3822_01759bd55b_b46108e1aa_a310f83ff9\",\"ext\":\".jpeg\",\"mime\":\"image/jpeg\",\"path\":null,\"width\":236,\"height\":156,\"size\":12.33,\"url\":\"/uploads/thumbnail_5b9eeba82200005600da3822_01759bd55b_b46108e1aa_a310f83ff9.jpeg\"},\"small\":{\"name\":\"small_Sichuan Hot Pot\",\"hash\":\"small_5b9eeba82200005600da3822_01759bd55b_b46108e1aa_a310f83ff9\",\"ext\":\".jpeg\",\"mime\":\"image/jpeg\",\"path\":null,\"width\":500,\"height\":331,\"size\":39.15,\"url\":\"/uploads/small_5b9eeba82200005600da3822_01759bd55b_b46108e1aa_a310f83ff9.jpeg\"},\"medium\":{\"name\":\"medium_Sichuan Hot Pot\",\"hash\":\"medium_5b9eeba82200005600da3822_01759bd55b_b46108e1aa_a310f83ff9\",\"ext\":\".jpeg\",\"mime\":\"image/jpeg\",\"path\":null,\"width\":750,\"height\":497,\"size\":72.57,\"url\":\"/uploads/medium_5b9eeba82200005600da3822_01759bd55b_b46108e1aa_a310f83ff9.jpeg\"},\"large\":{\"name\":\"large_Sichuan Hot Pot\",\"hash\":\"large_5b9eeba82200005600da3822_01759bd55b_b46108e1aa_a310f83ff9\",\"ext\":\".jpeg\",\"mime\":\"image/jpeg\",\"path\":null,\"width\":1000,\"height\":663,\"size\":114.14,\"url\":\"/uploads/large_5b9eeba82200005600da3822_01759bd55b_b46108e1aa_a310f83ff9.jpeg\"}}','5b9eeba82200005600da3822_01759bd55b_b46108e1aa_a310f83ff9','.jpeg','image/jpeg',2233.63,'/uploads/5b9eeba82200005600da3822_01759bd55b_b46108e1aa_a310f83ff9.jpeg','','local','unknown_value_please_contact_support','2021-11-23','2022-11-15','','1','/',0),(11,'Tagine in Morocco','Tagine in Morocco','Tagine in Morocco',5544,3661,'{\"thumbnail\":{\"name\":\"thumbnail_Tagine in Morocco\",\"hash\":\"thumbnail_5b9eeba93c000032000abbf6_12bb2e5346_9e0dac4fca_73bf6480cb\",\"ext\":\".jpeg\",\"mime\":\"image/jpeg\",\"path\":null,\"width\":237,\"height\":156,\"size\":10.89,\"url\":\"/uploads/thumbnail_5b9eeba93c000032000abbf6_12bb2e5346_9e0dac4fca_73bf6480cb.jpeg\"},\"small\":{\"name\":\"small_Tagine in Morocco\",\"hash\":\"small_5b9eeba93c000032000abbf6_12bb2e5346_9e0dac4fca_73bf6480cb\",\"ext\":\".jpeg\",\"mime\":\"image/jpeg\",\"path\":null,\"width\":500,\"height\":330,\"size\":35.05,\"url\":\"/uploads/small_5b9eeba93c000032000abbf6_12bb2e5346_9e0dac4fca_73bf6480cb.jpeg\"},\"medium\":{\"name\":\"medium_Tagine in Morocco\",\"hash\":\"medium_5b9eeba93c000032000abbf6_12bb2e5346_9e0dac4fca_73bf6480cb\",\"ext\":\".jpeg\",\"mime\":\"image/jpeg\",\"path\":null,\"width\":750,\"height\":495,\"size\":65.73,\"url\":\"/uploads/medium_5b9eeba93c000032000abbf6_12bb2e5346_9e0dac4fca_73bf6480cb.jpeg\"},\"large\":{\"name\":\"large_Tagine in Morocco\",\"hash\":\"large_5b9eeba93c000032000abbf6_12bb2e5346_9e0dac4fca_73bf6480cb\",\"ext\":\".jpeg\",\"mime\":\"image/jpeg\",\"path\":null,\"width\":1000,\"height\":660,\"size\":102.22,\"url\":\"/uploads/large_5b9eeba93c000032000abbf6_12bb2e5346_9e0dac4fca_73bf6480cb.jpeg\"}}','5b9eeba93c000032000abbf6_12bb2e5346_9e0dac4fca_73bf6480cb','.jpeg','image/jpeg',1434.08,'/uploads/5b9eeba93c000032000abbf6_12bb2e5346_9e0dac4fca_73bf6480cb.jpeg','','local','unknown_value_please_contact_support','2021-11-23','2022-11-15','','1','/',0),(12,'Basque dish','Basque dish','Basque dish',758,506,'{\"thumbnail\":{\"name\":\"thumbnail_https://4d40-2a01-cb00-c8b-1800-7cbb-7da-ea9d-2011.ngrok.io/uploads/basque_cuisine_17fa4567e0.jpeg\",\"hash\":\"thumbnail_basque_cuisine_17fa4567e0_f033424240\",\"ext\":\".jpeg\",\"mime\":\"image/jpeg\",\"width\":234,\"height\":156,\"size\":11.31,\"path\":null,\"url\":\"/uploads/thumbnail_basque_cuisine_17fa4567e0_f033424240.jpeg\"},\"medium\":{\"name\":\"medium_https://4d40-2a01-cb00-c8b-1800-7cbb-7da-ea9d-2011.ngrok.io/uploads/basque_cuisine_17fa4567e0.jpeg\",\"hash\":\"medium_basque_cuisine_17fa4567e0_f033424240\",\"ext\":\".jpeg\",\"mime\":\"image/jpeg\",\"width\":750,\"height\":501,\"size\":82.09,\"path\":null,\"url\":\"/uploads/medium_basque_cuisine_17fa4567e0_f033424240.jpeg\"},\"small\":{\"name\":\"small_https://4d40-2a01-cb00-c8b-1800-7cbb-7da-ea9d-2011.ngrok.io/uploads/basque_cuisine_17fa4567e0.jpeg\",\"hash\":\"small_basque_cuisine_17fa4567e0_f033424240\",\"ext\":\".jpeg\",\"mime\":\"image/jpeg\",\"width\":500,\"height\":334,\"size\":41.03,\"path\":null,\"url\":\"/uploads/small_basque_cuisine_17fa4567e0_f033424240.jpeg\"}}','basque_cuisine_17fa4567e0_f033424240','.jpeg','image/jpeg',58.21,'/uploads/basque_cuisine_17fa4567e0_f033424240.jpeg','','local','unknown_value_please_contact_support','2021-11-23','2021-11-23','','','',0),(13,'Pintxos','Pintxos','Pintxos',669,446,'{\"thumbnail\":{\"name\":\"thumbnail_ https://4d40-2a01-cb00-c8b-1800-7cbb-7da-ea9d-2011.ngrok.io/uploads/55_3a3cb7ffba.jpg\",\"hash\":\"thumbnail_55_3a3cb7ffba_cf157a700b\",\"ext\":\".jpg\",\"mime\":\"image/jpeg\",\"width\":234,\"height\":156,\"size\":9.64,\"path\":null,\"url\":\"/uploads/thumbnail_55_3a3cb7ffba_cf157a700b.jpg\"},\"small\":{\"name\":\"small_ https://4d40-2a01-cb00-c8b-1800-7cbb-7da-ea9d-2011.ngrok.io/uploads/55_3a3cb7ffba.jpg\",\"hash\":\"small_55_3a3cb7ffba_cf157a700b\",\"ext\":\".jpg\",\"mime\":\"image/jpeg\",\"width\":500,\"height\":333,\"size\":33.57,\"path\":null,\"url\":\"/uploads/small_55_3a3cb7ffba_cf157a700b.jpg\"}}','55_3a3cb7ffba_cf157a700b','.jpg','image/jpeg',37.56,'/uploads/55_3a3cb7ffba_cf157a700b.jpg','','local','unknown_value_please_contact_support','2021-11-23','2021-11-23','','','',0),(14,'You might want to finish your plate in these countries ','You might want to finish your plate in these countries ','You might want to finish your plate in these countries ',5576,3717,'{\"thumbnail\":{\"name\":\"thumbnail_https://4d40-2a01-cb00-c8b-1800-7cbb-7da-ea9d-2011.ngrok.io/uploads/brooke_lark_W9_O_Krx_Bqi_ZA_unsplash_1_1504e304f1.jpg\",\"hash\":\"thumbnail_brooke_lark_W9_O_Krx_Bqi_ZA_unsplash_1_1504e304f1_a6d634ed0e\",\"ext\":\".jpg\",\"mime\":\"image/jpeg\",\"width\":234,\"height\":156,\"size\":10.28,\"path\":null,\"url\":\"/uploads/thumbnail_brooke_lark_W9_O_Krx_Bqi_ZA_unsplash_1_1504e304f1_a6d634ed0e.jpg\"},\"large\":{\"name\":\"large_https://4d40-2a01-cb00-c8b-1800-7cbb-7da-ea9d-2011.ngrok.io/uploads/brooke_lark_W9_O_Krx_Bqi_ZA_unsplash_1_1504e304f1.jpg\",\"hash\":\"large_brooke_lark_W9_O_Krx_Bqi_ZA_unsplash_1_1504e304f1_a6d634ed0e\",\"ext\":\".jpg\",\"mime\":\"image/jpeg\",\"width\":1000,\"height\":667,\"size\":122.82,\"path\":null,\"url\":\"/uploads/large_brooke_lark_W9_O_Krx_Bqi_ZA_unsplash_1_1504e304f1_a6d634ed0e.jpg\"},\"medium\":{\"name\":\"medium_https://4d40-2a01-cb00-c8b-1800-7cbb-7da-ea9d-2011.ngrok.io/uploads/brooke_lark_W9_O_Krx_Bqi_ZA_unsplash_1_1504e304f1.jpg\",\"hash\":\"medium_brooke_lark_W9_O_Krx_Bqi_ZA_unsplash_1_1504e304f1_a6d634ed0e\",\"ext\":\".jpg\",\"mime\":\"image/jpeg\",\"width\":750,\"height\":500,\"size\":74.32,\"path\":null,\"url\":\"/uploads/medium_brooke_lark_W9_O_Krx_Bqi_ZA_unsplash_1_1504e304f1_a6d634ed0e.jpg\"},\"small\":{\"name\":\"small_https://4d40-2a01-cb00-c8b-1800-7cbb-7da-ea9d-2011.ngrok.io/uploads/brooke_lark_W9_O_Krx_Bqi_ZA_unsplash_1_1504e304f1.jpg\",\"hash\":\"small_brooke_lark_W9_O_Krx_Bqi_ZA_unsplash_1_1504e304f1_a6d634ed0e\",\"ext\":\".jpg\",\"mime\":\"image/jpeg\",\"width\":500,\"height\":333,\"size\":36.13,\"path\":null,\"url\":\"/uploads/small_brooke_lark_W9_O_Krx_Bqi_ZA_unsplash_1_1504e304f1_a6d634ed0e.jpg\"}}','brooke_lark_W9_O_Krx_Bqi_ZA_unsplash_1_1504e304f1_a6d634ed0e','.jpg','image/jpeg',1355.32,'/uploads/brooke_lark_W9_O_Krx_Bqi_ZA_unsplash_1_1504e304f1_a6d634ed0e.jpg','','local','unknown_value_please_contact_support','2021-11-23','2021-11-23','','','',0),(17,'Adell Jones','Adell Jones','Adell Jones',128,128,'unknown_value_please_contact_support','48c69d7a1c5143fc928b71455bd23c6f_16d0c3a1dd_3374b4b230','.jpg','image/jpeg',3.73,'/uploads/48c69d7a1c5143fc928b71455bd23c6f_16d0c3a1dd_3374b4b230.jpg','','local','unknown_value_please_contact_support','2021-11-23','2021-11-23','','','',0),(18,'Aiyana Cormier','Aiyana Cormier','Aiyana Cormier',128,128,'unknown_value_please_contact_support','5c3b4812c1a34c7ca4d4889d2c93d784_6aa81db1d4_d9b0417f3d','.jpg','image/jpeg',2.88,'/uploads/5c3b4812c1a34c7ca4d4889d2c93d784_6aa81db1d4_d9b0417f3d.jpg','','local','unknown_value_please_contact_support','2021-11-23','2021-11-23','','','',0),(19,'Albin Vandervort','Albin Vandervort','Albin Vandervort',128,128,'unknown_value_please_contact_support','4e741baab42d48cd954d247509a34f31_ed775be0fc_87fa1dbed5','.jpg','image/jpeg',3.08,'/uploads/4e741baab42d48cd954d247509a34f31_ed775be0fc_87fa1dbed5.jpg','','local','unknown_value_please_contact_support','2021-11-23','2021-11-23','','','',0),(20,'Anastasia Dach','Anastasia Dach','Anastasia Dach',127,128,'unknown_value_please_contact_support','4c81d486bed8444da5d7549beb28ad82_2b03347ecb_f1d2ab24cf','.jpg','image/jpeg',2.61,'/uploads/4c81d486bed8444da5d7549beb28ad82_2b03347ecb_f1d2ab24cf.jpg','','local','unknown_value_please_contact_support','2021-11-23','2021-11-23','','','',0),(21,'Avis Doyle','Avis Doyle','Avis Doyle',500,500,'{\"thumbnail\":{\"name\":\"thumbnail_ https://4d40-2a01-cb00-c8b-1800-7cbb-7da-ea9d-2011.ngrok.io/uploads/2a0c08471b9a455cb16d6fc1c139e019_c18bf1dc3b.jpeg\",\"hash\":\"thumbnail_2a0c08471b9a455cb16d6fc1c139e019_c18bf1dc3b_391e775981\",\"ext\":\".jpeg\",\"mime\":\"image/jpeg\",\"width\":156,\"height\":156,\"size\":5.39,\"path\":null,\"url\":\"/uploads/thumbnail_2a0c08471b9a455cb16d6fc1c139e019_c18bf1dc3b_391e775981.jpeg\"}}','2a0c08471b9a455cb16d6fc1c139e019_c18bf1dc3b_391e775981','.jpeg','image/jpeg',33.07,'/uploads/2a0c08471b9a455cb16d6fc1c139e019_c18bf1dc3b_391e775981.jpeg','','local','unknown_value_please_contact_support','2021-11-23','2021-11-23','','','',0),(22,'Damon Kovacek','Damon Kovacek','Damon Kovacek',410,350,'{\"thumbnail\":{\"name\":\"thumbnail_ https://4d40-2a01-cb00-c8b-1800-7cbb-7da-ea9d-2011.ngrok.io/uploads/1d6781c15d9b466988dca19f4ccb93fe_f7cc46baef.jpeg\",\"hash\":\"thumbnail_1d6781c15d9b466988dca19f4ccb93fe_f7cc46baef_1d8c625332\",\"ext\":\".jpeg\",\"mime\":\"image/jpeg\",\"width\":183,\"height\":156,\"size\":4.16,\"path\":null,\"url\":\"/uploads/thumbnail_1d6781c15d9b466988dca19f4ccb93fe_f7cc46baef_1d8c625332.jpeg\"}}','1d6781c15d9b466988dca19f4ccb93fe_f7cc46baef_1d8c625332','.jpeg','image/jpeg',8.25,'/uploads/1d6781c15d9b466988dca19f4ccb93fe_f7cc46baef_1d8c625332.jpeg','','local','unknown_value_please_contact_support','2021-11-23','2021-11-23','','','',0),(23,'Elyse Nolan','Elyse Nolan','Elyse Nolan',128,128,'unknown_value_please_contact_support','a0e518bdcd4b44ea967347c8243e627b_003197edfd_160bd94480','.jpg','image/jpeg',3.23,'/uploads/a0e518bdcd4b44ea967347c8243e627b_003197edfd_160bd94480.jpg','','local','unknown_value_please_contact_support','2021-11-23','2021-11-23','','','',0),(24,'Erick Mason','Erick Mason','Erick Mason',128,128,'unknown_value_please_contact_support','49e42c764a7146c2bfc950b22efc8c97_4105bec821_a7f2cfbc89','.jpg','image/jpeg',3.37,'/uploads/49e42c764a7146c2bfc950b22efc8c97_4105bec821_a7f2cfbc89.jpg','','local','unknown_value_please_contact_support','2021-11-23','2021-11-23','','','',0),(25,'Garnet Rowe','Garnet Rowe','Garnet Rowe',128,128,'unknown_value_please_contact_support','858e41f89db1471496d90d6b1559fb5d_79a0b98619_0ebc458506','.jpg','image/jpeg',2.48,'/uploads/858e41f89db1471496d90d6b1559fb5d_79a0b98619_0ebc458506.jpg','','local','unknown_value_please_contact_support','2021-11-23','2021-11-23','','','',0),(26,'Gilbert Green','Gilbert Green','Gilbert Green',128,128,'unknown_value_please_contact_support','4cec26e0326047c0a690eeb13410ea7a_21f649ab5c_23af2470bc','.jpg','image/jpeg',3.17,'/uploads/4cec26e0326047c0a690eeb13410ea7a_21f649ab5c_23af2470bc.jpg','','local','unknown_value_please_contact_support','2021-11-23','2021-11-23','','','',0),(27,'Jamia Littel','Jamia Littel','Jamia Littel',397,350,'{\"thumbnail\":{\"name\":\"thumbnail_ https://4d40-2a01-cb00-c8b-1800-7cbb-7da-ea9d-2011.ngrok.io/uploads/147b1af63a974781adec49df3f632090_c6dbdc1e0c.jpeg\",\"hash\":\"thumbnail_147b1af63a974781adec49df3f632090_c6dbdc1e0c_2cd593d484\",\"ext\":\".jpeg\",\"mime\":\"image/jpeg\",\"width\":177,\"height\":156,\"size\":4.61,\"path\":null,\"url\":\"/uploads/thumbnail_147b1af63a974781adec49df3f632090_c6dbdc1e0c_2cd593d484.jpeg\"}}','147b1af63a974781adec49df3f632090_c6dbdc1e0c_2cd593d484','.jpeg','image/jpeg',9.88,'/uploads/147b1af63a974781adec49df3f632090_c6dbdc1e0c_2cd593d484.jpeg','','local','unknown_value_please_contact_support','2021-11-23','2021-11-23','','','',0),(28,'Lenny Klocko','Lenny Klocko','Lenny Klocko',500,500,'{\"thumbnail\":{\"name\":\"thumbnail_ https://4d40-2a01-cb00-c8b-1800-7cbb-7da-ea9d-2011.ngrok.io/uploads/e0517434e9f24eb3ae77c887d9e82a45_65f9c8a9c4.jpeg\",\"hash\":\"thumbnail_e0517434e9f24eb3ae77c887d9e82a45_65f9c8a9c4_f6c14bb259\",\"ext\":\".jpeg\",\"mime\":\"image/jpeg\",\"width\":156,\"height\":156,\"size\":5.27,\"path\":null,\"url\":\"/uploads/thumbnail_e0517434e9f24eb3ae77c887d9e82a45_65f9c8a9c4_f6c14bb259.jpeg\"}}','e0517434e9f24eb3ae77c887d9e82a45_65f9c8a9c4_f6c14bb259','.jpeg','image/jpeg',27.73,'/uploads/e0517434e9f24eb3ae77c887d9e82a45_65f9c8a9c4_f6c14bb259.jpeg','','local','unknown_value_please_contact_support','2021-11-23','2021-11-23','','','',0),(29,'Leonora Ramirez','Leonora Ramirez','Leonora Ramirez',128,128,'unknown_value_please_contact_support','9efb315f16684ceb9228e80095608c54_7f1165e2f3_d35b52a430','.jpg','image/jpeg',4.06,'/uploads/9efb315f16684ceb9228e80095608c54_7f1165e2f3_d35b52a430.jpg','','local','unknown_value_please_contact_support','2021-11-23','2021-11-23','','','',0),(30,'Marc Pacocha','Marc Pacocha','Marc Pacocha',1000,1455,'{\"thumbnail\":{\"name\":\"thumbnail_ https://4d40-2a01-cb00-c8b-1800-7cbb-7da-ea9d-2011.ngrok.io/uploads/6c84394710c04f85aaf6d5e7e75cf803_c8a0dd4a40.jpg\",\"hash\":\"thumbnail_6c84394710c04f85aaf6d5e7e75cf803_c8a0dd4a40_dd4dec709c\",\"ext\":\".jpg\",\"mime\":\"image/jpeg\",\"width\":107,\"height\":156,\"size\":3.18,\"path\":null,\"url\":\"/uploads/thumbnail_6c84394710c04f85aaf6d5e7e75cf803_c8a0dd4a40_dd4dec709c.jpg\"},\"large\":{\"name\":\"large_ https://4d40-2a01-cb00-c8b-1800-7cbb-7da-ea9d-2011.ngrok.io/uploads/6c84394710c04f85aaf6d5e7e75cf803_c8a0dd4a40.jpg\",\"hash\":\"large_6c84394710c04f85aaf6d5e7e75cf803_c8a0dd4a40_dd4dec709c\",\"ext\":\".jpg\",\"mime\":\"image/jpeg\",\"width\":687,\"height\":1000,\"size\":92.26,\"path\":null,\"url\":\"/uploads/large_6c84394710c04f85aaf6d5e7e75cf803_c8a0dd4a40_dd4dec709c.jpg\"},\"medium\":{\"name\":\"medium_ https://4d40-2a01-cb00-c8b-1800-7cbb-7da-ea9d-2011.ngrok.io/uploads/6c84394710c04f85aaf6d5e7e75cf803_c8a0dd4a40.jpg\",\"hash\":\"medium_6c84394710c04f85aaf6d5e7e75cf803_c8a0dd4a40_dd4dec709c\",\"ext\":\".jpg\",\"mime\":\"image/jpeg\",\"width\":515,\"height\":750,\"size\":51.05,\"path\":null,\"url\":\"/uploads/medium_6c84394710c04f85aaf6d5e7e75cf803_c8a0dd4a40_dd4dec709c.jpg\"},\"small\":{\"name\":\"small_ https://4d40-2a01-cb00-c8b-1800-7cbb-7da-ea9d-2011.ngrok.io/uploads/6c84394710c04f85aaf6d5e7e75cf803_c8a0dd4a40.jpg\",\"hash\":\"small_6c84394710c04f85aaf6d5e7e75cf803_c8a0dd4a40_dd4dec709c\",\"ext\":\".jpg\",\"mime\":\"image/jpeg\",\"width\":344,\"height\":500,\"size\":22.51,\"path\":null,\"url\":\"/uploads/small_6c84394710c04f85aaf6d5e7e75cf803_c8a0dd4a40_dd4dec709c.jpg\"}}','6c84394710c04f85aaf6d5e7e75cf803_c8a0dd4a40_dd4dec709c','.jpg','image/jpeg',129.61,'/uploads/6c84394710c04f85aaf6d5e7e75cf803_c8a0dd4a40_dd4dec709c.jpg','','local','unknown_value_please_contact_support','2021-11-23','2021-11-23','','','',0),(31,'Maureen Gole','Maureen Gole','Maureen Gole',200,133,'unknown_value_please_contact_support','86fb6b18dfd84817941eb3c9411bacf5_8775475e92_254b15f478','.jpeg','image/jpeg',5.12,'/uploads/86fb6b18dfd84817941eb3c9411bacf5_8775475e92_254b15f478.jpeg','','local','unknown_value_please_contact_support','2021-11-23','2021-11-23','','','',0),(32,'Maye Deven','Maye Deven','Maye Deven',200,200,'{\"thumbnail\":{\"name\":\"thumbnail_ https://4d40-2a01-cb00-c8b-1800-7cbb-7da-ea9d-2011.ngrok.io/uploads/8f89036c960b4d1db6c96fd0e4fcf44b_a3f9625327.jpeg\",\"hash\":\"thumbnail_8f89036c960b4d1db6c96fd0e4fcf44b_a3f9625327_fda9fe3a68\",\"ext\":\".jpeg\",\"mime\":\"image/jpeg\",\"width\":156,\"height\":156,\"size\":7.46,\"path\":null,\"url\":\"/uploads/thumbnail_8f89036c960b4d1db6c96fd0e4fcf44b_a3f9625327_fda9fe3a68.jpeg\"}}','8f89036c960b4d1db6c96fd0e4fcf44b_a3f9625327_fda9fe3a68','.jpeg','image/jpeg',8.07,'/uploads/8f89036c960b4d1db6c96fd0e4fcf44b_a3f9625327_fda9fe3a68.jpeg','','local','unknown_value_please_contact_support','2021-11-23','2021-11-23','','','',0),(33,'Ole Mueller','Ole Mueller','Ole Mueller',200,200,'{\"thumbnail\":{\"name\":\"thumbnail_ https://4d40-2a01-cb00-c8b-1800-7cbb-7da-ea9d-2011.ngrok.io/uploads/86438b567f79451cb3e65f43b12fb868_7bd5ba712b.jpeg\",\"hash\":\"thumbnail_86438b567f79451cb3e65f43b12fb868_7bd5ba712b_7102a03929\",\"ext\":\".jpeg\",\"mime\":\"image/jpeg\",\"width\":156,\"height\":156,\"size\":7.64,\"path\":null,\"url\":\"/uploads/thumbnail_86438b567f79451cb3e65f43b12fb868_7bd5ba712b_7102a03929.jpeg\"}}','86438b567f79451cb3e65f43b12fb868_7bd5ba712b_7102a03929','.jpeg','image/jpeg',8.01,'/uploads/86438b567f79451cb3e65f43b12fb868_7bd5ba712b_7102a03929.jpeg','','local','unknown_value_please_contact_support','2021-11-23','2021-11-23','','','',0),(34,'Siby Farla','Siby Farla','Siby Farla',128,128,'unknown_value_please_contact_support','3f3e183029654e5cb65477f611a43de1_654d17b080_626e6feeca','.jpg','image/jpeg',3.68,'/uploads/3f3e183029654e5cb65477f611a43de1_654d17b080_626e6feeca.jpg','','local','unknown_value_please_contact_support','2021-11-23','2021-11-23','','','',0),(35,'Theo Haley','Theo Haley','Theo Haley',128,128,'unknown_value_please_contact_support','d01f50af772b41f0bd289231df5c93c5_23be60e820_d8d01f5494','.jpg','image/jpeg',2.99,'/uploads/d01f50af772b41f0bd289231df5c93c5_23be60e820_d8d01f5494.jpg','','local','unknown_value_please_contact_support','2021-11-23','2021-11-23','','','',0),(36,'Tod Veum','Tod Veum','Tod Veum',200,300,'{\"thumbnail\":{\"name\":\"thumbnail_ https://4d40-2a01-cb00-c8b-1800-7cbb-7da-ea9d-2011.ngrok.io/uploads/70dd0d4d9eba45319e186bac2e171ca3_3056432021.jpeg\",\"hash\":\"thumbnail_70dd0d4d9eba45319e186bac2e171ca3_3056432021_3d02994774\",\"ext\":\".jpeg\",\"mime\":\"image/jpeg\",\"width\":104,\"height\":156,\"size\":3.6,\"path\":null,\"url\":\"/uploads/thumbnail_70dd0d4d9eba45319e186bac2e171ca3_3056432021_3d02994774.jpeg\"}}','70dd0d4d9eba45319e186bac2e171ca3_3056432021_3d02994774','.jpeg','image/jpeg',6.38,'/uploads/70dd0d4d9eba45319e186bac2e171ca3_3056432021_3d02994774.jpeg','','local','unknown_value_please_contact_support','2021-11-23','2021-11-23','','','',0),(37,'Al Sultan Brahim 3','Al Sultan Brahim','Al Sultan Brahim',550,950,'{\"thumbnail\":{\"name\":\"thumbnail_ https://4d40-2a01-cb00-c8b-1800-7cbb-7da-ea9d-2011.ngrok.io/uploads/20180809_151812_largejpg_043e7b2c6d.jpg\",\"hash\":\"thumbnail_20180809_151812_largejpg_043e7b2c6d_138ec5cf98\",\"ext\":\".jpg\",\"mime\":\"image/jpeg\",\"width\":90,\"height\":156,\"size\":5.51,\"path\":null,\"url\":\"/uploads/thumbnail_20180809_151812_largejpg_043e7b2c6d_138ec5cf98.jpg\"},\"medium\":{\"name\":\"medium_ https://4d40-2a01-cb00-c8b-1800-7cbb-7da-ea9d-2011.ngrok.io/uploads/20180809_151812_largejpg_043e7b2c6d.jpg\",\"hash\":\"medium_20180809_151812_largejpg_043e7b2c6d_138ec5cf98\",\"ext\":\".jpg\",\"mime\":\"image/jpeg\",\"width\":434,\"height\":750,\"size\":86.26,\"path\":null,\"url\":\"/uploads/medium_20180809_151812_largejpg_043e7b2c6d_138ec5cf98.jpg\"},\"small\":{\"name\":\"small_ https://4d40-2a01-cb00-c8b-1800-7cbb-7da-ea9d-2011.ngrok.io/uploads/20180809_151812_largejpg_043e7b2c6d.jpg\",\"hash\":\"small_20180809_151812_largejpg_043e7b2c6d_138ec5cf98\",\"ext\":\".jpg\",\"mime\":\"image/jpeg\",\"width\":289,\"height\":500,\"size\":38.55,\"path\":null,\"url\":\"/uploads/small_20180809_151812_largejpg_043e7b2c6d_138ec5cf98.jpg\"}}','20180809_151812_largejpg_043e7b2c6d_138ec5cf98','.jpg','image/jpeg',91.84,'/uploads/20180809_151812_largejpg_043e7b2c6d_138ec5cf98.jpg','','local','unknown_value_please_contact_support','2021-11-23','2021-11-23','','','',0),(38,'Al Sultan Brahim 2','Al Sultan Brahim','Al Sultan Brahim',909,702,'{\"thumbnail\":{\"name\":\"thumbnail_ https://4d40-2a01-cb00-c8b-1800-7cbb-7da-ea9d-2011.ngrok.io/uploads/20180809_151439_largejpg_c49515a0f3.jpg\",\"hash\":\"thumbnail_20180809_151439_largejpg_c49515a0f3_cc829c7f08\",\"ext\":\".jpg\",\"mime\":\"image/jpeg\",\"width\":202,\"height\":156,\"size\":9.4,\"path\":null,\"url\":\"/uploads/thumbnail_20180809_151439_largejpg_c49515a0f3_cc829c7f08.jpg\"},\"medium\":{\"name\":\"medium_ https://4d40-2a01-cb00-c8b-1800-7cbb-7da-ea9d-2011.ngrok.io/uploads/20180809_151439_largejpg_c49515a0f3.jpg\",\"hash\":\"medium_20180809_151439_largejpg_c49515a0f3_cc829c7f08\",\"ext\":\".jpg\",\"mime\":\"image/jpeg\",\"width\":750,\"height\":579,\"size\":111.26,\"path\":null,\"url\":\"/uploads/medium_20180809_151439_largejpg_c49515a0f3_cc829c7f08.jpg\"},\"small\":{\"name\":\"small_ https://4d40-2a01-cb00-c8b-1800-7cbb-7da-ea9d-2011.ngrok.io/uploads/20180809_151439_largejpg_c49515a0f3.jpg\",\"hash\":\"small_20180809_151439_largejpg_c49515a0f3_cc829c7f08\",\"ext\":\".jpg\",\"mime\":\"image/jpeg\",\"width\":500,\"height\":386,\"size\":48.73,\"path\":null,\"url\":\"/uploads/small_20180809_151439_largejpg_c49515a0f3_cc829c7f08.jpg\"}}','20180809_151439_largejpg_c49515a0f3_cc829c7f08','.jpg','image/jpeg',109.82,'/uploads/20180809_151439_largejpg_c49515a0f3_cc829c7f08.jpg','','local','unknown_value_please_contact_support','2021-11-23','2021-11-23','','','',0),(39,'Al Sultan Brahim 1','Al Sultan Brahim 1','Al Sultan Brahim 1',921,691,'{\"thumbnail\":{\"name\":\"thumbnail_ https://4d40-2a01-cb00-c8b-1800-7cbb-7da-ea9d-2011.ngrok.io/uploads/20180809_141311_largejpg_da24757cf7.jpg\",\"hash\":\"thumbnail_20180809_141311_largejpg_da24757cf7_34218566f9\",\"ext\":\".jpg\",\"mime\":\"image/jpeg\",\"width\":208,\"height\":156,\"size\":5.68,\"path\":null,\"url\":\"/uploads/thumbnail_20180809_141311_largejpg_da24757cf7_34218566f9.jpg\"},\"medium\":{\"name\":\"medium_ https://4d40-2a01-cb00-c8b-1800-7cbb-7da-ea9d-2011.ngrok.io/uploads/20180809_141311_largejpg_da24757cf7.jpg\",\"hash\":\"medium_20180809_141311_largejpg_da24757cf7_34218566f9\",\"ext\":\".jpg\",\"mime\":\"image/jpeg\",\"width\":750,\"height\":563,\"size\":71.38,\"path\":null,\"url\":\"/uploads/medium_20180809_141311_largejpg_da24757cf7_34218566f9.jpg\"},\"small\":{\"name\":\"small_ https://4d40-2a01-cb00-c8b-1800-7cbb-7da-ea9d-2011.ngrok.io/uploads/20180809_141311_largejpg_da24757cf7.jpg\",\"hash\":\"small_20180809_141311_largejpg_da24757cf7_34218566f9\",\"ext\":\".jpg\",\"mime\":\"image/jpeg\",\"width\":500,\"height\":375,\"size\":29.08,\"path\":null,\"url\":\"/uploads/small_20180809_141311_largejpg_da24757cf7_34218566f9.jpg\"}}','20180809_141311_largejpg_da24757cf7_34218566f9','.jpg','image/jpeg',71.53,'/uploads/20180809_141311_largejpg_da24757cf7_34218566f9.jpg','','local','unknown_value_please_contact_support','2021-11-23','2021-11-23','','','',0),(40,'Al Sultan Brahim 4','Al Sultan Brahim','Al Sultan Brahim',1024,1024,'{\"thumbnail\":{\"name\":\"thumbnail_ https://4d40-2a01-cb00-c8b-1800-7cbb-7da-ea9d-2011.ngrok.io/uploads/photo0jpg_448faf2182.jpg\",\"hash\":\"thumbnail_photo0jpg_448faf2182_4e8597d654\",\"ext\":\".jpg\",\"mime\":\"image/jpeg\",\"width\":156,\"height\":156,\"size\":6.41,\"path\":null,\"url\":\"/uploads/thumbnail_photo0jpg_448faf2182_4e8597d654.jpg\"},\"large\":{\"name\":\"large_ https://4d40-2a01-cb00-c8b-1800-7cbb-7da-ea9d-2011.ngrok.io/uploads/photo0jpg_448faf2182.jpg\",\"hash\":\"large_photo0jpg_448faf2182_4e8597d654\",\"ext\":\".jpg\",\"mime\":\"image/jpeg\",\"width\":1000,\"height\":1000,\"size\":170.47,\"path\":null,\"url\":\"/uploads/large_photo0jpg_448faf2182_4e8597d654.jpg\"},\"medium\":{\"name\":\"medium_ https://4d40-2a01-cb00-c8b-1800-7cbb-7da-ea9d-2011.ngrok.io/uploads/photo0jpg_448faf2182.jpg\",\"hash\":\"medium_photo0jpg_448faf2182_4e8597d654\",\"ext\":\".jpg\",\"mime\":\"image/jpeg\",\"width\":750,\"height\":750,\"size\":100.91,\"path\":null,\"url\":\"/uploads/medium_photo0jpg_448faf2182_4e8597d654.jpg\"},\"small\":{\"name\":\"small_ https://4d40-2a01-cb00-c8b-1800-7cbb-7da-ea9d-2011.ngrok.io/uploads/photo0jpg_448faf2182.jpg\",\"hash\":\"small_photo0jpg_448faf2182_4e8597d654\",\"ext\":\".jpg\",\"mime\":\"image/jpeg\",\"width\":500,\"height\":500,\"size\":46,\"path\":null,\"url\":\"/uploads/small_photo0jpg_448faf2182_4e8597d654.jpg\"}}','photo0jpg_448faf2182_4e8597d654','.jpg','image/jpeg',115.76,'/uploads/photo0jpg_448faf2182_4e8597d654.jpg','','local','unknown_value_please_contact_support','2021-11-23','2021-11-23','','','',0),(41,'Al Sultan Brahim 5','Al Sultan Brahim','Al Sultan Brahim',1280,960,'{\"thumbnail\":{\"name\":\"thumbnail_ https://4d40-2a01-cb00-c8b-1800-7cbb-7da-ea9d-2011.ngrok.io/uploads/img_20170214_wa0047_largejpg_rotated_270_49fdb14180.jpg\",\"hash\":\"thumbnail_img_20170214_wa0047_largejpg_rotated_270_49fdb14180_37052ef65b\",\"ext\":\".jpg\",\"mime\":\"image/jpeg\",\"width\":208,\"height\":156,\"size\":7.73,\"path\":null,\"url\":\"/uploads/thumbnail_img_20170214_wa0047_largejpg_rotated_270_49fdb14180_37052ef65b.jpg\"},\"large\":{\"name\":\"large_ https://4d40-2a01-cb00-c8b-1800-7cbb-7da-ea9d-2011.ngrok.io/uploads/img_20170214_wa0047_largejpg_rotated_270_49fdb14180.jpg\",\"hash\":\"large_img_20170214_wa0047_largejpg_rotated_270_49fdb14180_37052ef65b\",\"ext\":\".jpg\",\"mime\":\"image/jpeg\",\"width\":1000,\"height\":750,\"size\":104.64,\"path\":null,\"url\":\"/uploads/large_img_20170214_wa0047_largejpg_rotated_270_49fdb14180_37052ef65b.jpg\"},\"medium\":{\"name\":\"medium_ https://4d40-2a01-cb00-c8b-1800-7cbb-7da-ea9d-2011.ngrok.io/uploads/img_20170214_wa0047_largejpg_rotated_270_49fdb14180.jpg\",\"hash\":\"medium_img_20170214_wa0047_largejpg_rotated_270_49fdb14180_37052ef65b\",\"ext\":\".jpg\",\"mime\":\"image/jpeg\",\"width\":750,\"height\":563,\"size\":63.67,\"path\":null,\"url\":\"/uploads/medium_img_20170214_wa0047_largejpg_rotated_270_49fdb14180_37052ef65b.jpg\"},\"small\":{\"name\":\"small_ https://4d40-2a01-cb00-c8b-1800-7cbb-7da-ea9d-2011.ngrok.io/uploads/img_20170214_wa0047_largejpg_rotated_270_49fdb14180.jpg\",\"hash\":\"small_img_20170214_wa0047_largejpg_rotated_270_49fdb14180_37052ef65b\",\"ext\":\".jpg\",\"mime\":\"image/jpeg\",\"width\":500,\"height\":375,\"size\":31.22,\"path\":null,\"url\":\"/uploads/small_img_20170214_wa0047_largejpg_rotated_270_49fdb14180_37052ef65b.jpg\"}}','img_20170214_wa0047_largejpg_rotated_270_49fdb14180_37052ef65b','.jpg','image/jpeg',100.18,'/uploads/img_20170214_wa0047_largejpg_rotated_270_49fdb14180_37052ef65b.jpg','','local','unknown_value_please_contact_support','2021-11-23','2021-11-23','','','',0),(42,'Banana Mama Rooftop & Kitchen 5','Banana Mama Rooftop & Kitchen','Banana Mama Rooftop & Kitchen',960,960,'{\"thumbnail\":{\"name\":\"thumbnail_ https://4d40-2a01-cb00-c8b-1800-7cbb-7da-ea9d-2011.ngrok.io/uploads/le_smoky_the_winner_of_76cd292210.jpg\",\"hash\":\"thumbnail_le_smoky_the_winner_of_76cd292210_d652d18b9a\",\"ext\":\".jpg\",\"mime\":\"image/jpeg\",\"width\":156,\"height\":156,\"size\":4.63,\"path\":null,\"url\":\"/uploads/thumbnail_le_smoky_the_winner_of_76cd292210_d652d18b9a.jpg\"},\"medium\":{\"name\":\"medium_ https://4d40-2a01-cb00-c8b-1800-7cbb-7da-ea9d-2011.ngrok.io/uploads/le_smoky_the_winner_of_76cd292210.jpg\",\"hash\":\"medium_le_smoky_the_winner_of_76cd292210_d652d18b9a\",\"ext\":\".jpg\",\"mime\":\"image/jpeg\",\"width\":750,\"height\":750,\"size\":63.13,\"path\":null,\"url\":\"/uploads/medium_le_smoky_the_winner_of_76cd292210_d652d18b9a.jpg\"},\"small\":{\"name\":\"small_ https://4d40-2a01-cb00-c8b-1800-7cbb-7da-ea9d-2011.ngrok.io/uploads/le_smoky_the_winner_of_76cd292210.jpg\",\"hash\":\"small_le_smoky_the_winner_of_76cd292210_d652d18b9a\",\"ext\":\".jpg\",\"mime\":\"image/jpeg\",\"width\":500,\"height\":500,\"size\":31.66,\"path\":null,\"url\":\"/uploads/small_le_smoky_the_winner_of_76cd292210_d652d18b9a.jpg\"}}','le_smoky_the_winner_of_76cd292210_d652d18b9a','.jpg','image/jpeg',68.84,'/uploads/le_smoky_the_winner_of_76cd292210_d652d18b9a.jpg','','local','unknown_value_please_contact_support','2021-11-23','2021-11-23','','','',0),(43,'Banana Mama Rooftop & Kitchen 4','Banana Mama Rooftop & Kitchen','Banana Mama Rooftop & Kitchen',853,1280,'{\"thumbnail\":{\"name\":\"thumbnail_https://4d40-2a01-cb00-c8b-1800-7cbb-7da-ea9d-2011.ngrok.io/uploads/the_refreshing_signature_787bf80ade.jpg\",\"hash\":\"thumbnail_the_refreshing_signature_787bf80ade_54fd477769\",\"ext\":\".jpg\",\"mime\":\"image/jpeg\",\"width\":104,\"height\":156,\"size\":3.49,\"path\":null,\"url\":\"/uploads/thumbnail_the_refreshing_signature_787bf80ade_54fd477769.jpg\"},\"large\":{\"name\":\"large_https://4d40-2a01-cb00-c8b-1800-7cbb-7da-ea9d-2011.ngrok.io/uploads/the_refreshing_signature_787bf80ade.jpg\",\"hash\":\"large_the_refreshing_signature_787bf80ade_54fd477769\",\"ext\":\".jpg\",\"mime\":\"image/jpeg\",\"width\":666,\"height\":1000,\"size\":77.06,\"path\":null,\"url\":\"/uploads/large_the_refreshing_signature_787bf80ade_54fd477769.jpg\"},\"medium\":{\"name\":\"medium_https://4d40-2a01-cb00-c8b-1800-7cbb-7da-ea9d-2011.ngrok.io/uploads/the_refreshing_signature_787bf80ade.jpg\",\"hash\":\"medium_the_refreshing_signature_787bf80ade_54fd477769\",\"ext\":\".jpg\",\"mime\":\"image/jpeg\",\"width\":500,\"height\":750,\"size\":42.93,\"path\":null,\"url\":\"/uploads/medium_the_refreshing_signature_787bf80ade_54fd477769.jpg\"},\"small\":{\"name\":\"small_https://4d40-2a01-cb00-c8b-1800-7cbb-7da-ea9d-2011.ngrok.io/uploads/the_refreshing_signature_787bf80ade.jpg\",\"hash\":\"small_the_refreshing_signature_787bf80ade_54fd477769\",\"ext\":\".jpg\",\"mime\":\"image/jpeg\",\"width\":333,\"height\":500,\"size\":19.85,\"path\":null,\"url\":\"/uploads/small_the_refreshing_signature_787bf80ade_54fd477769.jpg\"}}','the_refreshing_signature_787bf80ade_54fd477769','.jpg','image/jpeg',75.09,'/uploads/the_refreshing_signature_787bf80ade_54fd477769.jpg','','local','unknown_value_please_contact_support','2021-11-23','2021-11-23','','','',0),(44,'Banana Mama Rooftop & Kitchen 3','Banana Mama Rooftop & Kitchen','Banana Mama Rooftop & Kitchen',1115,741,'{\"thumbnail\":{\"name\":\"thumbnail_https://4d40-2a01-cb00-c8b-1800-7cbb-7da-ea9d-2011.ngrok.io/uploads/banana_mama_3850d9097c.jpg\",\"hash\":\"thumbnail_banana_mama_3850d9097c_12ff0b25e5\",\"ext\":\".jpg\",\"mime\":\"image/jpeg\",\"width\":235,\"height\":156,\"size\":11.24,\"path\":null,\"url\":\"/uploads/thumbnail_banana_mama_3850d9097c_12ff0b25e5.jpg\"},\"large\":{\"name\":\"large_https://4d40-2a01-cb00-c8b-1800-7cbb-7da-ea9d-2011.ngrok.io/uploads/banana_mama_3850d9097c.jpg\",\"hash\":\"large_banana_mama_3850d9097c_12ff0b25e5\",\"ext\":\".jpg\",\"mime\":\"image/jpeg\",\"width\":1000,\"height\":665,\"size\":138.05,\"path\":null,\"url\":\"/uploads/large_banana_mama_3850d9097c_12ff0b25e5.jpg\"},\"medium\":{\"name\":\"medium_https://4d40-2a01-cb00-c8b-1800-7cbb-7da-ea9d-2011.ngrok.io/uploads/banana_mama_3850d9097c.jpg\",\"hash\":\"medium_banana_mama_3850d9097c_12ff0b25e5\",\"ext\":\".jpg\",\"mime\":\"image/jpeg\",\"width\":750,\"height\":498,\"size\":83.75,\"path\":null,\"url\":\"/uploads/medium_banana_mama_3850d9097c_12ff0b25e5.jpg\"},\"small\":{\"name\":\"small_https://4d40-2a01-cb00-c8b-1800-7cbb-7da-ea9d-2011.ngrok.io/uploads/banana_mama_3850d9097c.jpg\",\"hash\":\"small_banana_mama_3850d9097c_12ff0b25e5\",\"ext\":\".jpg\",\"mime\":\"image/jpeg\",\"width\":500,\"height\":332,\"size\":39.97,\"path\":null,\"url\":\"/uploads/small_banana_mama_3850d9097c_12ff0b25e5.jpg\"}}','banana_mama_3850d9097c_12ff0b25e5','.jpg','image/jpeg',114.01,'/uploads/banana_mama_3850d9097c_12ff0b25e5.jpg','','local','unknown_value_please_contact_support','2021-11-23','2021-11-23','','','',0),(45,'Banana Mama Rooftop & Kitchen 2','Banana Mama Rooftop & Kitchen','Banana Mama Rooftop & Kitchen',1280,854,'{\"thumbnail\":{\"name\":\"thumbnail_https://4d40-2a01-cb00-c8b-1800-7cbb-7da-ea9d-2011.ngrok.io/uploads/banana_mama_rooftop_e342aca34b.jpg\",\"hash\":\"thumbnail_banana_mama_rooftop_e342aca34b_f0b597aede\",\"ext\":\".jpg\",\"mime\":\"image/jpeg\",\"width\":234,\"height\":156,\"size\":8.84,\"path\":null,\"url\":\"/uploads/thumbnail_banana_mama_rooftop_e342aca34b_f0b597aede.jpg\"},\"large\":{\"name\":\"large_https://4d40-2a01-cb00-c8b-1800-7cbb-7da-ea9d-2011.ngrok.io/uploads/banana_mama_rooftop_e342aca34b.jpg\",\"hash\":\"large_banana_mama_rooftop_e342aca34b_f0b597aede\",\"ext\":\".jpg\",\"mime\":\"image/jpeg\",\"width\":1000,\"height\":667,\"size\":101.82,\"path\":null,\"url\":\"/uploads/large_banana_mama_rooftop_e342aca34b_f0b597aede.jpg\"},\"medium\":{\"name\":\"medium_https://4d40-2a01-cb00-c8b-1800-7cbb-7da-ea9d-2011.ngrok.io/uploads/banana_mama_rooftop_e342aca34b.jpg\",\"hash\":\"medium_banana_mama_rooftop_e342aca34b_f0b597aede\",\"ext\":\".jpg\",\"mime\":\"image/jpeg\",\"width\":750,\"height\":500,\"size\":57.19,\"path\":null,\"url\":\"/uploads/medium_banana_mama_rooftop_e342aca34b_f0b597aede.jpg\"},\"small\":{\"name\":\"small_https://4d40-2a01-cb00-c8b-1800-7cbb-7da-ea9d-2011.ngrok.io/uploads/banana_mama_rooftop_e342aca34b.jpg\",\"hash\":\"small_banana_mama_rooftop_e342aca34b_f0b597aede\",\"ext\":\".jpg\",\"mime\":\"image/jpeg\",\"width\":500,\"height\":334,\"size\":27.5,\"path\":null,\"url\":\"/uploads/small_banana_mama_rooftop_e342aca34b_f0b597aede.jpg\"}}','banana_mama_rooftop_e342aca34b_f0b597aede','.jpg','image/jpeg',104.11,'/uploads/banana_mama_rooftop_e342aca34b_f0b597aede.jpg','','local','unknown_value_please_contact_support','2021-11-23','2021-11-23','','','',0),(46,'Banana Mama Rooftop & Kitchen','Banana Mama Rooftop & Kitchen','Banana Mama Rooftop & Kitchen',1280,960,'{\"thumbnail\":{\"name\":\"thumbnail_https://4d40-2a01-cb00-c8b-1800-7cbb-7da-ea9d-2011.ngrok.io/uploads/oasis_in_busy_saigon_e017c59050.jpg\",\"hash\":\"thumbnail_oasis_in_busy_saigon_e017c59050_6c7c46ab13\",\"ext\":\".jpg\",\"mime\":\"image/jpeg\",\"width\":208,\"height\":156,\"size\":12.11,\"path\":null,\"url\":\"/uploads/thumbnail_oasis_in_busy_saigon_e017c59050_6c7c46ab13.jpg\"},\"large\":{\"name\":\"large_https://4d40-2a01-cb00-c8b-1800-7cbb-7da-ea9d-2011.ngrok.io/uploads/oasis_in_busy_saigon_e017c59050.jpg\",\"hash\":\"large_oasis_in_busy_saigon_e017c59050_6c7c46ab13\",\"ext\":\".jpg\",\"mime\":\"image/jpeg\",\"width\":1000,\"height\":750,\"size\":234.63,\"path\":null,\"url\":\"/uploads/large_oasis_in_busy_saigon_e017c59050_6c7c46ab13.jpg\"},\"medium\":{\"name\":\"medium_https://4d40-2a01-cb00-c8b-1800-7cbb-7da-ea9d-2011.ngrok.io/uploads/oasis_in_busy_saigon_e017c59050.jpg\",\"hash\":\"medium_oasis_in_busy_saigon_e017c59050_6c7c46ab13\",\"ext\":\".jpg\",\"mime\":\"image/jpeg\",\"width\":750,\"height\":563,\"size\":133.36,\"path\":null,\"url\":\"/uploads/medium_oasis_in_busy_saigon_e017c59050_6c7c46ab13.jpg\"},\"small\":{\"name\":\"small_https://4d40-2a01-cb00-c8b-1800-7cbb-7da-ea9d-2011.ngrok.io/uploads/oasis_in_busy_saigon_e017c59050.jpg\",\"hash\":\"small_oasis_in_busy_saigon_e017c59050_6c7c46ab13\",\"ext\":\".jpg\",\"mime\":\"image/jpeg\",\"width\":500,\"height\":375,\"size\":60.51,\"path\":null,\"url\":\"/uploads/small_oasis_in_busy_saigon_e017c59050_6c7c46ab13.jpg\"}}','oasis_in_busy_saigon_e017c59050_6c7c46ab13','.jpg','image/jpeg',268.55,'/uploads/oasis_in_busy_saigon_e017c59050_6c7c46ab13.jpg','','local','unknown_value_please_contact_support','2021-11-23','2021-11-23','','','',0),(47,'Bistrot Instinct 5','Bistrot Instinct','Bistrot Instinct',830,553,'{\"thumbnail\":{\"name\":\"thumbnail_https://4d40-2a01-cb00-c8b-1800-7cbb-7da-ea9d-2011.ngrok.io/uploads/peche_du_jour_999b5639e3.jpg\",\"hash\":\"thumbnail_peche_du_jour_999b5639e3_73929e9bcd\",\"ext\":\".jpg\",\"mime\":\"image/jpeg\",\"width\":234,\"height\":156,\"size\":13.49,\"path\":null,\"url\":\"/uploads/thumbnail_peche_du_jour_999b5639e3_73929e9bcd.jpg\"},\"medium\":{\"name\":\"medium_https://4d40-2a01-cb00-c8b-1800-7cbb-7da-ea9d-2011.ngrok.io/uploads/peche_du_jour_999b5639e3.jpg\",\"hash\":\"medium_peche_du_jour_999b5639e3_73929e9bcd\",\"ext\":\".jpg\",\"mime\":\"image/jpeg\",\"width\":750,\"height\":500,\"size\":100.73,\"path\":null,\"url\":\"/uploads/medium_peche_du_jour_999b5639e3_73929e9bcd.jpg\"},\"small\":{\"name\":\"small_https://4d40-2a01-cb00-c8b-1800-7cbb-7da-ea9d-2011.ngrok.io/uploads/peche_du_jour_999b5639e3.jpg\",\"hash\":\"small_peche_du_jour_999b5639e3_73929e9bcd\",\"ext\":\".jpg\",\"mime\":\"image/jpeg\",\"width\":500,\"height\":333,\"size\":49.61,\"path\":null,\"url\":\"/uploads/small_peche_du_jour_999b5639e3_73929e9bcd.jpg\"}}','peche_du_jour_999b5639e3_73929e9bcd','.jpg','image/jpeg',82.94,'/uploads/peche_du_jour_999b5639e3_73929e9bcd.jpg','','local','unknown_value_please_contact_support','2021-11-23','2021-11-23','','','',0),(48,'Bistrot Instinct 4','Bistrot Instinct','Bistrot Instinct',853,1280,'{\"thumbnail\":{\"name\":\"thumbnail_https://4d40-2a01-cb00-c8b-1800-7cbb-7da-ea9d-2011.ngrok.io/uploads/cocktail_10cc51ebc4.jpg\",\"hash\":\"thumbnail_cocktail_10cc51ebc4_df7cd80f53\",\"ext\":\".jpg\",\"mime\":\"image/jpeg\",\"width\":104,\"height\":156,\"size\":3.74,\"path\":null,\"url\":\"/uploads/thumbnail_cocktail_10cc51ebc4_df7cd80f53.jpg\"},\"large\":{\"name\":\"large_https://4d40-2a01-cb00-c8b-1800-7cbb-7da-ea9d-2011.ngrok.io/uploads/cocktail_10cc51ebc4.jpg\",\"hash\":\"large_cocktail_10cc51ebc4_df7cd80f53\",\"ext\":\".jpg\",\"mime\":\"image/jpeg\",\"width\":666,\"height\":1000,\"size\":80.96,\"path\":null,\"url\":\"/uploads/large_cocktail_10cc51ebc4_df7cd80f53.jpg\"},\"medium\":{\"name\":\"medium_https://4d40-2a01-cb00-c8b-1800-7cbb-7da-ea9d-2011.ngrok.io/uploads/cocktail_10cc51ebc4.jpg\",\"hash\":\"medium_cocktail_10cc51ebc4_df7cd80f53\",\"ext\":\".jpg\",\"mime\":\"image/jpeg\",\"width\":500,\"height\":750,\"size\":45.72,\"path\":null,\"url\":\"/uploads/medium_cocktail_10cc51ebc4_df7cd80f53.jpg\"},\"small\":{\"name\":\"small_https://4d40-2a01-cb00-c8b-1800-7cbb-7da-ea9d-2011.ngrok.io/uploads/cocktail_10cc51ebc4.jpg\",\"hash\":\"small_cocktail_10cc51ebc4_df7cd80f53\",\"ext\":\".jpg\",\"mime\":\"image/jpeg\",\"width\":333,\"height\":500,\"size\":21.8,\"path\":null,\"url\":\"/uploads/small_cocktail_10cc51ebc4_df7cd80f53.jpg\"}}','cocktail_10cc51ebc4_df7cd80f53','.jpg','image/jpeg',80.52,'/uploads/cocktail_10cc51ebc4_df7cd80f53.jpg','','local','unknown_value_please_contact_support','2021-11-23','2021-11-23','','','',0),(49,'Bistrot Instinct 3','Bistrot Instinct','Bistrot Instinct',853,1280,'{\"thumbnail\":{\"name\":\"thumbnail_https://4d40-2a01-cb00-c8b-1800-7cbb-7da-ea9d-2011.ngrok.io/uploads/oeuf_parfait_c6c58bc74b.jpg\",\"hash\":\"thumbnail_oeuf_parfait_c6c58bc74b_b8afd04e1a\",\"ext\":\".jpg\",\"mime\":\"image/jpeg\",\"width\":104,\"height\":156,\"size\":5.75,\"path\":null,\"url\":\"/uploads/thumbnail_oeuf_parfait_c6c58bc74b_b8afd04e1a.jpg\"},\"large\":{\"name\":\"large_https://4d40-2a01-cb00-c8b-1800-7cbb-7da-ea9d-2011.ngrok.io/uploads/oeuf_parfait_c6c58bc74b.jpg\",\"hash\":\"large_oeuf_parfait_c6c58bc74b_b8afd04e1a\",\"ext\":\".jpg\",\"mime\":\"image/jpeg\",\"width\":666,\"height\":1000,\"size\":148.6,\"path\":null,\"url\":\"/uploads/large_oeuf_parfait_c6c58bc74b_b8afd04e1a.jpg\"},\"medium\":{\"name\":\"medium_https://4d40-2a01-cb00-c8b-1800-7cbb-7da-ea9d-2011.ngrok.io/uploads/oeuf_parfait_c6c58bc74b.jpg\",\"hash\":\"medium_oeuf_parfait_c6c58bc74b_b8afd04e1a\",\"ext\":\".jpg\",\"mime\":\"image/jpeg\",\"width\":500,\"height\":750,\"size\":86.55,\"path\":null,\"url\":\"/uploads/medium_oeuf_parfait_c6c58bc74b_b8afd04e1a.jpg\"},\"small\":{\"name\":\"small_https://4d40-2a01-cb00-c8b-1800-7cbb-7da-ea9d-2011.ngrok.io/uploads/oeuf_parfait_c6c58bc74b.jpg\",\"hash\":\"small_oeuf_parfait_c6c58bc74b_b8afd04e1a\",\"ext\":\".jpg\",\"mime\":\"image/jpeg\",\"width\":333,\"height\":500,\"size\":41.44,\"path\":null,\"url\":\"/uploads/small_oeuf_parfait_c6c58bc74b_b8afd04e1a.jpg\"}}','oeuf_parfait_c6c58bc74b_b8afd04e1a','.jpg','image/jpeg',156.29,'/uploads/oeuf_parfait_c6c58bc74b_b8afd04e1a.jpg','','local','unknown_value_please_contact_support','2021-11-23','2021-11-23','','','',0),(50,'Bistrot Instinct 2','Bistrot Instinct','Bistrot Instinct',1024,1024,'{\"thumbnail\":{\"name\":\"thumbnail_https://4d40-2a01-cb00-c8b-1800-7cbb-7da-ea9d-2011.ngrok.io/uploads/fois_gras_b63bb97277.jpg\",\"hash\":\"thumbnail_fois_gras_b63bb97277_44345d7483\",\"ext\":\".jpg\",\"mime\":\"image/jpeg\",\"width\":156,\"height\":156,\"size\":7.78,\"path\":null,\"url\":\"/uploads/thumbnail_fois_gras_b63bb97277_44345d7483.jpg\"},\"large\":{\"name\":\"large_https://4d40-2a01-cb00-c8b-1800-7cbb-7da-ea9d-2011.ngrok.io/uploads/fois_gras_b63bb97277.jpg\",\"hash\":\"large_fois_gras_b63bb97277_44345d7483\",\"ext\":\".jpg\",\"mime\":\"image/jpeg\",\"width\":1000,\"height\":1000,\"size\":260.01,\"path\":null,\"url\":\"/uploads/large_fois_gras_b63bb97277_44345d7483.jpg\"},\"medium\":{\"name\":\"medium_https://4d40-2a01-cb00-c8b-1800-7cbb-7da-ea9d-2011.ngrok.io/uploads/fois_gras_b63bb97277.jpg\",\"hash\":\"medium_fois_gras_b63bb97277_44345d7483\",\"ext\":\".jpg\",\"mime\":\"image/jpeg\",\"width\":750,\"height\":750,\"size\":149.96,\"path\":null,\"url\":\"/uploads/medium_fois_gras_b63bb97277_44345d7483.jpg\"},\"small\":{\"name\":\"small_https://4d40-2a01-cb00-c8b-1800-7cbb-7da-ea9d-2011.ngrok.io/uploads/fois_gras_b63bb97277.jpg\",\"hash\":\"small_fois_gras_b63bb97277_44345d7483\",\"ext\":\".jpg\",\"mime\":\"image/jpeg\",\"width\":500,\"height\":500,\"size\":64.06,\"path\":null,\"url\":\"/uploads/small_fois_gras_b63bb97277_44345d7483.jpg\"}}','fois_gras_b63bb97277_44345d7483','.jpg','image/jpeg',185.44,'/uploads/fois_gras_b63bb97277_44345d7483.jpg','','local','unknown_value_please_contact_support','2021-11-23','2021-11-23','','','',0),(51,'Bistrot Instinct','Bistrot Instinct','Bistrot Instinct',1280,922,'{\"thumbnail\":{\"name\":\"thumbnail_https://4d40-2a01-cb00-c8b-1800-7cbb-7da-ea9d-2011.ngrok.io/uploads/bistrot_instinct_7f3cd18c2f.jpg\",\"hash\":\"thumbnail_bistrot_instinct_7f3cd18c2f_8cd0ee6e70\",\"ext\":\".jpg\",\"mime\":\"image/jpeg\",\"width\":217,\"height\":156,\"size\":9.87,\"path\":null,\"url\":\"/uploads/thumbnail_bistrot_instinct_7f3cd18c2f_8cd0ee6e70.jpg\"},\"large\":{\"name\":\"large_https://4d40-2a01-cb00-c8b-1800-7cbb-7da-ea9d-2011.ngrok.io/uploads/bistrot_instinct_7f3cd18c2f.jpg\",\"hash\":\"large_bistrot_instinct_7f3cd18c2f_8cd0ee6e70\",\"ext\":\".jpg\",\"mime\":\"image/jpeg\",\"width\":1000,\"height\":720,\"size\":145.98,\"path\":null,\"url\":\"/uploads/large_bistrot_instinct_7f3cd18c2f_8cd0ee6e70.jpg\"},\"medium\":{\"name\":\"medium_https://4d40-2a01-cb00-c8b-1800-7cbb-7da-ea9d-2011.ngrok.io/uploads/bistrot_instinct_7f3cd18c2f.jpg\",\"hash\":\"medium_bistrot_instinct_7f3cd18c2f_8cd0ee6e70\",\"ext\":\".jpg\",\"mime\":\"image/jpeg\",\"width\":750,\"height\":540,\"size\":83.14,\"path\":null,\"url\":\"/uploads/medium_bistrot_instinct_7f3cd18c2f_8cd0ee6e70.jpg\"},\"small\":{\"name\":\"small_https://4d40-2a01-cb00-c8b-1800-7cbb-7da-ea9d-2011.ngrok.io/uploads/bistrot_instinct_7f3cd18c2f.jpg\",\"hash\":\"small_bistrot_instinct_7f3cd18c2f_8cd0ee6e70\",\"ext\":\".jpg\",\"mime\":\"image/jpeg\",\"width\":500,\"height\":360,\"size\":38.47,\"path\":null,\"url\":\"/uploads/small_bistrot_instinct_7f3cd18c2f_8cd0ee6e70.jpg\"}}','bistrot_instinct_7f3cd18c2f_8cd0ee6e70','.jpg','image/jpeg',160.69,'/uploads/bistrot_instinct_7f3cd18c2f_8cd0ee6e70.jpg','','local','unknown_value_please_contact_support','2021-11-23','2021-11-23','','','',0),(52,'Bobby-Q','Bobby-Q','Bobby-Q',720,480,'{\"thumbnail\":{\"name\":\"thumbnail_https://4d40-2a01-cb00-c8b-1800-7cbb-7da-ea9d-2011.ngrok.io/uploads/bobby_q_s_e116acb6fc.jpg\",\"hash\":\"thumbnail_bobby_q_s_e116acb6fc_b22aa8f513\",\"ext\":\".jpg\",\"mime\":\"image/jpeg\",\"width\":234,\"height\":156,\"size\":13.05,\"path\":null,\"url\":\"/uploads/thumbnail_bobby_q_s_e116acb6fc_b22aa8f513.jpg\"},\"small\":{\"name\":\"small_https://4d40-2a01-cb00-c8b-1800-7cbb-7da-ea9d-2011.ngrok.io/uploads/bobby_q_s_e116acb6fc.jpg\",\"hash\":\"small_bobby_q_s_e116acb6fc_b22aa8f513\",\"ext\":\".jpg\",\"mime\":\"image/jpeg\",\"width\":500,\"height\":333,\"size\":57.96,\"path\":null,\"url\":\"/uploads/small_bobby_q_s_e116acb6fc_b22aa8f513.jpg\"}}','bobby_q_s_e116acb6fc_b22aa8f513','.jpg','image/jpeg',85.02,'/uploads/bobby_q_s_e116acb6fc_b22aa8f513.jpg','','local','unknown_value_please_contact_support','2021-11-23','2021-11-23','','','',0),(53,'Bobby-Q 2','Bobby-Q','Bobby-Q',720,480,'{\"thumbnail\":{\"name\":\"thumbnail_https://4d40-2a01-cb00-c8b-1800-7cbb-7da-ea9d-2011.ngrok.io/uploads/bobby_q_s_ee74930dbe.jpg\",\"hash\":\"thumbnail_bobby_q_s_ee74930dbe_65ea1eb4b1\",\"ext\":\".jpg\",\"mime\":\"image/jpeg\",\"width\":234,\"height\":156,\"size\":12.4,\"path\":null,\"url\":\"/uploads/thumbnail_bobby_q_s_ee74930dbe_65ea1eb4b1.jpg\"},\"small\":{\"name\":\"small_https://4d40-2a01-cb00-c8b-1800-7cbb-7da-ea9d-2011.ngrok.io/uploads/bobby_q_s_ee74930dbe.jpg\",\"hash\":\"small_bobby_q_s_ee74930dbe_65ea1eb4b1\",\"ext\":\".jpg\",\"mime\":\"image/jpeg\",\"width\":500,\"height\":333,\"size\":52.24,\"path\":null,\"url\":\"/uploads/small_bobby_q_s_ee74930dbe_65ea1eb4b1.jpg\"}}','bobby_q_s_ee74930dbe_65ea1eb4b1','.jpg','image/jpeg',73.87,'/uploads/bobby_q_s_ee74930dbe_65ea1eb4b1.jpg','','local','unknown_value_please_contact_support','2021-11-23','2021-11-23','','','',0),(54,'Bobby-Q 3','Bobby-Q','Bobby-Q',1280,853,'{\"thumbnail\":{\"name\":\"thumbnail_https://4d40-2a01-cb00-c8b-1800-7cbb-7da-ea9d-2011.ngrok.io/uploads/our_famous_q_rolls_with_dae6131f14.jpg\",\"hash\":\"thumbnail_our_famous_q_rolls_with_dae6131f14_0063c9d3d2\",\"ext\":\".jpg\",\"mime\":\"image/jpeg\",\"width\":234,\"height\":156,\"size\":8.19,\"path\":null,\"url\":\"/uploads/thumbnail_our_famous_q_rolls_with_dae6131f14_0063c9d3d2.jpg\"},\"large\":{\"name\":\"large_https://4d40-2a01-cb00-c8b-1800-7cbb-7da-ea9d-2011.ngrok.io/uploads/our_famous_q_rolls_with_dae6131f14.jpg\",\"hash\":\"large_our_famous_q_rolls_with_dae6131f14_0063c9d3d2\",\"ext\":\".jpg\",\"mime\":\"image/jpeg\",\"width\":1000,\"height\":666,\"size\":81.19,\"path\":null,\"url\":\"/uploads/large_our_famous_q_rolls_with_dae6131f14_0063c9d3d2.jpg\"},\"medium\":{\"name\":\"medium_https://4d40-2a01-cb00-c8b-1800-7cbb-7da-ea9d-2011.ngrok.io/uploads/our_famous_q_rolls_with_dae6131f14.jpg\",\"hash\":\"medium_our_famous_q_rolls_with_dae6131f14_0063c9d3d2\",\"ext\":\".jpg\",\"mime\":\"image/jpeg\",\"width\":750,\"height\":500,\"size\":49.36,\"path\":null,\"url\":\"/uploads/medium_our_famous_q_rolls_with_dae6131f14_0063c9d3d2.jpg\"},\"small\":{\"name\":\"small_https://4d40-2a01-cb00-c8b-1800-7cbb-7da-ea9d-2011.ngrok.io/uploads/our_famous_q_rolls_with_dae6131f14.jpg\",\"hash\":\"small_our_famous_q_rolls_with_dae6131f14_0063c9d3d2\",\"ext\":\".jpg\",\"mime\":\"image/jpeg\",\"width\":500,\"height\":333,\"size\":25.08,\"path\":null,\"url\":\"/uploads/small_our_famous_q_rolls_with_dae6131f14_0063c9d3d2.jpg\"}}','our_famous_q_rolls_with_dae6131f14_0063c9d3d2','.jpg','image/jpeg',81.47,'/uploads/our_famous_q_rolls_with_dae6131f14_0063c9d3d2.jpg','','local','unknown_value_please_contact_support','2021-11-23','2021-11-23','','','',0),(55,'Bobby-Q 4','Bobby-Q','Bobby-Q',1280,853,'{\"thumbnail\":{\"name\":\"thumbnail_https://4d40-2a01-cb00-c8b-1800-7cbb-7da-ea9d-2011.ngrok.io/uploads/don_t_miss_our_happy_5b94d010d9.jpg\",\"hash\":\"thumbnail_don_t_miss_our_happy_5b94d010d9_551b6ccdec\",\"ext\":\".jpg\",\"mime\":\"image/jpeg\",\"width\":234,\"height\":156,\"size\":9.09,\"path\":null,\"url\":\"/uploads/thumbnail_don_t_miss_our_happy_5b94d010d9_551b6ccdec.jpg\"},\"large\":{\"name\":\"large_https://4d40-2a01-cb00-c8b-1800-7cbb-7da-ea9d-2011.ngrok.io/uploads/don_t_miss_our_happy_5b94d010d9.jpg\",\"hash\":\"large_don_t_miss_our_happy_5b94d010d9_551b6ccdec\",\"ext\":\".jpg\",\"mime\":\"image/jpeg\",\"width\":1000,\"height\":666,\"size\":108.63,\"path\":null,\"url\":\"/uploads/large_don_t_miss_our_happy_5b94d010d9_551b6ccdec.jpg\"},\"medium\":{\"name\":\"medium_https://4d40-2a01-cb00-c8b-1800-7cbb-7da-ea9d-2011.ngrok.io/uploads/don_t_miss_our_happy_5b94d010d9.jpg\",\"hash\":\"medium_don_t_miss_our_happy_5b94d010d9_551b6ccdec\",\"ext\":\".jpg\",\"mime\":\"image/jpeg\",\"width\":750,\"height\":500,\"size\":64,\"path\":null,\"url\":\"/uploads/medium_don_t_miss_our_happy_5b94d010d9_551b6ccdec.jpg\"},\"small\":{\"name\":\"small_https://4d40-2a01-cb00-c8b-1800-7cbb-7da-ea9d-2011.ngrok.io/uploads/don_t_miss_our_happy_5b94d010d9.jpg\",\"hash\":\"small_don_t_miss_our_happy_5b94d010d9_551b6ccdec\",\"ext\":\".jpg\",\"mime\":\"image/jpeg\",\"width\":500,\"height\":333,\"size\":30.86,\"path\":null,\"url\":\"/uploads/small_don_t_miss_our_happy_5b94d010d9_551b6ccdec.jpg\"}}','don_t_miss_our_happy_5b94d010d9_551b6ccdec','.jpg','image/jpeg',112.16,'/uploads/don_t_miss_our_happy_5b94d010d9_551b6ccdec.jpg','','local','unknown_value_please_contact_support','2021-11-23','2021-11-23','','','',0),(56,'Bobby-Q 5','Bobby-Q','Bobby-Q',1280,853,'{\"thumbnail\":{\"name\":\"thumbnail_https://4d40-2a01-cb00-c8b-1800-7cbb-7da-ea9d-2011.ngrok.io/uploads/our_ribeye_s_are_hand_d9c0e26e9d.jpg\",\"hash\":\"thumbnail_our_ribeye_s_are_hand_d9c0e26e9d_e4bb51fe2e\",\"ext\":\".jpg\",\"mime\":\"image/jpeg\",\"width\":234,\"height\":156,\"size\":12.08,\"path\":null,\"url\":\"/uploads/thumbnail_our_ribeye_s_are_hand_d9c0e26e9d_e4bb51fe2e.jpg\"},\"large\":{\"name\":\"large_https://4d40-2a01-cb00-c8b-1800-7cbb-7da-ea9d-2011.ngrok.io/uploads/our_ribeye_s_are_hand_d9c0e26e9d.jpg\",\"hash\":\"large_our_ribeye_s_are_hand_d9c0e26e9d_e4bb51fe2e\",\"ext\":\".jpg\",\"mime\":\"image/jpeg\",\"width\":1000,\"height\":666,\"size\":173.61,\"path\":null,\"url\":\"/uploads/large_our_ribeye_s_are_hand_d9c0e26e9d_e4bb51fe2e.jpg\"},\"medium\":{\"name\":\"medium_https://4d40-2a01-cb00-c8b-1800-7cbb-7da-ea9d-2011.ngrok.io/uploads/our_ribeye_s_are_hand_d9c0e26e9d.jpg\",\"hash\":\"medium_our_ribeye_s_are_hand_d9c0e26e9d_e4bb51fe2e\",\"ext\":\".jpg\",\"mime\":\"image/jpeg\",\"width\":750,\"height\":500,\"size\":98.73,\"path\":null,\"url\":\"/uploads/medium_our_ribeye_s_are_hand_d9c0e26e9d_e4bb51fe2e.jpg\"},\"small\":{\"name\":\"small_https://4d40-2a01-cb00-c8b-1800-7cbb-7da-ea9d-2011.ngrok.io/uploads/our_ribeye_s_are_hand_d9c0e26e9d.jpg\",\"hash\":\"small_our_ribeye_s_are_hand_d9c0e26e9d_e4bb51fe2e\",\"ext\":\".jpg\",\"mime\":\"image/jpeg\",\"width\":500,\"height\":333,\"size\":45.37,\"path\":null,\"url\":\"/uploads/small_our_ribeye_s_are_hand_d9c0e26e9d_e4bb51fe2e.jpg\"}}','our_ribeye_s_are_hand_d9c0e26e9d_e4bb51fe2e','.jpg','image/jpeg',187.74,'/uploads/our_ribeye_s_are_hand_d9c0e26e9d_e4bb51fe2e.jpg','','local','unknown_value_please_contact_support','2021-11-23','2021-11-23','','','',0),(57,'Chekhov Restaurant 5','Chekhov Restaurant','Chekhov Restaurant',853,1280,'{\"thumbnail\":{\"name\":\"thumbnail_https://4d40-2a01-cb00-c8b-1800-7cbb-7da-ea9d-2011.ngrok.io/uploads/caption_72ad4f8a65.jpg\",\"hash\":\"thumbnail_caption_72ad4f8a65_c2d7fb2145\",\"ext\":\".jpg\",\"mime\":\"image/jpeg\",\"width\":104,\"height\":156,\"size\":4.47,\"path\":null,\"url\":\"/uploads/thumbnail_caption_72ad4f8a65_c2d7fb2145.jpg\"},\"large\":{\"name\":\"large_https://4d40-2a01-cb00-c8b-1800-7cbb-7da-ea9d-2011.ngrok.io/uploads/caption_72ad4f8a65.jpg\",\"hash\":\"large_caption_72ad4f8a65_c2d7fb2145\",\"ext\":\".jpg\",\"mime\":\"image/jpeg\",\"width\":666,\"height\":1000,\"size\":76.99,\"path\":null,\"url\":\"/uploads/large_caption_72ad4f8a65_c2d7fb2145.jpg\"},\"medium\":{\"name\":\"medium_https://4d40-2a01-cb00-c8b-1800-7cbb-7da-ea9d-2011.ngrok.io/uploads/caption_72ad4f8a65.jpg\",\"hash\":\"medium_caption_72ad4f8a65_c2d7fb2145\",\"ext\":\".jpg\",\"mime\":\"image/jpeg\",\"width\":500,\"height\":750,\"size\":47.72,\"path\":null,\"url\":\"/uploads/medium_caption_72ad4f8a65_c2d7fb2145.jpg\"},\"small\":{\"name\":\"small_https://4d40-2a01-cb00-c8b-1800-7cbb-7da-ea9d-2011.ngrok.io/uploads/caption_72ad4f8a65.jpg\",\"hash\":\"small_caption_72ad4f8a65_c2d7fb2145\",\"ext\":\".jpg\",\"mime\":\"image/jpeg\",\"width\":333,\"height\":500,\"size\":25.09,\"path\":null,\"url\":\"/uploads/small_caption_72ad4f8a65_c2d7fb2145.jpg\"}}','caption_72ad4f8a65_c2d7fb2145','.jpg','image/jpeg',76.51,'/uploads/caption_72ad4f8a65_c2d7fb2145.jpg','','local','unknown_value_please_contact_support','2021-11-23','2021-11-23','','','',0),(58,'Chekhov Restaurant 2','Chekhov Restaurant','Chekhov Restaurant',1000,1500,'{\"thumbnail\":{\"name\":\"thumbnail_https://4d40-2a01-cb00-c8b-1800-7cbb-7da-ea9d-2011.ngrok.io/uploads/croque_madame_hot_sandwich_0316c20569.jpg\",\"hash\":\"thumbnail_croque_madame_hot_sandwich_0316c20569_2309212988\",\"ext\":\".jpg\",\"mime\":\"image/jpeg\",\"width\":104,\"height\":156,\"size\":5.31,\"path\":null,\"url\":\"/uploads/thumbnail_croque_madame_hot_sandwich_0316c20569_2309212988.jpg\"},\"large\":{\"name\":\"large_https://4d40-2a01-cb00-c8b-1800-7cbb-7da-ea9d-2011.ngrok.io/uploads/croque_madame_hot_sandwich_0316c20569.jpg\",\"hash\":\"large_croque_madame_hot_sandwich_0316c20569_2309212988\",\"ext\":\".jpg\",\"mime\":\"image/jpeg\",\"width\":667,\"height\":1000,\"size\":89.43,\"path\":null,\"url\":\"/uploads/large_croque_madame_hot_sandwich_0316c20569_2309212988.jpg\"},\"medium\":{\"name\":\"medium_https://4d40-2a01-cb00-c8b-1800-7cbb-7da-ea9d-2011.ngrok.io/uploads/croque_madame_hot_sandwich_0316c20569.jpg\",\"hash\":\"medium_croque_madame_hot_sandwich_0316c20569_2309212988\",\"ext\":\".jpg\",\"mime\":\"image/jpeg\",\"width\":500,\"height\":750,\"size\":54.32,\"path\":null,\"url\":\"/uploads/medium_croque_madame_hot_sandwich_0316c20569_2309212988.jpg\"},\"small\":{\"name\":\"small_https://4d40-2a01-cb00-c8b-1800-7cbb-7da-ea9d-2011.ngrok.io/uploads/croque_madame_hot_sandwich_0316c20569.jpg\",\"hash\":\"small_croque_madame_hot_sandwich_0316c20569_2309212988\",\"ext\":\".jpg\",\"mime\":\"image/jpeg\",\"width\":333,\"height\":500,\"size\":28.06,\"path\":null,\"url\":\"/uploads/small_croque_madame_hot_sandwich_0316c20569_2309212988.jpg\"}}','croque_madame_hot_sandwich_0316c20569_2309212988','.jpg','image/jpeg',115.10,'/uploads/croque_madame_hot_sandwich_0316c20569_2309212988.jpg','','local','unknown_value_please_contact_support','2021-11-23','2021-11-23','','','',0),(59,'Chekhov Restaurant 4','Chekhov Restaurant','Chekhov Restaurant',1000,1500,'{\"thumbnail\":{\"name\":\"thumbnail_https://4d40-2a01-cb00-c8b-1800-7cbb-7da-ea9d-2011.ngrok.io/uploads/caption_4ad8370f08.jpg\",\"hash\":\"thumbnail_caption_4ad8370f08_2b1b9e1c5a\",\"ext\":\".jpg\",\"mime\":\"image/jpeg\",\"width\":104,\"height\":156,\"size\":4.32,\"path\":null,\"url\":\"/uploads/thumbnail_caption_4ad8370f08_2b1b9e1c5a.jpg\"},\"large\":{\"name\":\"large_https://4d40-2a01-cb00-c8b-1800-7cbb-7da-ea9d-2011.ngrok.io/uploads/caption_4ad8370f08.jpg\",\"hash\":\"large_caption_4ad8370f08_2b1b9e1c5a\",\"ext\":\".jpg\",\"mime\":\"image/jpeg\",\"width\":667,\"height\":1000,\"size\":88.2,\"path\":null,\"url\":\"/uploads/large_caption_4ad8370f08_2b1b9e1c5a.jpg\"},\"medium\":{\"name\":\"medium_https://4d40-2a01-cb00-c8b-1800-7cbb-7da-ea9d-2011.ngrok.io/uploads/caption_4ad8370f08.jpg\",\"hash\":\"medium_caption_4ad8370f08_2b1b9e1c5a\",\"ext\":\".jpg\",\"mime\":\"image/jpeg\",\"width\":500,\"height\":750,\"size\":47,\"path\":null,\"url\":\"/uploads/medium_caption_4ad8370f08_2b1b9e1c5a.jpg\"},\"small\":{\"name\":\"small_https://4d40-2a01-cb00-c8b-1800-7cbb-7da-ea9d-2011.ngrok.io/uploads/caption_4ad8370f08.jpg\",\"hash\":\"small_caption_4ad8370f08_2b1b9e1c5a\",\"ext\":\".jpg\",\"mime\":\"image/jpeg\",\"width\":333,\"height\":500,\"size\":22.19,\"path\":null,\"url\":\"/uploads/small_caption_4ad8370f08_2b1b9e1c5a.jpg\"}}','caption_4ad8370f08_2b1b9e1c5a','.jpg','image/jpeg',123.71,'/uploads/caption_4ad8370f08_2b1b9e1c5a.jpg','','local','unknown_value_please_contact_support','2021-11-23','2021-11-23','','','',0),(60,'Chekhov Restaurant','Chekhov Restaurant','Chekhov Restaurant',1800,1200,'{\"thumbnail\":{\"name\":\"thumbnail_https://4d40-2a01-cb00-c8b-1800-7cbb-7da-ea9d-2011.ngrok.io/uploads/caption_b9a6660cd4.jpg\",\"hash\":\"thumbnail_caption_b9a6660cd4_9633562a45\",\"ext\":\".jpg\",\"mime\":\"image/jpeg\",\"width\":234,\"height\":156,\"size\":12.4,\"path\":null,\"url\":\"/uploads/thumbnail_caption_b9a6660cd4_9633562a45.jpg\"},\"large\":{\"name\":\"large_https://4d40-2a01-cb00-c8b-1800-7cbb-7da-ea9d-2011.ngrok.io/uploads/caption_b9a6660cd4.jpg\",\"hash\":\"large_caption_b9a6660cd4_9633562a45\",\"ext\":\".jpg\",\"mime\":\"image/jpeg\",\"width\":1000,\"height\":667,\"size\":165.25,\"path\":null,\"url\":\"/uploads/large_caption_b9a6660cd4_9633562a45.jpg\"},\"medium\":{\"name\":\"medium_https://4d40-2a01-cb00-c8b-1800-7cbb-7da-ea9d-2011.ngrok.io/uploads/caption_b9a6660cd4.jpg\",\"hash\":\"medium_caption_b9a6660cd4_9633562a45\",\"ext\":\".jpg\",\"mime\":\"image/jpeg\",\"width\":750,\"height\":500,\"size\":94.53,\"path\":null,\"url\":\"/uploads/medium_caption_b9a6660cd4_9633562a45.jpg\"},\"small\":{\"name\":\"small_https://4d40-2a01-cb00-c8b-1800-7cbb-7da-ea9d-2011.ngrok.io/uploads/caption_b9a6660cd4.jpg\",\"hash\":\"small_caption_b9a6660cd4_9633562a45\",\"ext\":\".jpg\",\"mime\":\"image/jpeg\",\"width\":500,\"height\":333,\"size\":46.27,\"path\":null,\"url\":\"/uploads/small_caption_b9a6660cd4_9633562a45.jpg\"}}','caption_b9a6660cd4_9633562a45','.jpg','image/jpeg',337.08,'/uploads/caption_b9a6660cd4_9633562a45.jpg','','local','unknown_value_please_contact_support','2021-11-23','2021-11-23','','','',0),(61,'Chekhov Restaurant 3','Chekhov Restaurant','Chekhov Restaurant',1000,1500,'{\"thumbnail\":{\"name\":\"thumbnail_https://4d40-2a01-cb00-c8b-1800-7cbb-7da-ea9d-2011.ngrok.io/uploads/gift_box_with_chocolate_e194e4a9df.jpg\",\"hash\":\"thumbnail_gift_box_with_chocolate_e194e4a9df_e804f34d5a\",\"ext\":\".jpg\",\"mime\":\"image/jpeg\",\"width\":104,\"height\":156,\"size\":5.1,\"path\":null,\"url\":\"/uploads/thumbnail_gift_box_with_chocolate_e194e4a9df_e804f34d5a.jpg\"},\"large\":{\"name\":\"large_https://4d40-2a01-cb00-c8b-1800-7cbb-7da-ea9d-2011.ngrok.io/uploads/gift_box_with_chocolate_e194e4a9df.jpg\",\"hash\":\"large_gift_box_with_chocolate_e194e4a9df_e804f34d5a\",\"ext\":\".jpg\",\"mime\":\"image/jpeg\",\"width\":667,\"height\":1000,\"size\":103.22,\"path\":null,\"url\":\"/uploads/large_gift_box_with_chocolate_e194e4a9df_e804f34d5a.jpg\"},\"medium\":{\"name\":\"medium_https://4d40-2a01-cb00-c8b-1800-7cbb-7da-ea9d-2011.ngrok.io/uploads/gift_box_with_chocolate_e194e4a9df.jpg\",\"hash\":\"medium_gift_box_with_chocolate_e194e4a9df_e804f34d5a\",\"ext\":\".jpg\",\"mime\":\"image/jpeg\",\"width\":500,\"height\":750,\"size\":63.2,\"path\":null,\"url\":\"/uploads/medium_gift_box_with_chocolate_e194e4a9df_e804f34d5a.jpg\"},\"small\":{\"name\":\"small_https://4d40-2a01-cb00-c8b-1800-7cbb-7da-ea9d-2011.ngrok.io/uploads/gift_box_with_chocolate_e194e4a9df.jpg\",\"hash\":\"small_gift_box_with_chocolate_e194e4a9df_e804f34d5a\",\"ext\":\".jpg\",\"mime\":\"image/jpeg\",\"width\":333,\"height\":500,\"size\":33.07,\"path\":null,\"url\":\"/uploads/small_gift_box_with_chocolate_e194e4a9df_e804f34d5a.jpg\"}}','gift_box_with_chocolate_e194e4a9df_e804f34d5a','.jpg','image/jpeg',134.32,'/uploads/gift_box_with_chocolate_e194e4a9df_e804f34d5a.jpg','','local','unknown_value_please_contact_support','2021-11-23','2021-11-23','','','',0),(62,'Essence Restaurant 2','Essence Restaurant','Essence Restaurant',1000,1500,'{\"thumbnail\":{\"name\":\"thumbnail_https://4d40-2a01-cb00-c8b-1800-7cbb-7da-ea9d-2011.ngrok.io/uploads/essence_restaurant_6b8997f47c.jpg\",\"hash\":\"thumbnail_essence_restaurant_6b8997f47c_3d975d4d3f\",\"ext\":\".jpg\",\"mime\":\"image/jpeg\",\"width\":104,\"height\":156,\"size\":4.64,\"path\":null,\"url\":\"/uploads/thumbnail_essence_restaurant_6b8997f47c_3d975d4d3f.jpg\"},\"large\":{\"name\":\"large_https://4d40-2a01-cb00-c8b-1800-7cbb-7da-ea9d-2011.ngrok.io/uploads/essence_restaurant_6b8997f47c.jpg\",\"hash\":\"large_essence_restaurant_6b8997f47c_3d975d4d3f\",\"ext\":\".jpg\",\"mime\":\"image/jpeg\",\"width\":667,\"height\":1000,\"size\":72.09,\"path\":null,\"url\":\"/uploads/large_essence_restaurant_6b8997f47c_3d975d4d3f.jpg\"},\"medium\":{\"name\":\"medium_https://4d40-2a01-cb00-c8b-1800-7cbb-7da-ea9d-2011.ngrok.io/uploads/essence_restaurant_6b8997f47c.jpg\",\"hash\":\"medium_essence_restaurant_6b8997f47c_3d975d4d3f\",\"ext\":\".jpg\",\"mime\":\"image/jpeg\",\"width\":500,\"height\":750,\"size\":46.4,\"path\":null,\"url\":\"/uploads/medium_essence_restaurant_6b8997f47c_3d975d4d3f.jpg\"},\"small\":{\"name\":\"small_https://4d40-2a01-cb00-c8b-1800-7cbb-7da-ea9d-2011.ngrok.io/uploads/essence_restaurant_6b8997f47c.jpg\",\"hash\":\"small_essence_restaurant_6b8997f47c_3d975d4d3f\",\"ext\":\".jpg\",\"mime\":\"image/jpeg\",\"width\":333,\"height\":500,\"size\":24.96,\"path\":null,\"url\":\"/uploads/small_essence_restaurant_6b8997f47c_3d975d4d3f.jpg\"}}','essence_restaurant_6b8997f47c_3d975d4d3f','.jpg','image/jpeg',89.95,'/uploads/essence_restaurant_6b8997f47c_3d975d4d3f.jpg','','local','unknown_value_please_contact_support','2021-11-23','2021-11-23','','','',0),(63,'Essence Restaurant','Essence Restaurant','Essence Restaurant',1280,853,'{\"thumbnail\":{\"name\":\"thumbnail_https://4d40-2a01-cb00-c8b-1800-7cbb-7da-ea9d-2011.ngrok.io/uploads/a_private_dinning_room_30087cf6ae.jpg\",\"hash\":\"thumbnail_a_private_dinning_room_30087cf6ae_47b659f6d2\",\"ext\":\".jpg\",\"mime\":\"image/jpeg\",\"width\":234,\"height\":156,\"size\":11.26,\"path\":null,\"url\":\"/uploads/thumbnail_a_private_dinning_room_30087cf6ae_47b659f6d2.jpg\"},\"large\":{\"name\":\"large_https://4d40-2a01-cb00-c8b-1800-7cbb-7da-ea9d-2011.ngrok.io/uploads/a_private_dinning_room_30087cf6ae.jpg\",\"hash\":\"large_a_private_dinning_room_30087cf6ae_47b659f6d2\",\"ext\":\".jpg\",\"mime\":\"image/jpeg\",\"width\":1000,\"height\":666,\"size\":160.76,\"path\":null,\"url\":\"/uploads/large_a_private_dinning_room_30087cf6ae_47b659f6d2.jpg\"},\"medium\":{\"name\":\"medium_https://4d40-2a01-cb00-c8b-1800-7cbb-7da-ea9d-2011.ngrok.io/uploads/a_private_dinning_room_30087cf6ae.jpg\",\"hash\":\"medium_a_private_dinning_room_30087cf6ae_47b659f6d2\",\"ext\":\".jpg\",\"mime\":\"image/jpeg\",\"width\":750,\"height\":500,\"size\":90.68,\"path\":null,\"url\":\"/uploads/medium_a_private_dinning_room_30087cf6ae_47b659f6d2.jpg\"},\"small\":{\"name\":\"small_https://4d40-2a01-cb00-c8b-1800-7cbb-7da-ea9d-2011.ngrok.io/uploads/a_private_dinning_room_30087cf6ae.jpg\",\"hash\":\"small_a_private_dinning_room_30087cf6ae_47b659f6d2\",\"ext\":\".jpg\",\"mime\":\"image/jpeg\",\"width\":500,\"height\":333,\"size\":41.87,\"path\":null,\"url\":\"/uploads/small_a_private_dinning_room_30087cf6ae_47b659f6d2.jpg\"}}','a_private_dinning_room_30087cf6ae_47b659f6d2','.jpg','image/jpeg',175.90,'/uploads/a_private_dinning_room_30087cf6ae_47b659f6d2.jpg','','local','unknown_value_please_contact_support','2021-11-23','2021-11-23','','','',0),(64,'Essence Restaurant 3','Essence Restaurant','Essence Restaurant',998,1500,'{\"thumbnail\":{\"name\":\"thumbnail_https://4d40-2a01-cb00-c8b-1800-7cbb-7da-ea9d-2011.ngrok.io/uploads/essence_restaurant_b90fe972a0.jpg\",\"hash\":\"thumbnail_essence_restaurant_b90fe972a0_6ae75dd658\",\"ext\":\".jpg\",\"mime\":\"image/jpeg\",\"width\":104,\"height\":156,\"size\":5.69,\"path\":null,\"url\":\"/uploads/thumbnail_essence_restaurant_b90fe972a0_6ae75dd658.jpg\"},\"large\":{\"name\":\"large_https://4d40-2a01-cb00-c8b-1800-7cbb-7da-ea9d-2011.ngrok.io/uploads/essence_restaurant_b90fe972a0.jpg\",\"hash\":\"large_essence_restaurant_b90fe972a0_6ae75dd658\",\"ext\":\".jpg\",\"mime\":\"image/jpeg\",\"width\":665,\"height\":1000,\"size\":171.48,\"path\":null,\"url\":\"/uploads/large_essence_restaurant_b90fe972a0_6ae75dd658.jpg\"},\"medium\":{\"name\":\"medium_https://4d40-2a01-cb00-c8b-1800-7cbb-7da-ea9d-2011.ngrok.io/uploads/essence_restaurant_b90fe972a0.jpg\",\"hash\":\"medium_essence_restaurant_b90fe972a0_6ae75dd658\",\"ext\":\".jpg\",\"mime\":\"image/jpeg\",\"width\":499,\"height\":750,\"size\":95.6,\"path\":null,\"url\":\"/uploads/medium_essence_restaurant_b90fe972a0_6ae75dd658.jpg\"},\"small\":{\"name\":\"small_https://4d40-2a01-cb00-c8b-1800-7cbb-7da-ea9d-2011.ngrok.io/uploads/essence_restaurant_b90fe972a0.jpg\",\"hash\":\"small_essence_restaurant_b90fe972a0_6ae75dd658\",\"ext\":\".jpg\",\"mime\":\"image/jpeg\",\"width\":333,\"height\":500,\"size\":45.11,\"path\":null,\"url\":\"/uploads/small_essence_restaurant_b90fe972a0_6ae75dd658.jpg\"}}','essence_restaurant_b90fe972a0_6ae75dd658','.jpg','image/jpeg',252.18,'/uploads/essence_restaurant_b90fe972a0_6ae75dd658.jpg','','local','unknown_value_please_contact_support','2021-11-23','2021-11-23','','','',0),(65,'Essence Restaurant 5','Essence Restaurant','Essence Restaurant',1280,912,'{\"thumbnail\":{\"name\":\"thumbnail_https://4d40-2a01-cb00-c8b-1800-7cbb-7da-ea9d-2011.ngrok.io/uploads/city_view_dining_corner_35b439e781.jpg\",\"hash\":\"thumbnail_city_view_dining_corner_35b439e781_7c5d88b8b0\",\"ext\":\".jpg\",\"mime\":\"image/jpeg\",\"width\":219,\"height\":156,\"size\":10.93,\"path\":null,\"url\":\"/uploads/thumbnail_city_view_dining_corner_35b439e781_7c5d88b8b0.jpg\"},\"large\":{\"name\":\"large_https://4d40-2a01-cb00-c8b-1800-7cbb-7da-ea9d-2011.ngrok.io/uploads/city_view_dining_corner_35b439e781.jpg\",\"hash\":\"large_city_view_dining_corner_35b439e781_7c5d88b8b0\",\"ext\":\".jpg\",\"mime\":\"image/jpeg\",\"width\":1000,\"height\":713,\"size\":187.79,\"path\":null,\"url\":\"/uploads/large_city_view_dining_corner_35b439e781_7c5d88b8b0.jpg\"},\"medium\":{\"name\":\"medium_https://4d40-2a01-cb00-c8b-1800-7cbb-7da-ea9d-2011.ngrok.io/uploads/city_view_dining_corner_35b439e781.jpg\",\"hash\":\"medium_city_view_dining_corner_35b439e781_7c5d88b8b0\",\"ext\":\".jpg\",\"mime\":\"image/jpeg\",\"width\":750,\"height\":534,\"size\":103.33,\"path\":null,\"url\":\"/uploads/medium_city_view_dining_corner_35b439e781_7c5d88b8b0.jpg\"},\"small\":{\"name\":\"small_https://4d40-2a01-cb00-c8b-1800-7cbb-7da-ea9d-2011.ngrok.io/uploads/city_view_dining_corner_35b439e781.jpg\",\"hash\":\"small_city_view_dining_corner_35b439e781_7c5d88b8b0\",\"ext\":\".jpg\",\"mime\":\"image/jpeg\",\"width\":500,\"height\":356,\"size\":47.27,\"path\":null,\"url\":\"/uploads/small_city_view_dining_corner_35b439e781_7c5d88b8b0.jpg\"}}','city_view_dining_corner_35b439e781_7c5d88b8b0','.jpg','image/jpeg',210.13,'/uploads/city_view_dining_corner_35b439e781_7c5d88b8b0.jpg','','local','unknown_value_please_contact_support','2021-11-23','2021-11-23','','','',0),(66,'Essence Restaurant 4','Essence Restaurant','Essence Restaurant',2000,1330,'{\"thumbnail\":{\"name\":\"thumbnail_https://4d40-2a01-cb00-c8b-1800-7cbb-7da-ea9d-2011.ngrok.io/uploads/essence_restaurant_aeecbae1a9.jpg\",\"hash\":\"thumbnail_essence_restaurant_aeecbae1a9_fe32773128\",\"ext\":\".jpg\",\"mime\":\"image/jpeg\",\"width\":235,\"height\":156,\"size\":10.14,\"path\":null,\"url\":\"/uploads/thumbnail_essence_restaurant_aeecbae1a9_fe32773128.jpg\"},\"large\":{\"name\":\"large_https://4d40-2a01-cb00-c8b-1800-7cbb-7da-ea9d-2011.ngrok.io/uploads/essence_restaurant_aeecbae1a9.jpg\",\"hash\":\"large_essence_restaurant_aeecbae1a9_fe32773128\",\"ext\":\".jpg\",\"mime\":\"image/jpeg\",\"width\":1000,\"height\":665,\"size\":94.15,\"path\":null,\"url\":\"/uploads/large_essence_restaurant_aeecbae1a9_fe32773128.jpg\"},\"medium\":{\"name\":\"medium_https://4d40-2a01-cb00-c8b-1800-7cbb-7da-ea9d-2011.ngrok.io/uploads/essence_restaurant_aeecbae1a9.jpg\",\"hash\":\"medium_essence_restaurant_aeecbae1a9_fe32773128\",\"ext\":\".jpg\",\"mime\":\"image/jpeg\",\"width\":750,\"height\":499,\"size\":58.67,\"path\":null,\"url\":\"/uploads/medium_essence_restaurant_aeecbae1a9_fe32773128.jpg\"},\"small\":{\"name\":\"small_https://4d40-2a01-cb00-c8b-1800-7cbb-7da-ea9d-2011.ngrok.io/uploads/essence_restaurant_aeecbae1a9.jpg\",\"hash\":\"small_essence_restaurant_aeecbae1a9_fe32773128\",\"ext\":\".jpg\",\"mime\":\"image/jpeg\",\"width\":500,\"height\":333,\"size\":31.99,\"path\":null,\"url\":\"/uploads/small_essence_restaurant_aeecbae1a9_fe32773128.jpg\"}}','essence_restaurant_aeecbae1a9_fe32773128','.jpg','image/jpeg',189.31,'/uploads/essence_restaurant_aeecbae1a9_fe32773128.jpg','','local','unknown_value_please_contact_support','2021-11-23','2021-11-23','','','',0),(67,'Ferdinand 4','Ferdinand','Ferdinand',481,720,'{\"thumbnail\":{\"name\":\"thumbnail_https://4d40-2a01-cb00-c8b-1800-7cbb-7da-ea9d-2011.ngrok.io/uploads/specialty_cocktails_d8a763b09d.jpg\",\"hash\":\"thumbnail_specialty_cocktails_d8a763b09d_aad35c8d8d\",\"ext\":\".jpg\",\"mime\":\"image/jpeg\",\"width\":104,\"height\":156,\"size\":4.24,\"path\":null,\"url\":\"/uploads/thumbnail_specialty_cocktails_d8a763b09d_aad35c8d8d.jpg\"},\"small\":{\"name\":\"small_https://4d40-2a01-cb00-c8b-1800-7cbb-7da-ea9d-2011.ngrok.io/uploads/specialty_cocktails_d8a763b09d.jpg\",\"hash\":\"small_specialty_cocktails_d8a763b09d_aad35c8d8d\",\"ext\":\".jpg\",\"mime\":\"image/jpeg\",\"width\":334,\"height\":500,\"size\":28.42,\"path\":null,\"url\":\"/uploads/small_specialty_cocktails_d8a763b09d_aad35c8d8d.jpg\"}}','specialty_cocktails_d8a763b09d_aad35c8d8d','.jpg','image/jpeg',32.96,'/uploads/specialty_cocktails_d8a763b09d_aad35c8d8d.jpg','','local','unknown_value_please_contact_support','2021-11-23','2021-11-23','','','',0),(68,'Ferdinand 3','Ferdinand','Ferdinand',481,720,'{\"thumbnail\":{\"name\":\"thumbnail_https://4d40-2a01-cb00-c8b-1800-7cbb-7da-ea9d-2011.ngrok.io/uploads/some_of_the_wide_craft_3a78bd6073.jpg\",\"hash\":\"thumbnail_some_of_the_wide_craft_3a78bd6073_e09149fd4c\",\"ext\":\".jpg\",\"mime\":\"image/jpeg\",\"width\":104,\"height\":156,\"size\":5.52,\"path\":null,\"url\":\"/uploads/thumbnail_some_of_the_wide_craft_3a78bd6073_e09149fd4c.jpg\"},\"small\":{\"name\":\"small_https://4d40-2a01-cb00-c8b-1800-7cbb-7da-ea9d-2011.ngrok.io/uploads/some_of_the_wide_craft_3a78bd6073.jpg\",\"hash\":\"small_some_of_the_wide_craft_3a78bd6073_e09149fd4c\",\"ext\":\".jpg\",\"mime\":\"image/jpeg\",\"width\":334,\"height\":500,\"size\":36.54,\"path\":null,\"url\":\"/uploads/small_some_of_the_wide_craft_3a78bd6073_e09149fd4c.jpg\"}}','some_of_the_wide_craft_3a78bd6073_e09149fd4c','.jpg','image/jpeg',43.79,'/uploads/some_of_the_wide_craft_3a78bd6073_e09149fd4c.jpg','','local','unknown_value_please_contact_support','2021-11-23','2021-11-23','','','',0),(69,'Ferdinand 2','Ferdinand','Ferdinand',1280,853,'{\"thumbnail\":{\"name\":\"thumbnail_https://4d40-2a01-cb00-c8b-1800-7cbb-7da-ea9d-2011.ngrok.io/uploads/roasted_cauliflower_e65b534c8a.jpg\",\"hash\":\"thumbnail_roasted_cauliflower_e65b534c8a_68b180935c\",\"ext\":\".jpg\",\"mime\":\"image/jpeg\",\"width\":234,\"height\":156,\"size\":10.12,\"path\":null,\"url\":\"/uploads/thumbnail_roasted_cauliflower_e65b534c8a_68b180935c.jpg\"},\"large\":{\"name\":\"large_https://4d40-2a01-cb00-c8b-1800-7cbb-7da-ea9d-2011.ngrok.io/uploads/roasted_cauliflower_e65b534c8a.jpg\",\"hash\":\"large_roasted_cauliflower_e65b534c8a_68b180935c\",\"ext\":\".jpg\",\"mime\":\"image/jpeg\",\"width\":1000,\"height\":666,\"size\":123.61,\"path\":null,\"url\":\"/uploads/large_roasted_cauliflower_e65b534c8a_68b180935c.jpg\"},\"medium\":{\"name\":\"medium_https://4d40-2a01-cb00-c8b-1800-7cbb-7da-ea9d-2011.ngrok.io/uploads/roasted_cauliflower_e65b534c8a.jpg\",\"hash\":\"medium_roasted_cauliflower_e65b534c8a_68b180935c\",\"ext\":\".jpg\",\"mime\":\"image/jpeg\",\"width\":750,\"height\":500,\"size\":74.14,\"path\":null,\"url\":\"/uploads/medium_roasted_cauliflower_e65b534c8a_68b180935c.jpg\"},\"small\":{\"name\":\"small_https://4d40-2a01-cb00-c8b-1800-7cbb-7da-ea9d-2011.ngrok.io/uploads/roasted_cauliflower_e65b534c8a.jpg\",\"hash\":\"small_roasted_cauliflower_e65b534c8a_68b180935c\",\"ext\":\".jpg\",\"mime\":\"image/jpeg\",\"width\":500,\"height\":333,\"size\":35.85,\"path\":null,\"url\":\"/uploads/small_roasted_cauliflower_e65b534c8a_68b180935c.jpg\"}}','roasted_cauliflower_e65b534c8a_68b180935c','.jpg','image/jpeg',126.82,'/uploads/roasted_cauliflower_e65b534c8a_68b180935c.jpg','','local','unknown_value_please_contact_support','2021-11-23','2021-11-23','','','',0),(70,'Ferdinand','Ferdinand','Ferdinand',1280,853,'{\"thumbnail\":{\"name\":\"thumbnail_https://4d40-2a01-cb00-c8b-1800-7cbb-7da-ea9d-2011.ngrok.io/uploads/the_food_8062365989.jpg\",\"hash\":\"thumbnail_the_food_8062365989_a85abae523\",\"ext\":\".jpg\",\"mime\":\"image/jpeg\",\"width\":234,\"height\":156,\"size\":14.31,\"path\":null,\"url\":\"/uploads/thumbnail_the_food_8062365989_a85abae523.jpg\"},\"large\":{\"name\":\"large_https://4d40-2a01-cb00-c8b-1800-7cbb-7da-ea9d-2011.ngrok.io/uploads/the_food_8062365989.jpg\",\"hash\":\"large_the_food_8062365989_a85abae523\",\"ext\":\".jpg\",\"mime\":\"image/jpeg\",\"width\":1000,\"height\":666,\"size\":186.53,\"path\":null,\"url\":\"/uploads/large_the_food_8062365989_a85abae523.jpg\"},\"medium\":{\"name\":\"medium_https://4d40-2a01-cb00-c8b-1800-7cbb-7da-ea9d-2011.ngrok.io/uploads/the_food_8062365989.jpg\",\"hash\":\"medium_the_food_8062365989_a85abae523\",\"ext\":\".jpg\",\"mime\":\"image/jpeg\",\"width\":750,\"height\":500,\"size\":112.45,\"path\":null,\"url\":\"/uploads/medium_the_food_8062365989_a85abae523.jpg\"},\"small\":{\"name\":\"small_https://4d40-2a01-cb00-c8b-1800-7cbb-7da-ea9d-2011.ngrok.io/uploads/the_food_8062365989.jpg\",\"hash\":\"small_the_food_8062365989_a85abae523\",\"ext\":\".jpg\",\"mime\":\"image/jpeg\",\"width\":500,\"height\":333,\"size\":54.02,\"path\":null,\"url\":\"/uploads/small_the_food_8062365989_a85abae523.jpg\"}}','the_food_8062365989_a85abae523','.jpg','image/jpeg',198.47,'/uploads/the_food_8062365989_a85abae523.jpg','','local','unknown_value_please_contact_support','2021-11-23','2021-11-23','','','',0),(71,'Ferdinand 5','Ferdinand','Ferdinand',1200,800,'{\"thumbnail\":{\"name\":\"thumbnail_https://4d40-2a01-cb00-c8b-1800-7cbb-7da-ea9d-2011.ngrok.io/uploads/ferdinand_s_burger_5490d112c8.jpg\",\"hash\":\"thumbnail_ferdinand_s_burger_5490d112c8_749bda52de\",\"ext\":\".jpg\",\"mime\":\"image/jpeg\",\"width\":234,\"height\":156,\"size\":10.73,\"path\":null,\"url\":\"/uploads/thumbnail_ferdinand_s_burger_5490d112c8_749bda52de.jpg\"},\"large\":{\"name\":\"large_https://4d40-2a01-cb00-c8b-1800-7cbb-7da-ea9d-2011.ngrok.io/uploads/ferdinand_s_burger_5490d112c8.jpg\",\"hash\":\"large_ferdinand_s_burger_5490d112c8_749bda52de\",\"ext\":\".jpg\",\"mime\":\"image/jpeg\",\"width\":1000,\"height\":667,\"size\":134.73,\"path\":null,\"url\":\"/uploads/large_ferdinand_s_burger_5490d112c8_749bda52de.jpg\"},\"medium\":{\"name\":\"medium_https://4d40-2a01-cb00-c8b-1800-7cbb-7da-ea9d-2011.ngrok.io/uploads/ferdinand_s_burger_5490d112c8.jpg\",\"hash\":\"medium_ferdinand_s_burger_5490d112c8_749bda52de\",\"ext\":\".jpg\",\"mime\":\"image/jpeg\",\"width\":750,\"height\":500,\"size\":80.32,\"path\":null,\"url\":\"/uploads/medium_ferdinand_s_burger_5490d112c8_749bda52de.jpg\"},\"small\":{\"name\":\"small_https://4d40-2a01-cb00-c8b-1800-7cbb-7da-ea9d-2011.ngrok.io/uploads/ferdinand_s_burger_5490d112c8.jpg\",\"hash\":\"small_ferdinand_s_burger_5490d112c8_749bda52de\",\"ext\":\".jpg\",\"mime\":\"image/jpeg\",\"width\":500,\"height\":333,\"size\":38.46,\"path\":null,\"url\":\"/uploads/small_ferdinand_s_burger_5490d112c8_749bda52de.jpg\"}}','ferdinand_s_burger_5490d112c8_749bda52de','.jpg','image/jpeg',124.99,'/uploads/ferdinand_s_burger_5490d112c8_749bda52de.jpg','','local','unknown_value_please_contact_support','2021-11-23','2021-11-23','','','',0),(72,'La Bruja','La Bruja','La Bruja',1280,853,'{\"thumbnail\":{\"name\":\"thumbnail_https://4d40-2a01-cb00-c8b-1800-7cbb-7da-ea9d-2011.ngrok.io/uploads/gyro_mediterraneo_ad066249f6.jpg\",\"hash\":\"thumbnail_gyro_mediterraneo_ad066249f6_52245f1ffd\",\"ext\":\".jpg\",\"mime\":\"image/jpeg\",\"width\":234,\"height\":156,\"size\":10.97,\"path\":null,\"url\":\"/uploads/thumbnail_gyro_mediterraneo_ad066249f6_52245f1ffd.jpg\"},\"large\":{\"name\":\"large_https://4d40-2a01-cb00-c8b-1800-7cbb-7da-ea9d-2011.ngrok.io/uploads/gyro_mediterraneo_ad066249f6.jpg\",\"hash\":\"large_gyro_mediterraneo_ad066249f6_52245f1ffd\",\"ext\":\".jpg\",\"mime\":\"image/jpeg\",\"width\":1000,\"height\":666,\"size\":120.43,\"path\":null,\"url\":\"/uploads/large_gyro_mediterraneo_ad066249f6_52245f1ffd.jpg\"},\"medium\":{\"name\":\"medium_https://4d40-2a01-cb00-c8b-1800-7cbb-7da-ea9d-2011.ngrok.io/uploads/gyro_mediterraneo_ad066249f6.jpg\",\"hash\":\"medium_gyro_mediterraneo_ad066249f6_52245f1ffd\",\"ext\":\".jpg\",\"mime\":\"image/jpeg\",\"width\":750,\"height\":500,\"size\":72.13,\"path\":null,\"url\":\"/uploads/medium_gyro_mediterraneo_ad066249f6_52245f1ffd.jpg\"},\"small\":{\"name\":\"small_https://4d40-2a01-cb00-c8b-1800-7cbb-7da-ea9d-2011.ngrok.io/uploads/gyro_mediterraneo_ad066249f6.jpg\",\"hash\":\"small_gyro_mediterraneo_ad066249f6_52245f1ffd\",\"ext\":\".jpg\",\"mime\":\"image/jpeg\",\"width\":500,\"height\":333,\"size\":36.29,\"path\":null,\"url\":\"/uploads/small_gyro_mediterraneo_ad066249f6_52245f1ffd.jpg\"}}','gyro_mediterraneo_ad066249f6_52245f1ffd','.jpg','image/jpeg',124.35,'/uploads/gyro_mediterraneo_ad066249f6_52245f1ffd.jpg','','local','unknown_value_please_contact_support','2021-11-23','2021-11-23','','','',0),(73,'La Bruja 5','La Bruja','La Bruja',550,978,'{\"thumbnail\":{\"name\":\"thumbnail_https://4d40-2a01-cb00-c8b-1800-7cbb-7da-ea9d-2011.ngrok.io/uploads/vegan_base_tower_a3dcd5a151.jpg\",\"hash\":\"thumbnail_vegan_base_tower_a3dcd5a151_510182847a\",\"ext\":\".jpg\",\"mime\":\"image/jpeg\",\"width\":88,\"height\":156,\"size\":5.15,\"path\":null,\"url\":\"/uploads/thumbnail_vegan_base_tower_a3dcd5a151_510182847a.jpg\"},\"medium\":{\"name\":\"medium_https://4d40-2a01-cb00-c8b-1800-7cbb-7da-ea9d-2011.ngrok.io/uploads/vegan_base_tower_a3dcd5a151.jpg\",\"hash\":\"medium_vegan_base_tower_a3dcd5a151_510182847a\",\"ext\":\".jpg\",\"mime\":\"image/jpeg\",\"width\":422,\"height\":750,\"size\":85.44,\"path\":null,\"url\":\"/uploads/medium_vegan_base_tower_a3dcd5a151_510182847a.jpg\"},\"small\":{\"name\":\"small_https://4d40-2a01-cb00-c8b-1800-7cbb-7da-ea9d-2011.ngrok.io/uploads/vegan_base_tower_a3dcd5a151.jpg\",\"hash\":\"small_vegan_base_tower_a3dcd5a151_510182847a\",\"ext\":\".jpg\",\"mime\":\"image/jpeg\",\"width\":281,\"height\":500,\"size\":39.24,\"path\":null,\"url\":\"/uploads/small_vegan_base_tower_a3dcd5a151_510182847a.jpg\"}}','vegan_base_tower_a3dcd5a151_510182847a','.jpg','image/jpeg',98.06,'/uploads/vegan_base_tower_a3dcd5a151_510182847a.jpg','','local','unknown_value_please_contact_support','2021-11-23','2021-11-23','','','',0),(74,'La Bruja 2','La Bruja','La Bruja',1280,853,'{\"thumbnail\":{\"name\":\"thumbnail_https://4d40-2a01-cb00-c8b-1800-7cbb-7da-ea9d-2011.ngrok.io/uploads/smoked_tempeh_c849cf9701.jpg\",\"hash\":\"thumbnail_smoked_tempeh_c849cf9701_8471aa8028\",\"ext\":\".jpg\",\"mime\":\"image/jpeg\",\"width\":234,\"height\":156,\"size\":11.62,\"path\":null,\"url\":\"/uploads/thumbnail_smoked_tempeh_c849cf9701_8471aa8028.jpg\"},\"large\":{\"name\":\"large_https://4d40-2a01-cb00-c8b-1800-7cbb-7da-ea9d-2011.ngrok.io/uploads/smoked_tempeh_c849cf9701.jpg\",\"hash\":\"large_smoked_tempeh_c849cf9701_8471aa8028\",\"ext\":\".jpg\",\"mime\":\"image/jpeg\",\"width\":1000,\"height\":666,\"size\":130.14,\"path\":null,\"url\":\"/uploads/large_smoked_tempeh_c849cf9701_8471aa8028.jpg\"},\"medium\":{\"name\":\"medium_https://4d40-2a01-cb00-c8b-1800-7cbb-7da-ea9d-2011.ngrok.io/uploads/smoked_tempeh_c849cf9701.jpg\",\"hash\":\"medium_smoked_tempeh_c849cf9701_8471aa8028\",\"ext\":\".jpg\",\"mime\":\"image/jpeg\",\"width\":750,\"height\":500,\"size\":78.05,\"path\":null,\"url\":\"/uploads/medium_smoked_tempeh_c849cf9701_8471aa8028.jpg\"},\"small\":{\"name\":\"small_https://4d40-2a01-cb00-c8b-1800-7cbb-7da-ea9d-2011.ngrok.io/uploads/smoked_tempeh_c849cf9701.jpg\",\"hash\":\"small_smoked_tempeh_c849cf9701_8471aa8028\",\"ext\":\".jpg\",\"mime\":\"image/jpeg\",\"width\":500,\"height\":333,\"size\":38.84,\"path\":null,\"url\":\"/uploads/small_smoked_tempeh_c849cf9701_8471aa8028.jpg\"}}','smoked_tempeh_c849cf9701_8471aa8028','.jpg','image/jpeg',135.35,'/uploads/smoked_tempeh_c849cf9701_8471aa8028.jpg','','local','unknown_value_please_contact_support','2021-11-23','2021-11-23','','','',0),(75,'La Bruja 3','La Bruja','La Bruja',1024,1024,'{\"thumbnail\":{\"name\":\"thumbnail_https://4d40-2a01-cb00-c8b-1800-7cbb-7da-ea9d-2011.ngrok.io/uploads/mahatma_bowl_81addb34e6.jpg\",\"hash\":\"thumbnail_mahatma_bowl_81addb34e6_558d6b82db\",\"ext\":\".jpg\",\"mime\":\"image/jpeg\",\"width\":156,\"height\":156,\"size\":9.54,\"path\":null,\"url\":\"/uploads/thumbnail_mahatma_bowl_81addb34e6_558d6b82db.jpg\"},\"large\":{\"name\":\"large_https://4d40-2a01-cb00-c8b-1800-7cbb-7da-ea9d-2011.ngrok.io/uploads/mahatma_bowl_81addb34e6.jpg\",\"hash\":\"large_mahatma_bowl_81addb34e6_558d6b82db\",\"ext\":\".jpg\",\"mime\":\"image/jpeg\",\"width\":1000,\"height\":1000,\"size\":232.82,\"path\":null,\"url\":\"/uploads/large_mahatma_bowl_81addb34e6_558d6b82db.jpg\"},\"medium\":{\"name\":\"medium_https://4d40-2a01-cb00-c8b-1800-7cbb-7da-ea9d-2011.ngrok.io/uploads/mahatma_bowl_81addb34e6.jpg\",\"hash\":\"medium_mahatma_bowl_81addb34e6_558d6b82db\",\"ext\":\".jpg\",\"mime\":\"image/jpeg\",\"width\":750,\"height\":750,\"size\":134.37,\"path\":null,\"url\":\"/uploads/medium_mahatma_bowl_81addb34e6_558d6b82db.jpg\"},\"small\":{\"name\":\"small_https://4d40-2a01-cb00-c8b-1800-7cbb-7da-ea9d-2011.ngrok.io/uploads/mahatma_bowl_81addb34e6.jpg\",\"hash\":\"small_mahatma_bowl_81addb34e6_558d6b82db\",\"ext\":\".jpg\",\"mime\":\"image/jpeg\",\"width\":500,\"height\":500,\"size\":61.83,\"path\":null,\"url\":\"/uploads/small_mahatma_bowl_81addb34e6_558d6b82db.jpg\"}}','mahatma_bowl_81addb34e6_558d6b82db','.jpg','image/jpeg',165.91,'/uploads/mahatma_bowl_81addb34e6_558d6b82db.jpg','','local','unknown_value_please_contact_support','2021-11-23','2021-11-23','','','',0),(76,'La Bruja 4','La Bruja','La Bruja',960,1280,'{\"thumbnail\":{\"name\":\"thumbnail_https://4d40-2a01-cb00-c8b-1800-7cbb-7da-ea9d-2011.ngrok.io/uploads/hummus_rainbow_5c7a29128e.jpg\",\"hash\":\"thumbnail_hummus_rainbow_5c7a29128e_711334eb78\",\"ext\":\".jpg\",\"mime\":\"image/jpeg\",\"width\":117,\"height\":156,\"size\":8.04,\"path\":null,\"url\":\"/uploads/thumbnail_hummus_rainbow_5c7a29128e_711334eb78.jpg\"},\"large\":{\"name\":\"large_https://4d40-2a01-cb00-c8b-1800-7cbb-7da-ea9d-2011.ngrok.io/uploads/hummus_rainbow_5c7a29128e.jpg\",\"hash\":\"large_hummus_rainbow_5c7a29128e_711334eb78\",\"ext\":\".jpg\",\"mime\":\"image/jpeg\",\"width\":750,\"height\":1000,\"size\":201.39,\"path\":null,\"url\":\"/uploads/large_hummus_rainbow_5c7a29128e_711334eb78.jpg\"},\"medium\":{\"name\":\"medium_https://4d40-2a01-cb00-c8b-1800-7cbb-7da-ea9d-2011.ngrok.io/uploads/hummus_rainbow_5c7a29128e.jpg\",\"hash\":\"medium_hummus_rainbow_5c7a29128e_711334eb78\",\"ext\":\".jpg\",\"mime\":\"image/jpeg\",\"width\":563,\"height\":750,\"size\":121.58,\"path\":null,\"url\":\"/uploads/medium_hummus_rainbow_5c7a29128e_711334eb78.jpg\"},\"small\":{\"name\":\"small_https://4d40-2a01-cb00-c8b-1800-7cbb-7da-ea9d-2011.ngrok.io/uploads/hummus_rainbow_5c7a29128e.jpg\",\"hash\":\"small_hummus_rainbow_5c7a29128e_711334eb78\",\"ext\":\".jpg\",\"mime\":\"image/jpeg\",\"width\":375,\"height\":500,\"size\":59.87,\"path\":null,\"url\":\"/uploads/small_hummus_rainbow_5c7a29128e_711334eb78.jpg\"}}','hummus_rainbow_5c7a29128e_711334eb78','.jpg','image/jpeg',216.68,'/uploads/hummus_rainbow_5c7a29128e_711334eb78.jpg','','local','unknown_value_please_contact_support','2021-11-23','2021-11-23','','','',0),(77,'Latitude 15 Degrees Restaurant','Latitude 15 Degrees Restaurant','Latitude 15 Degrees Restaurant',1280,855,'{\"thumbnail\":{\"name\":\"thumbnail_https://4d40-2a01-cb00-c8b-1800-7cbb-7da-ea9d-2011.ngrok.io/uploads/main_restaurant_94b6e88480.jpg\",\"hash\":\"thumbnail_main_restaurant_94b6e88480_7d5cf99f5e\",\"ext\":\".jpg\",\"mime\":\"image/jpeg\",\"width\":234,\"height\":156,\"size\":10.98,\"path\":null,\"url\":\"/uploads/thumbnail_main_restaurant_94b6e88480_7d5cf99f5e.jpg\"},\"large\":{\"name\":\"large_https://4d40-2a01-cb00-c8b-1800-7cbb-7da-ea9d-2011.ngrok.io/uploads/main_restaurant_94b6e88480.jpg\",\"hash\":\"large_main_restaurant_94b6e88480_7d5cf99f5e\",\"ext\":\".jpg\",\"mime\":\"image/jpeg\",\"width\":1000,\"height\":668,\"size\":137.13,\"path\":null,\"url\":\"/uploads/large_main_restaurant_94b6e88480_7d5cf99f5e.jpg\"},\"medium\":{\"name\":\"medium_https://4d40-2a01-cb00-c8b-1800-7cbb-7da-ea9d-2011.ngrok.io/uploads/main_restaurant_94b6e88480.jpg\",\"hash\":\"medium_main_restaurant_94b6e88480_7d5cf99f5e\",\"ext\":\".jpg\",\"mime\":\"image/jpeg\",\"width\":750,\"height\":501,\"size\":81.48,\"path\":null,\"url\":\"/uploads/medium_main_restaurant_94b6e88480_7d5cf99f5e.jpg\"},\"small\":{\"name\":\"small_https://4d40-2a01-cb00-c8b-1800-7cbb-7da-ea9d-2011.ngrok.io/uploads/main_restaurant_94b6e88480.jpg\",\"hash\":\"small_main_restaurant_94b6e88480_7d5cf99f5e\",\"ext\":\".jpg\",\"mime\":\"image/jpeg\",\"width\":500,\"height\":334,\"size\":39.26,\"path\":null,\"url\":\"/uploads/small_main_restaurant_94b6e88480_7d5cf99f5e.jpg\"}}','main_restaurant_94b6e88480_7d5cf99f5e','.jpg','image/jpeg',145.06,'/uploads/main_restaurant_94b6e88480_7d5cf99f5e.jpg','','local','unknown_value_please_contact_support','2021-11-23','2021-11-23','','','',0),(78,'Latitude 15 Degrees Restaurant 3','Latitude 15 Degrees Restaurant','Latitude 15 Degrees Restaurant',768,960,'{\"thumbnail\":{\"name\":\"thumbnail_https://4d40-2a01-cb00-c8b-1800-7cbb-7da-ea9d-2011.ngrok.io/uploads/mozzarella_and_parma_ee1f5af074.jpg\",\"hash\":\"thumbnail_mozzarella_and_parma_ee1f5af074_8668f02dad\",\"ext\":\".jpg\",\"mime\":\"image/jpeg\",\"width\":125,\"height\":156,\"size\":6.85,\"path\":null,\"url\":\"/uploads/thumbnail_mozzarella_and_parma_ee1f5af074_8668f02dad.jpg\"},\"medium\":{\"name\":\"medium_https://4d40-2a01-cb00-c8b-1800-7cbb-7da-ea9d-2011.ngrok.io/uploads/mozzarella_and_parma_ee1f5af074.jpg\",\"hash\":\"medium_mozzarella_and_parma_ee1f5af074_8668f02dad\",\"ext\":\".jpg\",\"mime\":\"image/jpeg\",\"width\":600,\"height\":750,\"size\":76.19,\"path\":null,\"url\":\"/uploads/medium_mozzarella_and_parma_ee1f5af074_8668f02dad.jpg\"},\"small\":{\"name\":\"small_https://4d40-2a01-cb00-c8b-1800-7cbb-7da-ea9d-2011.ngrok.io/uploads/mozzarella_and_parma_ee1f5af074.jpg\",\"hash\":\"small_mozzarella_and_parma_ee1f5af074_8668f02dad\",\"ext\":\".jpg\",\"mime\":\"image/jpeg\",\"width\":400,\"height\":500,\"size\":40.1,\"path\":null,\"url\":\"/uploads/small_mozzarella_and_parma_ee1f5af074_8668f02dad.jpg\"}}','mozzarella_and_parma_ee1f5af074_8668f02dad','.jpg','image/jpeg',74.73,'/uploads/mozzarella_and_parma_ee1f5af074_8668f02dad.jpg','','local','unknown_value_please_contact_support','2021-11-23','2021-11-23','','','',0),(79,'Latitude 15 Degrees Restaurant 2','Latitude 15 Degrees Restaurant','Latitude 15 Degrees Restaurant',1280,855,'{\"thumbnail\":{\"name\":\"thumbnail_https://4d40-2a01-cb00-c8b-1800-7cbb-7da-ea9d-2011.ngrok.io/uploads/bar_491360e684.jpg\",\"hash\":\"thumbnail_bar_491360e684_ad44a82080\",\"ext\":\".jpg\",\"mime\":\"image/jpeg\",\"width\":234,\"height\":156,\"size\":12.01,\"path\":null,\"url\":\"/uploads/thumbnail_bar_491360e684_ad44a82080.jpg\"},\"large\":{\"name\":\"large_https://4d40-2a01-cb00-c8b-1800-7cbb-7da-ea9d-2011.ngrok.io/uploads/bar_491360e684.jpg\",\"hash\":\"large_bar_491360e684_ad44a82080\",\"ext\":\".jpg\",\"mime\":\"image/jpeg\",\"width\":1000,\"height\":668,\"size\":155.09,\"path\":null,\"url\":\"/uploads/large_bar_491360e684_ad44a82080.jpg\"},\"medium\":{\"name\":\"medium_https://4d40-2a01-cb00-c8b-1800-7cbb-7da-ea9d-2011.ngrok.io/uploads/bar_491360e684.jpg\",\"hash\":\"medium_bar_491360e684_ad44a82080\",\"ext\":\".jpg\",\"mime\":\"image/jpeg\",\"width\":750,\"height\":501,\"size\":92.06,\"path\":null,\"url\":\"/uploads/medium_bar_491360e684_ad44a82080.jpg\"},\"small\":{\"name\":\"small_https://4d40-2a01-cb00-c8b-1800-7cbb-7da-ea9d-2011.ngrok.io/uploads/bar_491360e684.jpg\",\"hash\":\"small_bar_491360e684_ad44a82080\",\"ext\":\".jpg\",\"mime\":\"image/jpeg\",\"width\":500,\"height\":334,\"size\":43.83,\"path\":null,\"url\":\"/uploads/small_bar_491360e684_ad44a82080.jpg\"}}','bar_491360e684_ad44a82080','.jpg','image/jpeg',166.46,'/uploads/bar_491360e684_ad44a82080.jpg','','local','unknown_value_please_contact_support','2021-11-23','2021-11-23','','','',0),(80,'Latitude 15 Degrees Restaurant 5','Latitude 15 Degrees Restaurant','Latitude 15 Degrees Restaurant',1280,853,'{\"thumbnail\":{\"name\":\"thumbnail_https://4d40-2a01-cb00-c8b-1800-7cbb-7da-ea9d-2011.ngrok.io/uploads/photo7jpg_6f77ce533f.jpg\",\"hash\":\"thumbnail_photo7jpg_6f77ce533f_412cf39712\",\"ext\":\".jpg\",\"mime\":\"image/jpeg\",\"width\":234,\"height\":156,\"size\":9.71,\"path\":null,\"url\":\"/uploads/thumbnail_photo7jpg_6f77ce533f_412cf39712.jpg\"},\"large\":{\"name\":\"large_https://4d40-2a01-cb00-c8b-1800-7cbb-7da-ea9d-2011.ngrok.io/uploads/photo7jpg_6f77ce533f.jpg\",\"hash\":\"large_photo7jpg_6f77ce533f_412cf39712\",\"ext\":\".jpg\",\"mime\":\"image/jpeg\",\"width\":1000,\"height\":666,\"size\":129.36,\"path\":null,\"url\":\"/uploads/large_photo7jpg_6f77ce533f_412cf39712.jpg\"},\"medium\":{\"name\":\"medium_https://4d40-2a01-cb00-c8b-1800-7cbb-7da-ea9d-2011.ngrok.io/uploads/photo7jpg_6f77ce533f.jpg\",\"hash\":\"medium_photo7jpg_6f77ce533f_412cf39712\",\"ext\":\".jpg\",\"mime\":\"image/jpeg\",\"width\":750,\"height\":500,\"size\":75.66,\"path\":null,\"url\":\"/uploads/medium_photo7jpg_6f77ce533f_412cf39712.jpg\"},\"small\":{\"name\":\"small_https://4d40-2a01-cb00-c8b-1800-7cbb-7da-ea9d-2011.ngrok.io/uploads/photo7jpg_6f77ce533f.jpg\",\"hash\":\"small_photo7jpg_6f77ce533f_412cf39712\",\"ext\":\".jpg\",\"mime\":\"image/jpeg\",\"width\":500,\"height\":333,\"size\":35.78,\"path\":null,\"url\":\"/uploads/small_photo7jpg_6f77ce533f_412cf39712.jpg\"}}','photo7jpg_6f77ce533f_412cf39712','.jpg','image/jpeg',138.36,'/uploads/photo7jpg_6f77ce533f_412cf39712.jpg','','local','unknown_value_please_contact_support','2021-11-23','2021-11-23','','','',0),(81,'Latitude 15 Degrees Restaurant 4','Latitude 15 Degrees Restaurant','Latitude 15 Degrees Restaurant',2000,1331,'{\"thumbnail\":{\"name\":\"thumbnail_https://4d40-2a01-cb00-c8b-1800-7cbb-7da-ea9d-2011.ngrok.io/uploads/main_restaurant_598b499516.jpg\",\"hash\":\"thumbnail_main_restaurant_598b499516_02cd45581d\",\"ext\":\".jpg\",\"mime\":\"image/jpeg\",\"width\":234,\"height\":156,\"size\":8.24,\"path\":null,\"url\":\"/uploads/thumbnail_main_restaurant_598b499516_02cd45581d.jpg\"},\"large\":{\"name\":\"large_https://4d40-2a01-cb00-c8b-1800-7cbb-7da-ea9d-2011.ngrok.io/uploads/main_restaurant_598b499516.jpg\",\"hash\":\"large_main_restaurant_598b499516_02cd45581d\",\"ext\":\".jpg\",\"mime\":\"image/jpeg\",\"width\":1000,\"height\":666,\"size\":76.32,\"path\":null,\"url\":\"/uploads/large_main_restaurant_598b499516_02cd45581d.jpg\"},\"medium\":{\"name\":\"medium_https://4d40-2a01-cb00-c8b-1800-7cbb-7da-ea9d-2011.ngrok.io/uploads/main_restaurant_598b499516.jpg\",\"hash\":\"medium_main_restaurant_598b499516_02cd45581d\",\"ext\":\".jpg\",\"mime\":\"image/jpeg\",\"width\":750,\"height\":499,\"size\":47.16,\"path\":null,\"url\":\"/uploads/medium_main_restaurant_598b499516_02cd45581d.jpg\"},\"small\":{\"name\":\"small_https://4d40-2a01-cb00-c8b-1800-7cbb-7da-ea9d-2011.ngrok.io/uploads/main_restaurant_598b499516.jpg\",\"hash\":\"small_main_restaurant_598b499516_02cd45581d\",\"ext\":\".jpg\",\"mime\":\"image/jpeg\",\"width\":500,\"height\":333,\"size\":25.58,\"path\":null,\"url\":\"/uploads/small_main_restaurant_598b499516_02cd45581d.jpg\"}}','main_restaurant_598b499516_02cd45581d','.jpg','image/jpeg',155.89,'/uploads/main_restaurant_598b499516_02cd45581d.jpg','','local','unknown_value_please_contact_support','2021-11-23','2021-11-23','','','',0),(82,'Leffe Cafe 3','Leffe Cafe','Leffe Cafe',1200,823,'{\"thumbnail\":{\"name\":\"thumbnail_https://4d40-2a01-cb00-c8b-1800-7cbb-7da-ea9d-2011.ngrok.io/uploads/caption_d2b15d9dff.jpg\",\"hash\":\"thumbnail_caption_d2b15d9dff_2679f8450e\",\"ext\":\".jpg\",\"mime\":\"image/jpeg\",\"width\":227,\"height\":156,\"size\":8.09,\"path\":null,\"url\":\"/uploads/thumbnail_caption_d2b15d9dff_2679f8450e.jpg\"},\"large\":{\"name\":\"large_https://4d40-2a01-cb00-c8b-1800-7cbb-7da-ea9d-2011.ngrok.io/uploads/caption_d2b15d9dff.jpg\",\"hash\":\"large_caption_d2b15d9dff_2679f8450e\",\"ext\":\".jpg\",\"mime\":\"image/jpeg\",\"width\":1000,\"height\":686,\"size\":85.89,\"path\":null,\"url\":\"/uploads/large_caption_d2b15d9dff_2679f8450e.jpg\"},\"medium\":{\"name\":\"medium_https://4d40-2a01-cb00-c8b-1800-7cbb-7da-ea9d-2011.ngrok.io/uploads/caption_d2b15d9dff.jpg\",\"hash\":\"medium_caption_d2b15d9dff_2679f8450e\",\"ext\":\".jpg\",\"mime\":\"image/jpeg\",\"width\":750,\"height\":514,\"size\":52.92,\"path\":null,\"url\":\"/uploads/medium_caption_d2b15d9dff_2679f8450e.jpg\"},\"small\":{\"name\":\"small_https://4d40-2a01-cb00-c8b-1800-7cbb-7da-ea9d-2011.ngrok.io/uploads/caption_d2b15d9dff.jpg\",\"hash\":\"small_caption_d2b15d9dff_2679f8450e\",\"ext\":\".jpg\",\"mime\":\"image/jpeg\",\"width\":500,\"height\":343,\"size\":27.27,\"path\":null,\"url\":\"/uploads/small_caption_d2b15d9dff_2679f8450e.jpg\"}}','caption_d2b15d9dff_2679f8450e','.jpg','image/jpeg',75.85,'/uploads/caption_d2b15d9dff_2679f8450e.jpg','','local','unknown_value_please_contact_support','2021-11-23','2021-11-23','','','',0),(83,'Leffe Cafe 2','Leffe Cafe','Leffe Cafe',1200,800,'{\"thumbnail\":{\"name\":\"thumbnail_https://4d40-2a01-cb00-c8b-1800-7cbb-7da-ea9d-2011.ngrok.io/uploads/caption_3a7f8d4649.jpg\",\"hash\":\"thumbnail_caption_3a7f8d4649_abe99c77b2\",\"ext\":\".jpg\",\"mime\":\"image/jpeg\",\"width\":234,\"height\":156,\"size\":10.73,\"path\":null,\"url\":\"/uploads/thumbnail_caption_3a7f8d4649_abe99c77b2.jpg\"},\"large\":{\"name\":\"large_https://4d40-2a01-cb00-c8b-1800-7cbb-7da-ea9d-2011.ngrok.io/uploads/caption_3a7f8d4649.jpg\",\"hash\":\"large_caption_3a7f8d4649_abe99c77b2\",\"ext\":\".jpg\",\"mime\":\"image/jpeg\",\"width\":1000,\"height\":667,\"size\":134.73,\"path\":null,\"url\":\"/uploads/large_caption_3a7f8d4649_abe99c77b2.jpg\"},\"medium\":{\"name\":\"medium_https://4d40-2a01-cb00-c8b-1800-7cbb-7da-ea9d-2011.ngrok.io/uploads/caption_3a7f8d4649.jpg\",\"hash\":\"medium_caption_3a7f8d4649_abe99c77b2\",\"ext\":\".jpg\",\"mime\":\"image/jpeg\",\"width\":750,\"height\":500,\"size\":80.32,\"path\":null,\"url\":\"/uploads/medium_caption_3a7f8d4649_abe99c77b2.jpg\"},\"small\":{\"name\":\"small_https://4d40-2a01-cb00-c8b-1800-7cbb-7da-ea9d-2011.ngrok.io/uploads/caption_3a7f8d4649.jpg\",\"hash\":\"small_caption_3a7f8d4649_abe99c77b2\",\"ext\":\".jpg\",\"mime\":\"image/jpeg\",\"width\":500,\"height\":333,\"size\":38.46,\"path\":null,\"url\":\"/uploads/small_caption_3a7f8d4649_abe99c77b2.jpg\"}}','caption_3a7f8d4649_abe99c77b2','.jpg','image/jpeg',124.99,'/uploads/caption_3a7f8d4649_abe99c77b2.jpg','','local','unknown_value_please_contact_support','2021-11-23','2021-11-23','','','',0),(84,'Leffe Cafe 4','Leffe Cafe','Leffe Cafe',1200,800,'{\"thumbnail\":{\"name\":\"thumbnail_https://4d40-2a01-cb00-c8b-1800-7cbb-7da-ea9d-2011.ngrok.io/uploads/caption_9d4e88a6d3.jpg\",\"hash\":\"thumbnail_caption_9d4e88a6d3_ecacae4b7c\",\"ext\":\".jpg\",\"mime\":\"image/jpeg\",\"width\":234,\"height\":156,\"size\":10.92,\"path\":null,\"url\":\"/uploads/thumbnail_caption_9d4e88a6d3_ecacae4b7c.jpg\"},\"large\":{\"name\":\"large_https://4d40-2a01-cb00-c8b-1800-7cbb-7da-ea9d-2011.ngrok.io/uploads/caption_9d4e88a6d3.jpg\",\"hash\":\"large_caption_9d4e88a6d3_ecacae4b7c\",\"ext\":\".jpg\",\"mime\":\"image/jpeg\",\"width\":1000,\"height\":667,\"size\":134.76,\"path\":null,\"url\":\"/uploads/large_caption_9d4e88a6d3_ecacae4b7c.jpg\"},\"medium\":{\"name\":\"medium_https://4d40-2a01-cb00-c8b-1800-7cbb-7da-ea9d-2011.ngrok.io/uploads/caption_9d4e88a6d3.jpg\",\"hash\":\"medium_caption_9d4e88a6d3_ecacae4b7c\",\"ext\":\".jpg\",\"mime\":\"image/jpeg\",\"width\":750,\"height\":500,\"size\":82.03,\"path\":null,\"url\":\"/uploads/medium_caption_9d4e88a6d3_ecacae4b7c.jpg\"},\"small\":{\"name\":\"small_https://4d40-2a01-cb00-c8b-1800-7cbb-7da-ea9d-2011.ngrok.io/uploads/caption_9d4e88a6d3.jpg\",\"hash\":\"small_caption_9d4e88a6d3_ecacae4b7c\",\"ext\":\".jpg\",\"mime\":\"image/jpeg\",\"width\":500,\"height\":333,\"size\":39.36,\"path\":null,\"url\":\"/uploads/small_caption_9d4e88a6d3_ecacae4b7c.jpg\"}}','caption_9d4e88a6d3_ecacae4b7c','.jpg','image/jpeg',125.11,'/uploads/caption_9d4e88a6d3_ecacae4b7c.jpg','','local','unknown_value_please_contact_support','2021-11-23','2021-11-23','','','',0),(85,'Leffe Cafe','Leffe Cafe','Leffe Cafe',1280,853,'{\"thumbnail\":{\"name\":\"thumbnail_https://4d40-2a01-cb00-c8b-1800-7cbb-7da-ea9d-2011.ngrok.io/uploads/caption_8634e0276e.jpg\",\"hash\":\"thumbnail_caption_8634e0276e_9da4299cae\",\"ext\":\".jpg\",\"mime\":\"image/jpeg\",\"width\":234,\"height\":156,\"size\":12.17,\"path\":null,\"url\":\"/uploads/thumbnail_caption_8634e0276e_9da4299cae.jpg\"},\"large\":{\"name\":\"large_https://4d40-2a01-cb00-c8b-1800-7cbb-7da-ea9d-2011.ngrok.io/uploads/caption_8634e0276e.jpg\",\"hash\":\"large_caption_8634e0276e_9da4299cae\",\"ext\":\".jpg\",\"mime\":\"image/jpeg\",\"width\":1000,\"height\":666,\"size\":209.58,\"path\":null,\"url\":\"/uploads/large_caption_8634e0276e_9da4299cae.jpg\"},\"medium\":{\"name\":\"medium_https://4d40-2a01-cb00-c8b-1800-7cbb-7da-ea9d-2011.ngrok.io/uploads/caption_8634e0276e.jpg\",\"hash\":\"medium_caption_8634e0276e_9da4299cae\",\"ext\":\".jpg\",\"mime\":\"image/jpeg\",\"width\":750,\"height\":500,\"size\":111.56,\"path\":null,\"url\":\"/uploads/medium_caption_8634e0276e_9da4299cae.jpg\"},\"small\":{\"name\":\"small_https://4d40-2a01-cb00-c8b-1800-7cbb-7da-ea9d-2011.ngrok.io/uploads/caption_8634e0276e.jpg\",\"hash\":\"small_caption_8634e0276e_9da4299cae\",\"ext\":\".jpg\",\"mime\":\"image/jpeg\",\"width\":500,\"height\":333,\"size\":48.48,\"path\":null,\"url\":\"/uploads/small_caption_8634e0276e_9da4299cae.jpg\"}}','caption_8634e0276e_9da4299cae','.jpg','image/jpeg',237.57,'/uploads/caption_8634e0276e_9da4299cae.jpg','','local','unknown_value_please_contact_support','2021-11-23','2021-11-23','','','',0),(86,'Leffe Cafe 5','Leffe Cafe','Leffe Cafe',1280,853,'{\"thumbnail\":{\"name\":\"thumbnail_https://4d40-2a01-cb00-c8b-1800-7cbb-7da-ea9d-2011.ngrok.io/uploads/caption_9ca25034fb.jpg\",\"hash\":\"thumbnail_caption_9ca25034fb_f115d7e0f3\",\"ext\":\".jpg\",\"mime\":\"image/jpeg\",\"width\":234,\"height\":156,\"size\":11.63,\"path\":null,\"url\":\"/uploads/thumbnail_caption_9ca25034fb_f115d7e0f3.jpg\"},\"large\":{\"name\":\"large_https://4d40-2a01-cb00-c8b-1800-7cbb-7da-ea9d-2011.ngrok.io/uploads/caption_9ca25034fb.jpg\",\"hash\":\"large_caption_9ca25034fb_f115d7e0f3\",\"ext\":\".jpg\",\"mime\":\"image/jpeg\",\"width\":1000,\"height\":666,\"size\":195.46,\"path\":null,\"url\":\"/uploads/large_caption_9ca25034fb_f115d7e0f3.jpg\"},\"medium\":{\"name\":\"medium_https://4d40-2a01-cb00-c8b-1800-7cbb-7da-ea9d-2011.ngrok.io/uploads/caption_9ca25034fb.jpg\",\"hash\":\"medium_caption_9ca25034fb_f115d7e0f3\",\"ext\":\".jpg\",\"mime\":\"image/jpeg\",\"width\":750,\"height\":500,\"size\":103.98,\"path\":null,\"url\":\"/uploads/medium_caption_9ca25034fb_f115d7e0f3.jpg\"},\"small\":{\"name\":\"small_https://4d40-2a01-cb00-c8b-1800-7cbb-7da-ea9d-2011.ngrok.io/uploads/caption_9ca25034fb.jpg\",\"hash\":\"small_caption_9ca25034fb_f115d7e0f3\",\"ext\":\".jpg\",\"mime\":\"image/jpeg\",\"width\":500,\"height\":333,\"size\":45.2,\"path\":null,\"url\":\"/uploads/small_caption_9ca25034fb_f115d7e0f3.jpg\"}}','caption_9ca25034fb_f115d7e0f3','.jpg','image/jpeg',220.84,'/uploads/caption_9ca25034fb_f115d7e0f3.jpg','','local','unknown_value_please_contact_support','2021-11-23','2021-11-23','','','',0),(87,'Los Moros by Porta Hotel Antigua 2','Los Moros by Porta Hotel Antigua','Los Moros by Porta Hotel Antigua',1024,681,'{\"thumbnail\":{\"name\":\"thumbnail_https://4d40-2a01-cb00-c8b-1800-7cbb-7da-ea9d-2011.ngrok.io/uploads/esta_es_una_muestra_de_2c82689d8f.jpg\",\"hash\":\"thumbnail_esta_es_una_muestra_de_2c82689d8f_73c1eafffb\",\"ext\":\".jpg\",\"mime\":\"image/jpeg\",\"width\":235,\"height\":156,\"size\":9.16,\"path\":null,\"url\":\"/uploads/thumbnail_esta_es_una_muestra_de_2c82689d8f_73c1eafffb.jpg\"},\"large\":{\"name\":\"large_https://4d40-2a01-cb00-c8b-1800-7cbb-7da-ea9d-2011.ngrok.io/uploads/esta_es_una_muestra_de_2c82689d8f.jpg\",\"hash\":\"large_esta_es_una_muestra_de_2c82689d8f_73c1eafffb\",\"ext\":\".jpg\",\"mime\":\"image/jpeg\",\"width\":1000,\"height\":665,\"size\":112.15,\"path\":null,\"url\":\"/uploads/large_esta_es_una_muestra_de_2c82689d8f_73c1eafffb.jpg\"},\"medium\":{\"name\":\"medium_https://4d40-2a01-cb00-c8b-1800-7cbb-7da-ea9d-2011.ngrok.io/uploads/esta_es_una_muestra_de_2c82689d8f.jpg\",\"hash\":\"medium_esta_es_una_muestra_de_2c82689d8f_73c1eafffb\",\"ext\":\".jpg\",\"mime\":\"image/jpeg\",\"width\":750,\"height\":499,\"size\":68.13,\"path\":null,\"url\":\"/uploads/medium_esta_es_una_muestra_de_2c82689d8f_73c1eafffb.jpg\"},\"small\":{\"name\":\"small_https://4d40-2a01-cb00-c8b-1800-7cbb-7da-ea9d-2011.ngrok.io/uploads/esta_es_una_muestra_de_2c82689d8f.jpg\",\"hash\":\"small_esta_es_una_muestra_de_2c82689d8f_73c1eafffb\",\"ext\":\".jpg\",\"mime\":\"image/jpeg\",\"width\":500,\"height\":333,\"size\":31.89,\"path\":null,\"url\":\"/uploads/small_esta_es_una_muestra_de_2c82689d8f_73c1eafffb.jpg\"}}','esta_es_una_muestra_de_2c82689d8f_73c1eafffb','.jpg','image/jpeg',77.83,'/uploads/esta_es_una_muestra_de_2c82689d8f_73c1eafffb.jpg','','local','unknown_value_please_contact_support','2021-11-23','2021-11-23','','','',0),(88,'Los Moros by Porta Hotel Antigua 3','Los Moros by Porta Hotel Antigua','Los Moros by Porta Hotel Antigua',683,1024,'{\"thumbnail\":{\"name\":\"thumbnail_https://4d40-2a01-cb00-c8b-1800-7cbb-7da-ea9d-2011.ngrok.io/uploads/para_los_dias_frios_sopa_2610012fa6.jpg\",\"hash\":\"thumbnail_para_los_dias_frios_sopa_2610012fa6_f74b88de41\",\"ext\":\".jpg\",\"mime\":\"image/jpeg\",\"width\":104,\"height\":156,\"size\":4.35,\"path\":null,\"url\":\"/uploads/thumbnail_para_los_dias_frios_sopa_2610012fa6_f74b88de41.jpg\"},\"large\":{\"name\":\"large_https://4d40-2a01-cb00-c8b-1800-7cbb-7da-ea9d-2011.ngrok.io/uploads/para_los_dias_frios_sopa_2610012fa6.jpg\",\"hash\":\"large_para_los_dias_frios_sopa_2610012fa6_f74b88de41\",\"ext\":\".jpg\",\"mime\":\"image/jpeg\",\"width\":667,\"height\":1000,\"size\":79.23,\"path\":null,\"url\":\"/uploads/large_para_los_dias_frios_sopa_2610012fa6_f74b88de41.jpg\"},\"medium\":{\"name\":\"medium_https://4d40-2a01-cb00-c8b-1800-7cbb-7da-ea9d-2011.ngrok.io/uploads/para_los_dias_frios_sopa_2610012fa6.jpg\",\"hash\":\"medium_para_los_dias_frios_sopa_2610012fa6_f74b88de41\",\"ext\":\".jpg\",\"mime\":\"image/jpeg\",\"width\":500,\"height\":750,\"size\":48.43,\"path\":null,\"url\":\"/uploads/medium_para_los_dias_frios_sopa_2610012fa6_f74b88de41.jpg\"},\"small\":{\"name\":\"small_https://4d40-2a01-cb00-c8b-1800-7cbb-7da-ea9d-2011.ngrok.io/uploads/para_los_dias_frios_sopa_2610012fa6.jpg\",\"hash\":\"small_para_los_dias_frios_sopa_2610012fa6_f74b88de41\",\"ext\":\".jpg\",\"mime\":\"image/jpeg\",\"width\":333,\"height\":500,\"size\":23.54,\"path\":null,\"url\":\"/uploads/small_para_los_dias_frios_sopa_2610012fa6_f74b88de41.jpg\"}}','para_los_dias_frios_sopa_2610012fa6_f74b88de41','.jpg','image/jpeg',54.27,'/uploads/para_los_dias_frios_sopa_2610012fa6_f74b88de41.jpg','','local','unknown_value_please_contact_support','2021-11-23','2021-11-23','','','',0),(89,'Los Moros by Porta Hotel Antigua','Los Moros by Porta Hotel Antigua','Los Moros by Porta Hotel Antigua',1024,768,'{\"thumbnail\":{\"name\":\"thumbnail_https://4d40-2a01-cb00-c8b-1800-7cbb-7da-ea9d-2011.ngrok.io/uploads/nuestro_chef_se_dedica_39ec8a24a1.jpg\",\"hash\":\"thumbnail_nuestro_chef_se_dedica_39ec8a24a1_a222476919\",\"ext\":\".jpg\",\"mime\":\"image/jpeg\",\"width\":208,\"height\":156,\"size\":12.03,\"path\":null,\"url\":\"/uploads/thumbnail_nuestro_chef_se_dedica_39ec8a24a1_a222476919.jpg\"},\"large\":{\"name\":\"large_https://4d40-2a01-cb00-c8b-1800-7cbb-7da-ea9d-2011.ngrok.io/uploads/nuestro_chef_se_dedica_39ec8a24a1.jpg\",\"hash\":\"large_nuestro_chef_se_dedica_39ec8a24a1_a222476919\",\"ext\":\".jpg\",\"mime\":\"image/jpeg\",\"width\":1000,\"height\":750,\"size\":193.92,\"path\":null,\"url\":\"/uploads/large_nuestro_chef_se_dedica_39ec8a24a1_a222476919.jpg\"},\"medium\":{\"name\":\"medium_https://4d40-2a01-cb00-c8b-1800-7cbb-7da-ea9d-2011.ngrok.io/uploads/nuestro_chef_se_dedica_39ec8a24a1.jpg\",\"hash\":\"medium_nuestro_chef_se_dedica_39ec8a24a1_a222476919\",\"ext\":\".jpg\",\"mime\":\"image/jpeg\",\"width\":750,\"height\":563,\"size\":119.24,\"path\":null,\"url\":\"/uploads/medium_nuestro_chef_se_dedica_39ec8a24a1_a222476919.jpg\"},\"small\":{\"name\":\"small_https://4d40-2a01-cb00-c8b-1800-7cbb-7da-ea9d-2011.ngrok.io/uploads/nuestro_chef_se_dedica_39ec8a24a1.jpg\",\"hash\":\"small_nuestro_chef_se_dedica_39ec8a24a1_a222476919\",\"ext\":\".jpg\",\"mime\":\"image/jpeg\",\"width\":500,\"height\":375,\"size\":56.17,\"path\":null,\"url\":\"/uploads/small_nuestro_chef_se_dedica_39ec8a24a1_a222476919.jpg\"}}','nuestro_chef_se_dedica_39ec8a24a1_a222476919','.jpg','image/jpeg',142.27,'/uploads/nuestro_chef_se_dedica_39ec8a24a1_a222476919.jpg','','local','unknown_value_please_contact_support','2021-11-23','2021-11-23','','','',0),(90,'Los Moros by Porta Hotel Antigua 4','Los Moros by Porta Hotel Antigua','Los Moros by Porta Hotel Antigua',683,1024,'{\"thumbnail\":{\"name\":\"thumbnail_https://4d40-2a01-cb00-c8b-1800-7cbb-7da-ea9d-2011.ngrok.io/uploads/una_variante_de_la_costilla_fc2d88938a.jpg\",\"hash\":\"thumbnail_una_variante_de_la_costilla_fc2d88938a_df9d1bcc8b\",\"ext\":\".jpg\",\"mime\":\"image/jpeg\",\"width\":104,\"height\":156,\"size\":5.23,\"path\":null,\"url\":\"/uploads/thumbnail_una_variante_de_la_costilla_fc2d88938a_df9d1bcc8b.jpg\"},\"large\":{\"name\":\"large_https://4d40-2a01-cb00-c8b-1800-7cbb-7da-ea9d-2011.ngrok.io/uploads/una_variante_de_la_costilla_fc2d88938a.jpg\",\"hash\":\"large_una_variante_de_la_costilla_fc2d88938a_df9d1bcc8b\",\"ext\":\".jpg\",\"mime\":\"image/jpeg\",\"width\":667,\"height\":1000,\"size\":102.47,\"path\":null,\"url\":\"/uploads/large_una_variante_de_la_costilla_fc2d88938a_df9d1bcc8b.jpg\"},\"medium\":{\"name\":\"medium_https://4d40-2a01-cb00-c8b-1800-7cbb-7da-ea9d-2011.ngrok.io/uploads/una_variante_de_la_costilla_fc2d88938a.jpg\",\"hash\":\"medium_una_variante_de_la_costilla_fc2d88938a_df9d1bcc8b\",\"ext\":\".jpg\",\"mime\":\"image/jpeg\",\"width\":500,\"height\":750,\"size\":62.56,\"path\":null,\"url\":\"/uploads/medium_una_variante_de_la_costilla_fc2d88938a_df9d1bcc8b.jpg\"},\"small\":{\"name\":\"small_https://4d40-2a01-cb00-c8b-1800-7cbb-7da-ea9d-2011.ngrok.io/uploads/una_variante_de_la_costilla_fc2d88938a.jpg\",\"hash\":\"small_una_variante_de_la_costilla_fc2d88938a_df9d1bcc8b\",\"ext\":\".jpg\",\"mime\":\"image/jpeg\",\"width\":333,\"height\":500,\"size\":30.66,\"path\":null,\"url\":\"/uploads/small_una_variante_de_la_costilla_fc2d88938a_df9d1bcc8b.jpg\"}}','una_variante_de_la_costilla_fc2d88938a_df9d1bcc8b','.jpg','image/jpeg',72.38,'/uploads/una_variante_de_la_costilla_fc2d88938a_df9d1bcc8b.jpg','','local','unknown_value_please_contact_support','2021-11-23','2021-11-23','','','',0),(91,'Los Moros by Porta Hotel Antigua 5','Los Moros by Porta Hotel Antigua','Los Moros by Porta Hotel Antigua',683,1024,'{\"thumbnail\":{\"name\":\"thumbnail_https://4d40-2a01-cb00-c8b-1800-7cbb-7da-ea9d-2011.ngrok.io/uploads/con_un_toque_tropical_5e64ec8961.jpg\",\"hash\":\"thumbnail_con_un_toque_tropical_5e64ec8961_b453bb8398\",\"ext\":\".jpg\",\"mime\":\"image/jpeg\",\"width\":104,\"height\":156,\"size\":5.11,\"path\":null,\"url\":\"/uploads/thumbnail_con_un_toque_tropical_5e64ec8961_b453bb8398.jpg\"},\"large\":{\"name\":\"large_https://4d40-2a01-cb00-c8b-1800-7cbb-7da-ea9d-2011.ngrok.io/uploads/con_un_toque_tropical_5e64ec8961.jpg\",\"hash\":\"large_con_un_toque_tropical_5e64ec8961_b453bb8398\",\"ext\":\".jpg\",\"mime\":\"image/jpeg\",\"width\":667,\"height\":1000,\"size\":145.66,\"path\":null,\"url\":\"/uploads/large_con_un_toque_tropical_5e64ec8961_b453bb8398.jpg\"},\"medium\":{\"name\":\"medium_https://4d40-2a01-cb00-c8b-1800-7cbb-7da-ea9d-2011.ngrok.io/uploads/con_un_toque_tropical_5e64ec8961.jpg\",\"hash\":\"medium_con_un_toque_tropical_5e64ec8961_b453bb8398\",\"ext\":\".jpg\",\"mime\":\"image/jpeg\",\"width\":500,\"height\":750,\"size\":83.92,\"path\":null,\"url\":\"/uploads/medium_con_un_toque_tropical_5e64ec8961_b453bb8398.jpg\"},\"small\":{\"name\":\"small_https://4d40-2a01-cb00-c8b-1800-7cbb-7da-ea9d-2011.ngrok.io/uploads/con_un_toque_tropical_5e64ec8961.jpg\",\"hash\":\"small_con_un_toque_tropical_5e64ec8961_b453bb8398\",\"ext\":\".jpg\",\"mime\":\"image/jpeg\",\"width\":333,\"height\":500,\"size\":36.46,\"path\":null,\"url\":\"/uploads/small_con_un_toque_tropical_5e64ec8961_b453bb8398.jpg\"}}','con_un_toque_tropical_5e64ec8961_b453bb8398','.jpg','image/jpeg',100.77,'/uploads/con_un_toque_tropical_5e64ec8961_b453bb8398.jpg','','local','unknown_value_please_contact_support','2021-11-23','2021-11-23','','','',0),(92,'Mersea Restaurant & Bar 2','Mersea Restaurant & Bar','Mersea Restaurant & Bar',1280,960,'{\"thumbnail\":{\"name\":\"thumbnail_https://4d40-2a01-cb00-c8b-1800-7cbb-7da-ea9d-2011.ngrok.io/uploads/mersea_restaurant_368de32943.jpg\",\"hash\":\"thumbnail_mersea_restaurant_368de32943_c4e362c201\",\"ext\":\".jpg\",\"mime\":\"image/jpeg\",\"width\":208,\"height\":156,\"size\":6.18,\"path\":null,\"url\":\"/uploads/thumbnail_mersea_restaurant_368de32943_c4e362c201.jpg\"},\"large\":{\"name\":\"large_https://4d40-2a01-cb00-c8b-1800-7cbb-7da-ea9d-2011.ngrok.io/uploads/mersea_restaurant_368de32943.jpg\",\"hash\":\"large_mersea_restaurant_368de32943_c4e362c201\",\"ext\":\".jpg\",\"mime\":\"image/jpeg\",\"width\":1000,\"height\":750,\"size\":118.46,\"path\":null,\"url\":\"/uploads/large_mersea_restaurant_368de32943_c4e362c201.jpg\"},\"medium\":{\"name\":\"medium_https://4d40-2a01-cb00-c8b-1800-7cbb-7da-ea9d-2011.ngrok.io/uploads/mersea_restaurant_368de32943.jpg\",\"hash\":\"medium_mersea_restaurant_368de32943_c4e362c201\",\"ext\":\".jpg\",\"mime\":\"image/jpeg\",\"width\":750,\"height\":563,\"size\":64.65,\"path\":null,\"url\":\"/uploads/medium_mersea_restaurant_368de32943_c4e362c201.jpg\"},\"small\":{\"name\":\"small_https://4d40-2a01-cb00-c8b-1800-7cbb-7da-ea9d-2011.ngrok.io/uploads/mersea_restaurant_368de32943.jpg\",\"hash\":\"small_mersea_restaurant_368de32943_c4e362c201\",\"ext\":\".jpg\",\"mime\":\"image/jpeg\",\"width\":500,\"height\":375,\"size\":28.71,\"path\":null,\"url\":\"/uploads/small_mersea_restaurant_368de32943_c4e362c201.jpg\"}}','mersea_restaurant_368de32943_c4e362c201','.jpg','image/jpeg',121.85,'/uploads/mersea_restaurant_368de32943_c4e362c201.jpg','','local','unknown_value_please_contact_support','2021-11-23','2021-11-23','','','',0),(93,'Mersea Restaurant & Bar 5','Mersea Restaurant & Bar','Mersea Restaurant & Bar',1080,604,'{\"thumbnail\":{\"name\":\"thumbnail_https://4d40-2a01-cb00-c8b-1800-7cbb-7da-ea9d-2011.ngrok.io/uploads/mersea_restaurant_4e2edbb2ad.jpg\",\"hash\":\"thumbnail_mersea_restaurant_4e2edbb2ad_8b7ab4a83b\",\"ext\":\".jpg\",\"mime\":\"image/jpeg\",\"width\":245,\"height\":137,\"size\":8.31,\"path\":null,\"url\":\"/uploads/thumbnail_mersea_restaurant_4e2edbb2ad_8b7ab4a83b.jpg\"},\"large\":{\"name\":\"large_https://4d40-2a01-cb00-c8b-1800-7cbb-7da-ea9d-2011.ngrok.io/uploads/mersea_restaurant_4e2edbb2ad.jpg\",\"hash\":\"large_mersea_restaurant_4e2edbb2ad_8b7ab4a83b\",\"ext\":\".jpg\",\"mime\":\"image/jpeg\",\"width\":1000,\"height\":559,\"size\":117.25,\"path\":null,\"url\":\"/uploads/large_mersea_restaurant_4e2edbb2ad_8b7ab4a83b.jpg\"},\"medium\":{\"name\":\"medium_https://4d40-2a01-cb00-c8b-1800-7cbb-7da-ea9d-2011.ngrok.io/uploads/mersea_restaurant_4e2edbb2ad.jpg\",\"hash\":\"medium_mersea_restaurant_4e2edbb2ad_8b7ab4a83b\",\"ext\":\".jpg\",\"mime\":\"image/jpeg\",\"width\":750,\"height\":419,\"size\":65.46,\"path\":null,\"url\":\"/uploads/medium_mersea_restaurant_4e2edbb2ad_8b7ab4a83b.jpg\"},\"small\":{\"name\":\"small_https://4d40-2a01-cb00-c8b-1800-7cbb-7da-ea9d-2011.ngrok.io/uploads/mersea_restaurant_4e2edbb2ad.jpg\",\"hash\":\"small_mersea_restaurant_4e2edbb2ad_8b7ab4a83b\",\"ext\":\".jpg\",\"mime\":\"image/jpeg\",\"width\":500,\"height\":280,\"size\":28.87,\"path\":null,\"url\":\"/uploads/small_mersea_restaurant_4e2edbb2ad_8b7ab4a83b.jpg\"}}','mersea_restaurant_4e2edbb2ad_8b7ab4a83b','.jpg','image/jpeg',91.85,'/uploads/mersea_restaurant_4e2edbb2ad_8b7ab4a83b.jpg','','local','unknown_value_please_contact_support','2021-11-23','2021-11-23','','','',0),(94,'Mersea Restaurant & Bar 4','Mersea Restaurant & Bar','Mersea Restaurant & Bar',1024,1024,'{\"thumbnail\":{\"name\":\"thumbnail_https://4d40-2a01-cb00-c8b-1800-7cbb-7da-ea9d-2011.ngrok.io/uploads/photo0jpg_b4522441c9.jpg\",\"hash\":\"thumbnail_photo0jpg_b4522441c9_95f3145596\",\"ext\":\".jpg\",\"mime\":\"image/jpeg\",\"width\":156,\"height\":156,\"size\":7.89,\"path\":null,\"url\":\"/uploads/thumbnail_photo0jpg_b4522441c9_95f3145596.jpg\"},\"large\":{\"name\":\"large_https://4d40-2a01-cb00-c8b-1800-7cbb-7da-ea9d-2011.ngrok.io/uploads/photo0jpg_b4522441c9.jpg\",\"hash\":\"large_photo0jpg_b4522441c9_95f3145596\",\"ext\":\".jpg\",\"mime\":\"image/jpeg\",\"width\":1000,\"height\":1000,\"size\":208.31,\"path\":null,\"url\":\"/uploads/large_photo0jpg_b4522441c9_95f3145596.jpg\"},\"medium\":{\"name\":\"medium_https://4d40-2a01-cb00-c8b-1800-7cbb-7da-ea9d-2011.ngrok.io/uploads/photo0jpg_b4522441c9.jpg\",\"hash\":\"medium_photo0jpg_b4522441c9_95f3145596\",\"ext\":\".jpg\",\"mime\":\"image/jpeg\",\"width\":750,\"height\":750,\"size\":122.08,\"path\":null,\"url\":\"/uploads/medium_photo0jpg_b4522441c9_95f3145596.jpg\"},\"small\":{\"name\":\"small_https://4d40-2a01-cb00-c8b-1800-7cbb-7da-ea9d-2011.ngrok.io/uploads/photo0jpg_b4522441c9.jpg\",\"hash\":\"small_photo0jpg_b4522441c9_95f3145596\",\"ext\":\".jpg\",\"mime\":\"image/jpeg\",\"width\":500,\"height\":500,\"size\":54.98,\"path\":null,\"url\":\"/uploads/small_photo0jpg_b4522441c9_95f3145596.jpg\"}}','photo0jpg_b4522441c9_95f3145596','.jpg','image/jpeg',146.63,'/uploads/photo0jpg_b4522441c9_95f3145596.jpg','','local','unknown_value_please_contact_support','2021-11-23','2021-11-23','','','',0),(95,'Mersea Restaurant & Bar','Mersea Restaurant & Bar','Mersea Restaurant & Bar',1280,960,'{\"thumbnail\":{\"name\":\"thumbnail_https://4d40-2a01-cb00-c8b-1800-7cbb-7da-ea9d-2011.ngrok.io/uploads/mersea_restaurant_a05f82926a.jpg\",\"hash\":\"thumbnail_mersea_restaurant_a05f82926a_536c765121\",\"ext\":\".jpg\",\"mime\":\"image/jpeg\",\"width\":208,\"height\":156,\"size\":10.1,\"path\":null,\"url\":\"/uploads/thumbnail_mersea_restaurant_a05f82926a_536c765121.jpg\"},\"large\":{\"name\":\"large_https://4d40-2a01-cb00-c8b-1800-7cbb-7da-ea9d-2011.ngrok.io/uploads/mersea_restaurant_a05f82926a.jpg\",\"hash\":\"large_mersea_restaurant_a05f82926a_536c765121\",\"ext\":\".jpg\",\"mime\":\"image/jpeg\",\"width\":1000,\"height\":750,\"size\":179.19,\"path\":null,\"url\":\"/uploads/large_mersea_restaurant_a05f82926a_536c765121.jpg\"},\"medium\":{\"name\":\"medium_https://4d40-2a01-cb00-c8b-1800-7cbb-7da-ea9d-2011.ngrok.io/uploads/mersea_restaurant_a05f82926a.jpg\",\"hash\":\"medium_mersea_restaurant_a05f82926a_536c765121\",\"ext\":\".jpg\",\"mime\":\"image/jpeg\",\"width\":750,\"height\":563,\"size\":98.93,\"path\":null,\"url\":\"/uploads/medium_mersea_restaurant_a05f82926a_536c765121.jpg\"},\"small\":{\"name\":\"small_https://4d40-2a01-cb00-c8b-1800-7cbb-7da-ea9d-2011.ngrok.io/uploads/mersea_restaurant_a05f82926a.jpg\",\"hash\":\"small_mersea_restaurant_a05f82926a_536c765121\",\"ext\":\".jpg\",\"mime\":\"image/jpeg\",\"width\":500,\"height\":375,\"size\":45.46,\"path\":null,\"url\":\"/uploads/small_mersea_restaurant_a05f82926a_536c765121.jpg\"}}','mersea_restaurant_a05f82926a_536c765121','.jpg','image/jpeg',196.63,'/uploads/mersea_restaurant_a05f82926a_536c765121.jpg','','local','unknown_value_please_contact_support','2021-11-23','2021-11-23','','','',0),(96,'Mersea Restaurant & Bar 3','Mersea Restaurant & Bar','Mersea Restaurant & Bar',1280,960,'{\"thumbnail\":{\"name\":\"thumbnail_https://4d40-2a01-cb00-c8b-1800-7cbb-7da-ea9d-2011.ngrok.io/uploads/photo1jpg_dc7514dda9.jpg\",\"hash\":\"thumbnail_photo1jpg_dc7514dda9_3df5606442\",\"ext\":\".jpg\",\"mime\":\"image/jpeg\",\"width\":208,\"height\":156,\"size\":9.45,\"path\":null,\"url\":\"/uploads/thumbnail_photo1jpg_dc7514dda9_3df5606442.jpg\"},\"large\":{\"name\":\"large_https://4d40-2a01-cb00-c8b-1800-7cbb-7da-ea9d-2011.ngrok.io/uploads/photo1jpg_dc7514dda9.jpg\",\"hash\":\"large_photo1jpg_dc7514dda9_3df5606442\",\"ext\":\".jpg\",\"mime\":\"image/jpeg\",\"width\":1000,\"height\":750,\"size\":190.58,\"path\":null,\"url\":\"/uploads/large_photo1jpg_dc7514dda9_3df5606442.jpg\"},\"medium\":{\"name\":\"medium_https://4d40-2a01-cb00-c8b-1800-7cbb-7da-ea9d-2011.ngrok.io/uploads/photo1jpg_dc7514dda9.jpg\",\"hash\":\"medium_photo1jpg_dc7514dda9_3df5606442\",\"ext\":\".jpg\",\"mime\":\"image/jpeg\",\"width\":750,\"height\":563,\"size\":104.08,\"path\":null,\"url\":\"/uploads/medium_photo1jpg_dc7514dda9_3df5606442.jpg\"},\"small\":{\"name\":\"small_https://4d40-2a01-cb00-c8b-1800-7cbb-7da-ea9d-2011.ngrok.io/uploads/photo1jpg_dc7514dda9.jpg\",\"hash\":\"small_photo1jpg_dc7514dda9_3df5606442\",\"ext\":\".jpg\",\"mime\":\"image/jpeg\",\"width\":500,\"height\":375,\"size\":45.59,\"path\":null,\"url\":\"/uploads/small_photo1jpg_dc7514dda9_3df5606442.jpg\"}}','photo1jpg_dc7514dda9_3df5606442','.jpg','image/jpeg',216.41,'/uploads/photo1jpg_dc7514dda9_3df5606442.jpg','','local','unknown_value_please_contact_support','2021-11-23','2021-11-23','','','',0),(97,'https://4d40-2a01-cb00-c8b-1800-7cbb-7da-ea9d-2011.ngrok.io/uploads/mint_lounge_21fd050448.jpg','https://4d40-2a01-cb00-c8b-1800-7cbb-7da-ea9d-2011.ngrok.io/uploads/mint_lounge_21fd050448.jpg','https://4d40-2a01-cb00-c8b-1800-7cbb-7da-ea9d-2011.ngrok.io/uploads/mint_lounge_21fd050448.jpg',150,150,'unknown_value_please_contact_support','mint_lounge_21fd050448_ca9f02c578','.jpg','image/jpeg',6.55,'/uploads/mint_lounge_21fd050448_ca9f02c578.jpg','','local','unknown_value_please_contact_support','2021-11-23','2021-11-23','','','',0),(98,'https://4d40-2a01-cb00-c8b-1800-7cbb-7da-ea9d-2011.ngrok.io/uploads/mint_3dc8d22aee.jpg','https://4d40-2a01-cb00-c8b-1800-7cbb-7da-ea9d-2011.ngrok.io/uploads/mint_3dc8d22aee.jpg','https://4d40-2a01-cb00-c8b-1800-7cbb-7da-ea9d-2011.ngrok.io/uploads/mint_3dc8d22aee.jpg',338,450,'{\"thumbnail\":{\"name\":\"thumbnail_https://4d40-2a01-cb00-c8b-1800-7cbb-7da-ea9d-2011.ngrok.io/uploads/mint_3dc8d22aee.jpg\",\"hash\":\"thumbnail_mint_3dc8d22aee_ee8c0d8e5b\",\"ext\":\".jpg\",\"mime\":\"image/jpeg\",\"width\":117,\"height\":156,\"size\":6.93,\"path\":null,\"url\":\"/uploads/thumbnail_mint_3dc8d22aee_ee8c0d8e5b.jpg\"}}','mint_3dc8d22aee_ee8c0d8e5b','.jpg','image/jpeg',30.06,'/uploads/mint_3dc8d22aee_ee8c0d8e5b.jpg','','local','unknown_value_please_contact_support','2021-11-23','2021-11-23','','','',0),(99,'https://4d40-2a01-cb00-c8b-1800-7cbb-7da-ea9d-2011.ngrok.io/uploads/mint_lounge_858a75c1de.jpg','https://4d40-2a01-cb00-c8b-1800-7cbb-7da-ea9d-2011.ngrok.io/uploads/mint_lounge_858a75c1de.jpg','https://4d40-2a01-cb00-c8b-1800-7cbb-7da-ea9d-2011.ngrok.io/uploads/mint_lounge_858a75c1de.jpg',337,450,'{\"thumbnail\":{\"name\":\"thumbnail_https://4d40-2a01-cb00-c8b-1800-7cbb-7da-ea9d-2011.ngrok.io/uploads/mint_lounge_858a75c1de.jpg\",\"hash\":\"thumbnail_mint_lounge_858a75c1de_253344ae5c\",\"ext\":\".jpg\",\"mime\":\"image/jpeg\",\"width\":117,\"height\":156,\"size\":5.71,\"path\":null,\"url\":\"/uploads/thumbnail_mint_lounge_858a75c1de_253344ae5c.jpg\"}}','mint_lounge_858a75c1de_253344ae5c','.jpg','image/jpeg',23.14,'/uploads/mint_lounge_858a75c1de_253344ae5c.jpg','','local','unknown_value_please_contact_support','2021-11-23','2021-11-23','','','',0),(100,'https://4d40-2a01-cb00-c8b-1800-7cbb-7da-ea9d-2011.ngrok.io/uploads/mint_lounge_fd530ee333.jpg','https://4d40-2a01-cb00-c8b-1800-7cbb-7da-ea9d-2011.ngrok.io/uploads/mint_lounge_fd530ee333.jpg','https://4d40-2a01-cb00-c8b-1800-7cbb-7da-ea9d-2011.ngrok.io/uploads/mint_lounge_fd530ee333.jpg',550,413,'{\"thumbnail\":{\"name\":\"thumbnail_https://4d40-2a01-cb00-c8b-1800-7cbb-7da-ea9d-2011.ngrok.io/uploads/mint_lounge_fd530ee333.jpg\",\"hash\":\"thumbnail_mint_lounge_fd530ee333_30f13b2a01\",\"ext\":\".jpg\",\"mime\":\"image/jpeg\",\"width\":208,\"height\":156,\"size\":13.57,\"path\":null,\"url\":\"/uploads/thumbnail_mint_lounge_fd530ee333_30f13b2a01.jpg\"},\"small\":{\"name\":\"small_https://4d40-2a01-cb00-c8b-1800-7cbb-7da-ea9d-2011.ngrok.io/uploads/mint_lounge_fd530ee333.jpg\",\"hash\":\"small_mint_lounge_fd530ee333_30f13b2a01\",\"ext\":\".jpg\",\"mime\":\"image/jpeg\",\"width\":500,\"height\":375,\"size\":74.35,\"path\":null,\"url\":\"/uploads/small_mint_lounge_fd530ee333_30f13b2a01.jpg\"}}','mint_lounge_fd530ee333_30f13b2a01','.jpg','image/jpeg',63.70,'/uploads/mint_lounge_fd530ee333_30f13b2a01.jpg','','local','unknown_value_please_contact_support','2021-11-23','2021-11-23','','','',0),(102,'Musafir Rognidynska 2','Musafir Rognidynska','Musafir Rognidynska',1280,854,'{\"thumbnail\":{\"name\":\"thumbnail_https://4d40-2a01-cb00-c8b-1800-7cbb-7da-ea9d-2011.ngrok.io/uploads/mercimek_lentil_soup_56f13d049f.jpg\",\"hash\":\"thumbnail_mercimek_lentil_soup_56f13d049f_e7a30e2fb4\",\"ext\":\".jpg\",\"mime\":\"image/jpeg\",\"width\":234,\"height\":156,\"size\":5.91,\"path\":null,\"url\":\"/uploads/thumbnail_mercimek_lentil_soup_56f13d049f_e7a30e2fb4.jpg\"},\"large\":{\"name\":\"large_https://4d40-2a01-cb00-c8b-1800-7cbb-7da-ea9d-2011.ngrok.io/uploads/mercimek_lentil_soup_56f13d049f.jpg\",\"hash\":\"large_mercimek_lentil_soup_56f13d049f_e7a30e2fb4\",\"ext\":\".jpg\",\"mime\":\"image/jpeg\",\"width\":1000,\"height\":667,\"size\":64.53,\"path\":null,\"url\":\"/uploads/large_mercimek_lentil_soup_56f13d049f_e7a30e2fb4.jpg\"},\"medium\":{\"name\":\"medium_https://4d40-2a01-cb00-c8b-1800-7cbb-7da-ea9d-2011.ngrok.io/uploads/mercimek_lentil_soup_56f13d049f.jpg\",\"hash\":\"medium_mercimek_lentil_soup_56f13d049f_e7a30e2fb4\",\"ext\":\".jpg\",\"mime\":\"image/jpeg\",\"width\":750,\"height\":500,\"size\":37.13,\"path\":null,\"url\":\"/uploads/medium_mercimek_lentil_soup_56f13d049f_e7a30e2fb4.jpg\"},\"small\":{\"name\":\"small_https://4d40-2a01-cb00-c8b-1800-7cbb-7da-ea9d-2011.ngrok.io/uploads/mercimek_lentil_soup_56f13d049f.jpg\",\"hash\":\"small_mercimek_lentil_soup_56f13d049f_e7a30e2fb4\",\"ext\":\".jpg\",\"mime\":\"image/jpeg\",\"width\":500,\"height\":334,\"size\":18.07,\"path\":null,\"url\":\"/uploads/small_mercimek_lentil_soup_56f13d049f_e7a30e2fb4.jpg\"}}','mercimek_lentil_soup_56f13d049f_e7a30e2fb4','.jpg','image/jpeg',61.20,'/uploads/mercimek_lentil_soup_56f13d049f_e7a30e2fb4.jpg','','local','unknown_value_please_contact_support','2021-11-23','2021-11-23','','','',0),(103,'Musafir Rognidynska 3','Musafir Rognidynska','Musafir Rognidynska',1280,854,'{\"thumbnail\":{\"name\":\"thumbnail_https://4d40-2a01-cb00-c8b-1800-7cbb-7da-ea9d-2011.ngrok.io/uploads/ciberek_cbfb645fc6.jpg\",\"hash\":\"thumbnail_ciberek_cbfb645fc6_56fb6c1f53\",\"ext\":\".jpg\",\"mime\":\"image/jpeg\",\"width\":234,\"height\":156,\"size\":8.47,\"path\":null,\"url\":\"/uploads/thumbnail_ciberek_cbfb645fc6_56fb6c1f53.jpg\"},\"large\":{\"name\":\"large_https://4d40-2a01-cb00-c8b-1800-7cbb-7da-ea9d-2011.ngrok.io/uploads/ciberek_cbfb645fc6.jpg\",\"hash\":\"large_ciberek_cbfb645fc6_56fb6c1f53\",\"ext\":\".jpg\",\"mime\":\"image/jpeg\",\"width\":1000,\"height\":667,\"size\":104.45,\"path\":null,\"url\":\"/uploads/large_ciberek_cbfb645fc6_56fb6c1f53.jpg\"},\"medium\":{\"name\":\"medium_https://4d40-2a01-cb00-c8b-1800-7cbb-7da-ea9d-2011.ngrok.io/uploads/ciberek_cbfb645fc6.jpg\",\"hash\":\"medium_ciberek_cbfb645fc6_56fb6c1f53\",\"ext\":\".jpg\",\"mime\":\"image/jpeg\",\"width\":750,\"height\":500,\"size\":60.57,\"path\":null,\"url\":\"/uploads/medium_ciberek_cbfb645fc6_56fb6c1f53.jpg\"},\"small\":{\"name\":\"small_https://4d40-2a01-cb00-c8b-1800-7cbb-7da-ea9d-2011.ngrok.io/uploads/ciberek_cbfb645fc6.jpg\",\"hash\":\"small_ciberek_cbfb645fc6_56fb6c1f53\",\"ext\":\".jpg\",\"mime\":\"image/jpeg\",\"width\":500,\"height\":334,\"size\":28.8,\"path\":null,\"url\":\"/uploads/small_ciberek_cbfb645fc6_56fb6c1f53.jpg\"}}','ciberek_cbfb645fc6_56fb6c1f53','.jpg','image/jpeg',105.97,'/uploads/ciberek_cbfb645fc6_56fb6c1f53.jpg','','local','unknown_value_please_contact_support','2021-11-23','2021-11-23','','','',0),(104,'Musafir Rognidynska 4','Musafir Rognidynska','Musafir Rognidynska',1200,800,'{\"thumbnail\":{\"name\":\"thumbnail_https://4d40-2a01-cb00-c8b-1800-7cbb-7da-ea9d-2011.ngrok.io/uploads/ciberek_f0813387c6.jpg\",\"hash\":\"thumbnail_ciberek_f0813387c6_efb4604b70\",\"ext\":\".jpg\",\"mime\":\"image/jpeg\",\"width\":234,\"height\":156,\"size\":9.4,\"path\":null,\"url\":\"/uploads/thumbnail_ciberek_f0813387c6_efb4604b70.jpg\"},\"large\":{\"name\":\"large_https://4d40-2a01-cb00-c8b-1800-7cbb-7da-ea9d-2011.ngrok.io/uploads/ciberek_f0813387c6.jpg\",\"hash\":\"large_ciberek_f0813387c6_efb4604b70\",\"ext\":\".jpg\",\"mime\":\"image/jpeg\",\"width\":1000,\"height\":667,\"size\":111.62,\"path\":null,\"url\":\"/uploads/large_ciberek_f0813387c6_efb4604b70.jpg\"},\"medium\":{\"name\":\"medium_https://4d40-2a01-cb00-c8b-1800-7cbb-7da-ea9d-2011.ngrok.io/uploads/ciberek_f0813387c6.jpg\",\"hash\":\"medium_ciberek_f0813387c6_efb4604b70\",\"ext\":\".jpg\",\"mime\":\"image/jpeg\",\"width\":750,\"height\":500,\"size\":62.3,\"path\":null,\"url\":\"/uploads/medium_ciberek_f0813387c6_efb4604b70.jpg\"},\"small\":{\"name\":\"small_https://4d40-2a01-cb00-c8b-1800-7cbb-7da-ea9d-2011.ngrok.io/uploads/ciberek_f0813387c6.jpg\",\"hash\":\"small_ciberek_f0813387c6_efb4604b70\",\"ext\":\".jpg\",\"mime\":\"image/jpeg\",\"width\":500,\"height\":333,\"size\":29.27,\"path\":null,\"url\":\"/uploads/small_ciberek_f0813387c6_efb4604b70.jpg\"}}','ciberek_f0813387c6_efb4604b70','.jpg','image/jpeg',99.60,'/uploads/ciberek_f0813387c6_efb4604b70.jpg','','local','unknown_value_please_contact_support','2021-11-23','2021-11-23','','','',0),(105,'Musafir Rognidynska','Musafir Rognidynska','Musafir Rognidynska',1200,800,'{\"thumbnail\":{\"name\":\"thumbnail_https://4d40-2a01-cb00-c8b-1800-7cbb-7da-ea9d-2011.ngrok.io/uploads/manti_1914462076.jpg\",\"hash\":\"thumbnail_manti_1914462076_7b16441918\",\"ext\":\".jpg\",\"mime\":\"image/jpeg\",\"width\":234,\"height\":156,\"size\":11.5,\"path\":null,\"url\":\"/uploads/thumbnail_manti_1914462076_7b16441918.jpg\"},\"large\":{\"name\":\"large_https://4d40-2a01-cb00-c8b-1800-7cbb-7da-ea9d-2011.ngrok.io/uploads/manti_1914462076.jpg\",\"hash\":\"large_manti_1914462076_7b16441918\",\"ext\":\".jpg\",\"mime\":\"image/jpeg\",\"width\":1000,\"height\":667,\"size\":152.88,\"path\":null,\"url\":\"/uploads/large_manti_1914462076_7b16441918.jpg\"},\"medium\":{\"name\":\"medium_https://4d40-2a01-cb00-c8b-1800-7cbb-7da-ea9d-2011.ngrok.io/uploads/manti_1914462076.jpg\",\"hash\":\"medium_manti_1914462076_7b16441918\",\"ext\":\".jpg\",\"mime\":\"image/jpeg\",\"width\":750,\"height\":500,\"size\":88.15,\"path\":null,\"url\":\"/uploads/medium_manti_1914462076_7b16441918.jpg\"},\"small\":{\"name\":\"small_https://4d40-2a01-cb00-c8b-1800-7cbb-7da-ea9d-2011.ngrok.io/uploads/manti_1914462076.jpg\",\"hash\":\"small_manti_1914462076_7b16441918\",\"ext\":\".jpg\",\"mime\":\"image/jpeg\",\"width\":500,\"height\":333,\"size\":40.8,\"path\":null,\"url\":\"/uploads/small_manti_1914462076_7b16441918.jpg\"}}','manti_1914462076_7b16441918','.jpg','image/jpeg',142.46,'/uploads/manti_1914462076_7b16441918.jpg','','local','unknown_value_please_contact_support','2021-11-23','2021-11-23','','','',0),(106,'Musafir Rognidynska 5','Musafir Rognidynska','Musafir Rognidynska',960,1280,'{\"thumbnail\":{\"name\":\"thumbnail_https://4d40-2a01-cb00-c8b-1800-7cbb-7da-ea9d-2011.ngrok.io/uploads/saslik_2312c2060e.jpg\",\"hash\":\"thumbnail_saslik_2312c2060e_9557d7def9\",\"ext\":\".jpg\",\"mime\":\"image/jpeg\",\"width\":117,\"height\":156,\"size\":5.18,\"path\":null,\"url\":\"/uploads/thumbnail_saslik_2312c2060e_9557d7def9.jpg\"},\"large\":{\"name\":\"large_https://4d40-2a01-cb00-c8b-1800-7cbb-7da-ea9d-2011.ngrok.io/uploads/saslik_2312c2060e.jpg\",\"hash\":\"large_saslik_2312c2060e_9557d7def9\",\"ext\":\".jpg\",\"mime\":\"image/jpeg\",\"width\":750,\"height\":1000,\"size\":153.97,\"path\":null,\"url\":\"/uploads/large_saslik_2312c2060e_9557d7def9.jpg\"},\"medium\":{\"name\":\"medium_https://4d40-2a01-cb00-c8b-1800-7cbb-7da-ea9d-2011.ngrok.io/uploads/saslik_2312c2060e.jpg\",\"hash\":\"medium_saslik_2312c2060e_9557d7def9\",\"ext\":\".jpg\",\"mime\":\"image/jpeg\",\"width\":563,\"height\":750,\"size\":78.82,\"path\":null,\"url\":\"/uploads/medium_saslik_2312c2060e_9557d7def9.jpg\"},\"small\":{\"name\":\"small_https://4d40-2a01-cb00-c8b-1800-7cbb-7da-ea9d-2011.ngrok.io/uploads/saslik_2312c2060e.jpg\",\"hash\":\"small_saslik_2312c2060e_9557d7def9\",\"ext\":\".jpg\",\"mime\":\"image/jpeg\",\"width\":375,\"height\":500,\"size\":35.87,\"path\":null,\"url\":\"/uploads/small_saslik_2312c2060e_9557d7def9.jpg\"}}','saslik_2312c2060e_9557d7def9','.jpg','image/jpeg',166.62,'/uploads/saslik_2312c2060e_9557d7def9.jpg','','local','unknown_value_please_contact_support','2021-11-23','2021-11-23','','','',0),(107,'Pur\' - Jean-Franois Rouquette 5','Pur\' - Jean-Franois Rouquette','Pur\' - Jean-Franois Rouquette',853,1280,'{\"thumbnail\":{\"name\":\"thumbnail_https://4d40-2a01-cb00-c8b-1800-7cbb-7da-ea9d-2011.ngrok.io/uploads/restaurant_pur_jean_francois_223fe61266.jpg\",\"hash\":\"thumbnail_restaurant_pur_jean_francois_223fe61266_67ae83182a\",\"ext\":\".jpg\",\"mime\":\"image/jpeg\",\"width\":104,\"height\":156,\"size\":2.97,\"path\":null,\"url\":\"/uploads/thumbnail_restaurant_pur_jean_francois_223fe61266_67ae83182a.jpg\"},\"large\":{\"name\":\"large_https://4d40-2a01-cb00-c8b-1800-7cbb-7da-ea9d-2011.ngrok.io/uploads/restaurant_pur_jean_francois_223fe61266.jpg\",\"hash\":\"large_restaurant_pur_jean_francois_223fe61266_67ae83182a\",\"ext\":\".jpg\",\"mime\":\"image/jpeg\",\"width\":666,\"height\":1000,\"size\":52.66,\"path\":null,\"url\":\"/uploads/large_restaurant_pur_jean_francois_223fe61266_67ae83182a.jpg\"},\"medium\":{\"name\":\"medium_https://4d40-2a01-cb00-c8b-1800-7cbb-7da-ea9d-2011.ngrok.io/uploads/restaurant_pur_jean_francois_223fe61266.jpg\",\"hash\":\"medium_restaurant_pur_jean_francois_223fe61266_67ae83182a\",\"ext\":\".jpg\",\"mime\":\"image/jpeg\",\"width\":500,\"height\":750,\"size\":31.64,\"path\":null,\"url\":\"/uploads/medium_restaurant_pur_jean_francois_223fe61266_67ae83182a.jpg\"},\"small\":{\"name\":\"small_https://4d40-2a01-cb00-c8b-1800-7cbb-7da-ea9d-2011.ngrok.io/uploads/restaurant_pur_jean_francois_223fe61266.jpg\",\"hash\":\"small_restaurant_pur_jean_francois_223fe61266_67ae83182a\",\"ext\":\".jpg\",\"mime\":\"image/jpeg\",\"width\":333,\"height\":500,\"size\":15.71,\"path\":null,\"url\":\"/uploads/small_restaurant_pur_jean_francois_223fe61266_67ae83182a.jpg\"}}','restaurant_pur_jean_francois_223fe61266_67ae83182a','.jpg','image/jpeg',52.86,'/uploads/restaurant_pur_jean_francois_223fe61266_67ae83182a.jpg','','local','unknown_value_please_contact_support','2021-11-23','2021-11-23','','','',0),(108,'Pur\' - Jean-Franois Rouquette 3','Pur\' - Jean-Franois Rouquette','Pur\' - Jean-Franois Rouquette',1280,853,'{\"thumbnail\":{\"name\":\"thumbnail_https://4d40-2a01-cb00-c8b-1800-7cbb-7da-ea9d-2011.ngrok.io/uploads/restaurant_pur_jean_francois_1cfa7470cc.jpg\",\"hash\":\"thumbnail_restaurant_pur_jean_francois_1cfa7470cc_eb4fa2d852\",\"ext\":\".jpg\",\"mime\":\"image/jpeg\",\"width\":234,\"height\":156,\"size\":6.04,\"path\":null,\"url\":\"/uploads/thumbnail_restaurant_pur_jean_francois_1cfa7470cc_eb4fa2d852.jpg\"},\"large\":{\"name\":\"large_https://4d40-2a01-cb00-c8b-1800-7cbb-7da-ea9d-2011.ngrok.io/uploads/restaurant_pur_jean_francois_1cfa7470cc.jpg\",\"hash\":\"large_restaurant_pur_jean_francois_1cfa7470cc_eb4fa2d852\",\"ext\":\".jpg\",\"mime\":\"image/jpeg\",\"width\":1000,\"height\":666,\"size\":63.28,\"path\":null,\"url\":\"/uploads/large_restaurant_pur_jean_francois_1cfa7470cc_eb4fa2d852.jpg\"},\"medium\":{\"name\":\"medium_https://4d40-2a01-cb00-c8b-1800-7cbb-7da-ea9d-2011.ngrok.io/uploads/restaurant_pur_jean_francois_1cfa7470cc.jpg\",\"hash\":\"medium_restaurant_pur_jean_francois_1cfa7470cc_eb4fa2d852\",\"ext\":\".jpg\",\"mime\":\"image/jpeg\",\"width\":750,\"height\":500,\"size\":37.87,\"path\":null,\"url\":\"/uploads/medium_restaurant_pur_jean_francois_1cfa7470cc_eb4fa2d852.jpg\"},\"small\":{\"name\":\"small_https://4d40-2a01-cb00-c8b-1800-7cbb-7da-ea9d-2011.ngrok.io/uploads/restaurant_pur_jean_francois_1cfa7470cc.jpg\",\"hash\":\"small_restaurant_pur_jean_francois_1cfa7470cc_eb4fa2d852\",\"ext\":\".jpg\",\"mime\":\"image/jpeg\",\"width\":500,\"height\":333,\"size\":19.02,\"path\":null,\"url\":\"/uploads/small_restaurant_pur_jean_francois_1cfa7470cc_eb4fa2d852.jpg\"}}','restaurant_pur_jean_francois_1cfa7470cc_eb4fa2d852','.jpg','image/jpeg',63.20,'/uploads/restaurant_pur_jean_francois_1cfa7470cc_eb4fa2d852.jpg','','local','unknown_value_please_contact_support','2021-11-23','2021-11-23','','','',0),(109,'Pur\' - Jean-Franois Rouquette 2','Pur\' - Jean-Franois Rouquette','Pur\' - Jean-Franois Rouquette',853,1280,'{\"thumbnail\":{\"name\":\"thumbnail_https://4d40-2a01-cb00-c8b-1800-7cbb-7da-ea9d-2011.ngrok.io/uploads/restaurant_pur_jean_francois_f00750fc74.jpg\",\"hash\":\"thumbnail_restaurant_pur_jean_francois_f00750fc74_79671f0788\",\"ext\":\".jpg\",\"mime\":\"image/jpeg\",\"width\":104,\"height\":156,\"size\":3.7,\"path\":null,\"url\":\"/uploads/thumbnail_restaurant_pur_jean_francois_f00750fc74_79671f0788.jpg\"},\"large\":{\"name\":\"large_https://4d40-2a01-cb00-c8b-1800-7cbb-7da-ea9d-2011.ngrok.io/uploads/restaurant_pur_jean_francois_f00750fc74.jpg\",\"hash\":\"large_restaurant_pur_jean_francois_f00750fc74_79671f0788\",\"ext\":\".jpg\",\"mime\":\"image/jpeg\",\"width\":666,\"height\":1000,\"size\":88.88,\"path\":null,\"url\":\"/uploads/large_restaurant_pur_jean_francois_f00750fc74_79671f0788.jpg\"},\"medium\":{\"name\":\"medium_https://4d40-2a01-cb00-c8b-1800-7cbb-7da-ea9d-2011.ngrok.io/uploads/restaurant_pur_jean_francois_f00750fc74.jpg\",\"hash\":\"medium_restaurant_pur_jean_francois_f00750fc74_79671f0788\",\"ext\":\".jpg\",\"mime\":\"image/jpeg\",\"width\":500,\"height\":750,\"size\":53.06,\"path\":null,\"url\":\"/uploads/medium_restaurant_pur_jean_francois_f00750fc74_79671f0788.jpg\"},\"small\":{\"name\":\"small_https://4d40-2a01-cb00-c8b-1800-7cbb-7da-ea9d-2011.ngrok.io/uploads/restaurant_pur_jean_francois_f00750fc74.jpg\",\"hash\":\"small_restaurant_pur_jean_francois_f00750fc74_79671f0788\",\"ext\":\".jpg\",\"mime\":\"image/jpeg\",\"width\":333,\"height\":500,\"size\":25.76,\"path\":null,\"url\":\"/uploads/small_restaurant_pur_jean_francois_f00750fc74_79671f0788.jpg\"}}','restaurant_pur_jean_francois_f00750fc74_79671f0788','.jpg','image/jpeg',92.09,'/uploads/restaurant_pur_jean_francois_f00750fc74_79671f0788.jpg','','local','unknown_value_please_contact_support','2021-11-23','2021-11-23','','','',0),(110,'Pur\' - Jean-Franois Rouquette 4','Pur\' - Jean-Franois Rouquette','Pur\' - Jean-Franois Rouquette',853,1280,'{\"thumbnail\":{\"name\":\"thumbnail_https://4d40-2a01-cb00-c8b-1800-7cbb-7da-ea9d-2011.ngrok.io/uploads/restaurant_pur_jean_francois_d692a293de.jpg\",\"hash\":\"thumbnail_restaurant_pur_jean_francois_d692a293de_6db8d64c96\",\"ext\":\".jpg\",\"mime\":\"image/jpeg\",\"width\":104,\"height\":156,\"size\":4.01,\"path\":null,\"url\":\"/uploads/thumbnail_restaurant_pur_jean_francois_d692a293de_6db8d64c96.jpg\"},\"large\":{\"name\":\"large_https://4d40-2a01-cb00-c8b-1800-7cbb-7da-ea9d-2011.ngrok.io/uploads/restaurant_pur_jean_francois_d692a293de.jpg\",\"hash\":\"large_restaurant_pur_jean_francois_d692a293de_6db8d64c96\",\"ext\":\".jpg\",\"mime\":\"image/jpeg\",\"width\":666,\"height\":1000,\"size\":80.85,\"path\":null,\"url\":\"/uploads/large_restaurant_pur_jean_francois_d692a293de_6db8d64c96.jpg\"},\"medium\":{\"name\":\"medium_https://4d40-2a01-cb00-c8b-1800-7cbb-7da-ea9d-2011.ngrok.io/uploads/restaurant_pur_jean_francois_d692a293de.jpg\",\"hash\":\"medium_restaurant_pur_jean_francois_d692a293de_6db8d64c96\",\"ext\":\".jpg\",\"mime\":\"image/jpeg\",\"width\":500,\"height\":750,\"size\":49.53,\"path\":null,\"url\":\"/uploads/medium_restaurant_pur_jean_francois_d692a293de_6db8d64c96.jpg\"},\"small\":{\"name\":\"small_https://4d40-2a01-cb00-c8b-1800-7cbb-7da-ea9d-2011.ngrok.io/uploads/restaurant_pur_jean_francois_d692a293de.jpg\",\"hash\":\"small_restaurant_pur_jean_francois_d692a293de_6db8d64c96\",\"ext\":\".jpg\",\"mime\":\"image/jpeg\",\"width\":333,\"height\":500,\"size\":24.89,\"path\":null,\"url\":\"/uploads/small_restaurant_pur_jean_francois_d692a293de_6db8d64c96.jpg\"}}','restaurant_pur_jean_francois_d692a293de_6db8d64c96','.jpg','image/jpeg',81.75,'/uploads/restaurant_pur_jean_francois_d692a293de_6db8d64c96.jpg','','local','unknown_value_please_contact_support','2021-11-23','2021-11-23','','','',0),(111,'Pur\' - Jean-Franois Rouquette','Pur\' - Jean-Franois Rouquette','Pur\' - Jean-Franois Rouquette',2000,1331,'{\"thumbnail\":{\"name\":\"thumbnail_https://4d40-2a01-cb00-c8b-1800-7cbb-7da-ea9d-2011.ngrok.io/uploads/pur_jean_francois_rouquette_50949420ae.jpg\",\"hash\":\"thumbnail_pur_jean_francois_rouquette_50949420ae_63341e7ffb\",\"ext\":\".jpg\",\"mime\":\"image/jpeg\",\"width\":234,\"height\":156,\"size\":10.04,\"path\":null,\"url\":\"/uploads/thumbnail_pur_jean_francois_rouquette_50949420ae_63341e7ffb.jpg\"},\"large\":{\"name\":\"large_https://4d40-2a01-cb00-c8b-1800-7cbb-7da-ea9d-2011.ngrok.io/uploads/pur_jean_francois_rouquette_50949420ae.jpg\",\"hash\":\"large_pur_jean_francois_rouquette_50949420ae_63341e7ffb\",\"ext\":\".jpg\",\"mime\":\"image/jpeg\",\"width\":1000,\"height\":666,\"size\":113.44,\"path\":null,\"url\":\"/uploads/large_pur_jean_francois_rouquette_50949420ae_63341e7ffb.jpg\"},\"medium\":{\"name\":\"medium_https://4d40-2a01-cb00-c8b-1800-7cbb-7da-ea9d-2011.ngrok.io/uploads/pur_jean_francois_rouquette_50949420ae.jpg\",\"hash\":\"medium_pur_jean_francois_rouquette_50949420ae_63341e7ffb\",\"ext\":\".jpg\",\"mime\":\"image/jpeg\",\"width\":750,\"height\":499,\"size\":67.08,\"path\":null,\"url\":\"/uploads/medium_pur_jean_francois_rouquette_50949420ae_63341e7ffb.jpg\"},\"small\":{\"name\":\"small_https://4d40-2a01-cb00-c8b-1800-7cbb-7da-ea9d-2011.ngrok.io/uploads/pur_jean_francois_rouquette_50949420ae.jpg\",\"hash\":\"small_pur_jean_francois_rouquette_50949420ae_63341e7ffb\",\"ext\":\".jpg\",\"mime\":\"image/jpeg\",\"width\":500,\"height\":333,\"size\":34.07,\"path\":null,\"url\":\"/uploads/small_pur_jean_francois_rouquette_50949420ae_63341e7ffb.jpg\"}}','pur_jean_francois_rouquette_50949420ae_63341e7ffb','.jpg','image/jpeg',281.08,'/uploads/pur_jean_francois_rouquette_50949420ae_63341e7ffb.jpg','','local','unknown_value_please_contact_support','2021-11-23','2021-11-23','','','',0),(112,'Quince 2','Quince','Quince',1000,1500,'{\"thumbnail\":{\"name\":\"thumbnail_https://4d40-2a01-cb00-c8b-1800-7cbb-7da-ea9d-2011.ngrok.io/uploads/quince_6dba2c0a37.jpg\",\"hash\":\"thumbnail_quince_6dba2c0a37_6be6f8b387\",\"ext\":\".jpg\",\"mime\":\"image/jpeg\",\"width\":104,\"height\":156,\"size\":4.98,\"path\":null,\"url\":\"/uploads/thumbnail_quince_6dba2c0a37_6be6f8b387.jpg\"},\"large\":{\"name\":\"large_https://4d40-2a01-cb00-c8b-1800-7cbb-7da-ea9d-2011.ngrok.io/uploads/quince_6dba2c0a37.jpg\",\"hash\":\"large_quince_6dba2c0a37_6be6f8b387\",\"ext\":\".jpg\",\"mime\":\"image/jpeg\",\"width\":667,\"height\":1000,\"size\":73.22,\"path\":null,\"url\":\"/uploads/large_quince_6dba2c0a37_6be6f8b387.jpg\"},\"medium\":{\"name\":\"medium_https://4d40-2a01-cb00-c8b-1800-7cbb-7da-ea9d-2011.ngrok.io/uploads/quince_6dba2c0a37.jpg\",\"hash\":\"medium_quince_6dba2c0a37_6be6f8b387\",\"ext\":\".jpg\",\"mime\":\"image/jpeg\",\"width\":500,\"height\":750,\"size\":47.26,\"path\":null,\"url\":\"/uploads/medium_quince_6dba2c0a37_6be6f8b387.jpg\"},\"small\":{\"name\":\"small_https://4d40-2a01-cb00-c8b-1800-7cbb-7da-ea9d-2011.ngrok.io/uploads/quince_6dba2c0a37.jpg\",\"hash\":\"small_quince_6dba2c0a37_6be6f8b387\",\"ext\":\".jpg\",\"mime\":\"image/jpeg\",\"width\":333,\"height\":500,\"size\":25.69,\"path\":null,\"url\":\"/uploads/small_quince_6dba2c0a37_6be6f8b387.jpg\"}}','quince_6dba2c0a37_6be6f8b387','.jpg','image/jpeg',87.11,'/uploads/quince_6dba2c0a37_6be6f8b387.jpg','','local','unknown_value_please_contact_support','2021-11-23','2021-11-23','','','',0),(113,'Quince 4','Quince','Quince',1000,1500,'{\"thumbnail\":{\"name\":\"thumbnail_https://4d40-2a01-cb00-c8b-1800-7cbb-7da-ea9d-2011.ngrok.io/uploads/quince_a36a76e1fe.jpg\",\"hash\":\"thumbnail_quince_a36a76e1fe_2a76b18a71\",\"ext\":\".jpg\",\"mime\":\"image/jpeg\",\"width\":104,\"height\":156,\"size\":3.88,\"path\":null,\"url\":\"/uploads/thumbnail_quince_a36a76e1fe_2a76b18a71.jpg\"},\"large\":{\"name\":\"large_https://4d40-2a01-cb00-c8b-1800-7cbb-7da-ea9d-2011.ngrok.io/uploads/quince_a36a76e1fe.jpg\",\"hash\":\"large_quince_a36a76e1fe_2a76b18a71\",\"ext\":\".jpg\",\"mime\":\"image/jpeg\",\"width\":667,\"height\":1000,\"size\":57.97,\"path\":null,\"url\":\"/uploads/large_quince_a36a76e1fe_2a76b18a71.jpg\"},\"medium\":{\"name\":\"medium_https://4d40-2a01-cb00-c8b-1800-7cbb-7da-ea9d-2011.ngrok.io/uploads/quince_a36a76e1fe.jpg\",\"hash\":\"medium_quince_a36a76e1fe_2a76b18a71\",\"ext\":\".jpg\",\"mime\":\"image/jpeg\",\"width\":500,\"height\":750,\"size\":36.78,\"path\":null,\"url\":\"/uploads/medium_quince_a36a76e1fe_2a76b18a71.jpg\"},\"small\":{\"name\":\"small_https://4d40-2a01-cb00-c8b-1800-7cbb-7da-ea9d-2011.ngrok.io/uploads/quince_a36a76e1fe.jpg\",\"hash\":\"small_quince_a36a76e1fe_2a76b18a71\",\"ext\":\".jpg\",\"mime\":\"image/jpeg\",\"width\":333,\"height\":500,\"size\":19.69,\"path\":null,\"url\":\"/uploads/small_quince_a36a76e1fe_2a76b18a71.jpg\"}}','quince_a36a76e1fe_2a76b18a71','.jpg','image/jpeg',66.16,'/uploads/quince_a36a76e1fe_2a76b18a71.jpg','','local','unknown_value_please_contact_support','2021-11-23','2021-11-23','','','',0),(114,'Quince 3','Quince','Quince',1000,1500,'{\"thumbnail\":{\"name\":\"thumbnail_https://4d40-2a01-cb00-c8b-1800-7cbb-7da-ea9d-2011.ngrok.io/uploads/quince_8d4e62e493.jpg\",\"hash\":\"thumbnail_quince_8d4e62e493_e0f2a3de10\",\"ext\":\".jpg\",\"mime\":\"image/jpeg\",\"width\":104,\"height\":156,\"size\":6.82,\"path\":null,\"url\":\"/uploads/thumbnail_quince_8d4e62e493_e0f2a3de10.jpg\"},\"large\":{\"name\":\"large_https://4d40-2a01-cb00-c8b-1800-7cbb-7da-ea9d-2011.ngrok.io/uploads/quince_8d4e62e493.jpg\",\"hash\":\"large_quince_8d4e62e493_e0f2a3de10\",\"ext\":\".jpg\",\"mime\":\"image/jpeg\",\"width\":667,\"height\":1000,\"size\":135.17,\"path\":null,\"url\":\"/uploads/large_quince_8d4e62e493_e0f2a3de10.jpg\"},\"medium\":{\"name\":\"medium_https://4d40-2a01-cb00-c8b-1800-7cbb-7da-ea9d-2011.ngrok.io/uploads/quince_8d4e62e493.jpg\",\"hash\":\"medium_quince_8d4e62e493_e0f2a3de10\",\"ext\":\".jpg\",\"mime\":\"image/jpeg\",\"width\":500,\"height\":750,\"size\":86.14,\"path\":null,\"url\":\"/uploads/medium_quince_8d4e62e493_e0f2a3de10.jpg\"},\"small\":{\"name\":\"small_https://4d40-2a01-cb00-c8b-1800-7cbb-7da-ea9d-2011.ngrok.io/uploads/quince_8d4e62e493.jpg\",\"hash\":\"small_quince_8d4e62e493_e0f2a3de10\",\"ext\":\".jpg\",\"mime\":\"image/jpeg\",\"width\":333,\"height\":500,\"size\":46.33,\"path\":null,\"url\":\"/uploads/small_quince_8d4e62e493_e0f2a3de10.jpg\"}}','quince_8d4e62e493_e0f2a3de10','.jpg','image/jpeg',177.13,'/uploads/quince_8d4e62e493_e0f2a3de10.jpg','','local','unknown_value_please_contact_support','2021-11-23','2021-11-23','','','',0),(115,'Quince','Quince','Quince',2000,1194,'{\"thumbnail\":{\"name\":\"thumbnail_https://4d40-2a01-cb00-c8b-1800-7cbb-7da-ea9d-2011.ngrok.io/uploads/quince_dc4a70feec.jpg\",\"hash\":\"thumbnail_quince_dc4a70feec_5bbca8b912\",\"ext\":\".jpg\",\"mime\":\"image/jpeg\",\"width\":245,\"height\":146,\"size\":12.02,\"path\":null,\"url\":\"/uploads/thumbnail_quince_dc4a70feec_5bbca8b912.jpg\"},\"large\":{\"name\":\"large_https://4d40-2a01-cb00-c8b-1800-7cbb-7da-ea9d-2011.ngrok.io/uploads/quince_dc4a70feec.jpg\",\"hash\":\"large_quince_dc4a70feec_5bbca8b912\",\"ext\":\".jpg\",\"mime\":\"image/jpeg\",\"width\":1000,\"height\":597,\"size\":129.43,\"path\":null,\"url\":\"/uploads/large_quince_dc4a70feec_5bbca8b912.jpg\"},\"medium\":{\"name\":\"medium_https://4d40-2a01-cb00-c8b-1800-7cbb-7da-ea9d-2011.ngrok.io/uploads/quince_dc4a70feec.jpg\",\"hash\":\"medium_quince_dc4a70feec_5bbca8b912\",\"ext\":\".jpg\",\"mime\":\"image/jpeg\",\"width\":750,\"height\":448,\"size\":77.85,\"path\":null,\"url\":\"/uploads/medium_quince_dc4a70feec_5bbca8b912.jpg\"},\"small\":{\"name\":\"small_https://4d40-2a01-cb00-c8b-1800-7cbb-7da-ea9d-2011.ngrok.io/uploads/quince_dc4a70feec.jpg\",\"hash\":\"small_quince_dc4a70feec_5bbca8b912\",\"ext\":\".jpg\",\"mime\":\"image/jpeg\",\"width\":500,\"height\":299,\"size\":40.51,\"path\":null,\"url\":\"/uploads/small_quince_dc4a70feec_5bbca8b912.jpg\"}}','quince_dc4a70feec_5bbca8b912','.jpg','image/jpeg',296.11,'/uploads/quince_dc4a70feec_5bbca8b912.jpg','','local','unknown_value_please_contact_support','2021-11-23','2021-11-23','','','',0),(116,'Quince 5','Quince','Quince',2000,1500,'{\"thumbnail\":{\"name\":\"thumbnail_https://4d40-2a01-cb00-c8b-1800-7cbb-7da-ea9d-2011.ngrok.io/uploads/quince_8b6b13e020.jpg\",\"hash\":\"thumbnail_quince_8b6b13e020_5e06bf6423\",\"ext\":\".jpg\",\"mime\":\"image/jpeg\",\"width\":208,\"height\":156,\"size\":6.82,\"path\":null,\"url\":\"/uploads/thumbnail_quince_8b6b13e020_5e06bf6423.jpg\"},\"large\":{\"name\":\"large_https://4d40-2a01-cb00-c8b-1800-7cbb-7da-ea9d-2011.ngrok.io/uploads/quince_8b6b13e020.jpg\",\"hash\":\"large_quince_8b6b13e020_5e06bf6423\",\"ext\":\".jpg\",\"mime\":\"image/jpeg\",\"width\":1000,\"height\":750,\"size\":99.67,\"path\":null,\"url\":\"/uploads/large_quince_8b6b13e020_5e06bf6423.jpg\"},\"medium\":{\"name\":\"medium_https://4d40-2a01-cb00-c8b-1800-7cbb-7da-ea9d-2011.ngrok.io/uploads/quince_8b6b13e020.jpg\",\"hash\":\"medium_quince_8b6b13e020_5e06bf6423\",\"ext\":\".jpg\",\"mime\":\"image/jpeg\",\"width\":750,\"height\":563,\"size\":58.32,\"path\":null,\"url\":\"/uploads/medium_quince_8b6b13e020_5e06bf6423.jpg\"},\"small\":{\"name\":\"small_https://4d40-2a01-cb00-c8b-1800-7cbb-7da-ea9d-2011.ngrok.io/uploads/quince_8b6b13e020.jpg\",\"hash\":\"small_quince_8b6b13e020_5e06bf6423\",\"ext\":\".jpg\",\"mime\":\"image/jpeg\",\"width\":500,\"height\":375,\"size\":28.69,\"path\":null,\"url\":\"/uploads/small_quince_8b6b13e020_5e06bf6423.jpg\"}}','quince_8b6b13e020_5e06bf6423','.jpg','image/jpeg',197.32,'/uploads/quince_8b6b13e020_5e06bf6423.jpg','','local','unknown_value_please_contact_support','2021-11-23','2021-11-23','','','',0),(117,'Rusconi\'s American Kitchen','Rusconi\'s American Kitchen','Rusconi\'s American Kitchen',1200,800,'{\"thumbnail\":{\"name\":\"thumbnail_https://4d40-2a01-cb00-c8b-1800-7cbb-7da-ea9d-2011.ngrok.io/uploads/grilled_sustainable_salmon_1c5630da29.jpg\",\"hash\":\"thumbnail_grilled_sustainable_salmon_1c5630da29_62431c1d71\",\"ext\":\".jpg\",\"mime\":\"image/jpeg\",\"width\":234,\"height\":156,\"size\":9.64,\"path\":null,\"url\":\"/uploads/thumbnail_grilled_sustainable_salmon_1c5630da29_62431c1d71.jpg\"},\"large\":{\"name\":\"large_https://4d40-2a01-cb00-c8b-1800-7cbb-7da-ea9d-2011.ngrok.io/uploads/grilled_sustainable_salmon_1c5630da29.jpg\",\"hash\":\"large_grilled_sustainable_salmon_1c5630da29_62431c1d71\",\"ext\":\".jpg\",\"mime\":\"image/jpeg\",\"width\":1000,\"height\":667,\"size\":107.74,\"path\":null,\"url\":\"/uploads/large_grilled_sustainable_salmon_1c5630da29_62431c1d71.jpg\"},\"medium\":{\"name\":\"medium_https://4d40-2a01-cb00-c8b-1800-7cbb-7da-ea9d-2011.ngrok.io/uploads/grilled_sustainable_salmon_1c5630da29.jpg\",\"hash\":\"medium_grilled_sustainable_salmon_1c5630da29_62431c1d71\",\"ext\":\".jpg\",\"mime\":\"image/jpeg\",\"width\":750,\"height\":500,\"size\":64.69,\"path\":null,\"url\":\"/uploads/medium_grilled_sustainable_salmon_1c5630da29_62431c1d71.jpg\"},\"small\":{\"name\":\"small_https://4d40-2a01-cb00-c8b-1800-7cbb-7da-ea9d-2011.ngrok.io/uploads/grilled_sustainable_salmon_1c5630da29.jpg\",\"hash\":\"small_grilled_sustainable_salmon_1c5630da29_62431c1d71\",\"ext\":\".jpg\",\"mime\":\"image/jpeg\",\"width\":500,\"height\":333,\"size\":31.7,\"path\":null,\"url\":\"/uploads/small_grilled_sustainable_salmon_1c5630da29_62431c1d71.jpg\"}}','grilled_sustainable_salmon_1c5630da29_62431c1d71','.jpg','image/jpeg',99.33,'/uploads/grilled_sustainable_salmon_1c5630da29_62431c1d71.jpg','','local','unknown_value_please_contact_support','2021-11-23','2021-11-23','','','',0),(118,'Rusconi\'s American Kitchen 2','Rusconi\'s American Kitchen','Rusconi\'s American Kitchen',1000,1500,'{\"thumbnail\":{\"name\":\"thumbnail_https://4d40-2a01-cb00-c8b-1800-7cbb-7da-ea9d-2011.ngrok.io/uploads/rusconi_s_american_kitchen_b12d2ef31e.jpg\",\"hash\":\"thumbnail_rusconi_s_american_kitchen_b12d2ef31e_d537cfd2dc\",\"ext\":\".jpg\",\"mime\":\"image/jpeg\",\"width\":104,\"height\":156,\"size\":3.88,\"path\":null,\"url\":\"/uploads/thumbnail_rusconi_s_american_kitchen_b12d2ef31e_d537cfd2dc.jpg\"},\"large\":{\"name\":\"large_https://4d40-2a01-cb00-c8b-1800-7cbb-7da-ea9d-2011.ngrok.io/uploads/rusconi_s_american_kitchen_b12d2ef31e.jpg\",\"hash\":\"large_rusconi_s_american_kitchen_b12d2ef31e_d537cfd2dc\",\"ext\":\".jpg\",\"mime\":\"image/jpeg\",\"width\":667,\"height\":1000,\"size\":60.94,\"path\":null,\"url\":\"/uploads/large_rusconi_s_american_kitchen_b12d2ef31e_d537cfd2dc.jpg\"},\"medium\":{\"name\":\"medium_https://4d40-2a01-cb00-c8b-1800-7cbb-7da-ea9d-2011.ngrok.io/uploads/rusconi_s_american_kitchen_b12d2ef31e.jpg\",\"hash\":\"medium_rusconi_s_american_kitchen_b12d2ef31e_d537cfd2dc\",\"ext\":\".jpg\",\"mime\":\"image/jpeg\",\"width\":500,\"height\":750,\"size\":39.27,\"path\":null,\"url\":\"/uploads/medium_rusconi_s_american_kitchen_b12d2ef31e_d537cfd2dc.jpg\"},\"small\":{\"name\":\"small_https://4d40-2a01-cb00-c8b-1800-7cbb-7da-ea9d-2011.ngrok.io/uploads/rusconi_s_american_kitchen_b12d2ef31e.jpg\",\"hash\":\"small_rusconi_s_american_kitchen_b12d2ef31e_d537cfd2dc\",\"ext\":\".jpg\",\"mime\":\"image/jpeg\",\"width\":333,\"height\":500,\"size\":20.51,\"path\":null,\"url\":\"/uploads/small_rusconi_s_american_kitchen_b12d2ef31e_d537cfd2dc.jpg\"}}','rusconi_s_american_kitchen_b12d2ef31e_d537cfd2dc','.jpg','image/jpeg',72.49,'/uploads/rusconi_s_american_kitchen_b12d2ef31e_d537cfd2dc.jpg','','local','unknown_value_please_contact_support','2021-11-23','2021-11-23','','','',0),(119,'Rusconi\'s American Kitchen 5','Rusconi\'s American Kitchen','Rusconi\'s American Kitchen',2000,1333,'{\"thumbnail\":{\"name\":\"thumbnail_https://4d40-2a01-cb00-c8b-1800-7cbb-7da-ea9d-2011.ngrok.io/uploads/boneless_short_ribs_47a772123f.jpg\",\"hash\":\"thumbnail_boneless_short_ribs_47a772123f_2d1150398b\",\"ext\":\".jpg\",\"mime\":\"image/jpeg\",\"width\":234,\"height\":156,\"size\":6.72,\"path\":null,\"url\":\"/uploads/thumbnail_boneless_short_ribs_47a772123f_2d1150398b.jpg\"},\"large\":{\"name\":\"large_https://4d40-2a01-cb00-c8b-1800-7cbb-7da-ea9d-2011.ngrok.io/uploads/boneless_short_ribs_47a772123f.jpg\",\"hash\":\"large_boneless_short_ribs_47a772123f_2d1150398b\",\"ext\":\".jpg\",\"mime\":\"image/jpeg\",\"width\":1000,\"height\":667,\"size\":60.42,\"path\":null,\"url\":\"/uploads/large_boneless_short_ribs_47a772123f_2d1150398b.jpg\"},\"medium\":{\"name\":\"medium_https://4d40-2a01-cb00-c8b-1800-7cbb-7da-ea9d-2011.ngrok.io/uploads/boneless_short_ribs_47a772123f.jpg\",\"hash\":\"medium_boneless_short_ribs_47a772123f_2d1150398b\",\"ext\":\".jpg\",\"mime\":\"image/jpeg\",\"width\":750,\"height\":500,\"size\":37.08,\"path\":null,\"url\":\"/uploads/medium_boneless_short_ribs_47a772123f_2d1150398b.jpg\"},\"small\":{\"name\":\"small_https://4d40-2a01-cb00-c8b-1800-7cbb-7da-ea9d-2011.ngrok.io/uploads/boneless_short_ribs_47a772123f.jpg\",\"hash\":\"small_boneless_short_ribs_47a772123f_2d1150398b\",\"ext\":\".jpg\",\"mime\":\"image/jpeg\",\"width\":500,\"height\":333,\"size\":19.91,\"path\":null,\"url\":\"/uploads/small_boneless_short_ribs_47a772123f_2d1150398b.jpg\"}}','boneless_short_ribs_47a772123f_2d1150398b','.jpg','image/jpeg',118.48,'/uploads/boneless_short_ribs_47a772123f_2d1150398b.jpg','','local','unknown_value_please_contact_support','2021-11-23','2021-11-23','','','',0),(120,'Rusconi\'s American Kitchen 3','Rusconi\'s American Kitchen','Rusconi\'s American Kitchen',1999,1333,'{\"thumbnail\":{\"name\":\"thumbnail_https://4d40-2a01-cb00-c8b-1800-7cbb-7da-ea9d-2011.ngrok.io/uploads/rusconi_s_american_kitchen_da78ed3521.jpg\",\"hash\":\"thumbnail_rusconi_s_american_kitchen_da78ed3521_1ef8629761\",\"ext\":\".jpg\",\"mime\":\"image/jpeg\",\"width\":234,\"height\":156,\"size\":10.39,\"path\":null,\"url\":\"/uploads/thumbnail_rusconi_s_american_kitchen_da78ed3521_1ef8629761.jpg\"},\"large\":{\"name\":\"large_https://4d40-2a01-cb00-c8b-1800-7cbb-7da-ea9d-2011.ngrok.io/uploads/rusconi_s_american_kitchen_da78ed3521.jpg\",\"hash\":\"large_rusconi_s_american_kitchen_da78ed3521_1ef8629761\",\"ext\":\".jpg\",\"mime\":\"image/jpeg\",\"width\":1000,\"height\":667,\"size\":103.65,\"path\":null,\"url\":\"/uploads/large_rusconi_s_american_kitchen_da78ed3521_1ef8629761.jpg\"},\"medium\":{\"name\":\"medium_https://4d40-2a01-cb00-c8b-1800-7cbb-7da-ea9d-2011.ngrok.io/uploads/rusconi_s_american_kitchen_da78ed3521.jpg\",\"hash\":\"medium_rusconi_s_american_kitchen_da78ed3521_1ef8629761\",\"ext\":\".jpg\",\"mime\":\"image/jpeg\",\"width\":750,\"height\":500,\"size\":64.06,\"path\":null,\"url\":\"/uploads/medium_rusconi_s_american_kitchen_da78ed3521_1ef8629761.jpg\"},\"small\":{\"name\":\"small_https://4d40-2a01-cb00-c8b-1800-7cbb-7da-ea9d-2011.ngrok.io/uploads/rusconi_s_american_kitchen_da78ed3521.jpg\",\"hash\":\"small_rusconi_s_american_kitchen_da78ed3521_1ef8629761\",\"ext\":\".jpg\",\"mime\":\"image/jpeg\",\"width\":500,\"height\":333,\"size\":33.85,\"path\":null,\"url\":\"/uploads/small_rusconi_s_american_kitchen_da78ed3521_1ef8629761.jpg\"}}','rusconi_s_american_kitchen_da78ed3521_1ef8629761','.jpg','image/jpeg',209.81,'/uploads/rusconi_s_american_kitchen_da78ed3521_1ef8629761.jpg','','local','unknown_value_please_contact_support','2021-11-23','2021-11-23','','','',0),(121,'Rusconi\'s American Kitchen 4','Rusconi\'s American Kitchen','Rusconi\'s American Kitchen',2000,1333,'{\"thumbnail\":{\"name\":\"thumbnail_https://4d40-2a01-cb00-c8b-1800-7cbb-7da-ea9d-2011.ngrok.io/uploads/bananas_foster_pancakes_df84246656.jpg\",\"hash\":\"thumbnail_bananas_foster_pancakes_df84246656_caa0b23483\",\"ext\":\".jpg\",\"mime\":\"image/jpeg\",\"width\":234,\"height\":156,\"size\":9.89,\"path\":null,\"url\":\"/uploads/thumbnail_bananas_foster_pancakes_df84246656_caa0b23483.jpg\"},\"large\":{\"name\":\"large_https://4d40-2a01-cb00-c8b-1800-7cbb-7da-ea9d-2011.ngrok.io/uploads/bananas_foster_pancakes_df84246656.jpg\",\"hash\":\"large_bananas_foster_pancakes_df84246656_caa0b23483\",\"ext\":\".jpg\",\"mime\":\"image/jpeg\",\"width\":1000,\"height\":667,\"size\":108.33,\"path\":null,\"url\":\"/uploads/large_bananas_foster_pancakes_df84246656_caa0b23483.jpg\"},\"medium\":{\"name\":\"medium_https://4d40-2a01-cb00-c8b-1800-7cbb-7da-ea9d-2011.ngrok.io/uploads/bananas_foster_pancakes_df84246656.jpg\",\"hash\":\"medium_bananas_foster_pancakes_df84246656_caa0b23483\",\"ext\":\".jpg\",\"mime\":\"image/jpeg\",\"width\":750,\"height\":500,\"size\":65.55,\"path\":null,\"url\":\"/uploads/medium_bananas_foster_pancakes_df84246656_caa0b23483.jpg\"},\"small\":{\"name\":\"small_https://4d40-2a01-cb00-c8b-1800-7cbb-7da-ea9d-2011.ngrok.io/uploads/bananas_foster_pancakes_df84246656.jpg\",\"hash\":\"small_bananas_foster_pancakes_df84246656_caa0b23483\",\"ext\":\".jpg\",\"mime\":\"image/jpeg\",\"width\":500,\"height\":333,\"size\":33.74,\"path\":null,\"url\":\"/uploads/small_bananas_foster_pancakes_df84246656_caa0b23483.jpg\"}}','bananas_foster_pancakes_df84246656_caa0b23483','.jpg','image/jpeg',233.91,'/uploads/bananas_foster_pancakes_df84246656_caa0b23483.jpg','','local','unknown_value_please_contact_support','2021-11-23','2021-11-23','','','',0),(122,'Sabor de la Vida Restaurant 3','Sabor de la Vida Restaurant','Sabor de la Vida Restaurant',824,549,'{\"thumbnail\":{\"name\":\"thumbnail_https://4d40-2a01-cb00-c8b-1800-7cbb-7da-ea9d-2011.ngrok.io/uploads/caption_a090b795a3.jpg\",\"hash\":\"thumbnail_caption_a090b795a3_f61cb1751e\",\"ext\":\".jpg\",\"mime\":\"image/jpeg\",\"width\":234,\"height\":156,\"size\":8.06,\"path\":null,\"url\":\"/uploads/thumbnail_caption_a090b795a3_f61cb1751e.jpg\"},\"medium\":{\"name\":\"medium_https://4d40-2a01-cb00-c8b-1800-7cbb-7da-ea9d-2011.ngrok.io/uploads/caption_a090b795a3.jpg\",\"hash\":\"medium_caption_a090b795a3_f61cb1751e\",\"ext\":\".jpg\",\"mime\":\"image/jpeg\",\"width\":750,\"height\":500,\"size\":64.77,\"path\":null,\"url\":\"/uploads/medium_caption_a090b795a3_f61cb1751e.jpg\"},\"small\":{\"name\":\"small_https://4d40-2a01-cb00-c8b-1800-7cbb-7da-ea9d-2011.ngrok.io/uploads/caption_a090b795a3.jpg\",\"hash\":\"small_caption_a090b795a3_f61cb1751e\",\"ext\":\".jpg\",\"mime\":\"image/jpeg\",\"width\":500,\"height\":333,\"size\":29.17,\"path\":null,\"url\":\"/uploads/small_caption_a090b795a3_f61cb1751e.jpg\"}}','caption_a090b795a3_f61cb1751e','.jpg','image/jpeg',53.18,'/uploads/caption_a090b795a3_f61cb1751e.jpg','','local','unknown_value_please_contact_support','2021-11-23','2021-11-23','','','',0),(123,'Sabor de la Vida Restaurant 2','Sabor de la Vida Restaurant','Sabor de la Vida Restaurant',1000,667,'{\"thumbnail\":{\"name\":\"thumbnail_https://4d40-2a01-cb00-c8b-1800-7cbb-7da-ea9d-2011.ngrok.io/uploads/sabor_de_la_vida_d742471e04.jpg\",\"hash\":\"thumbnail_sabor_de_la_vida_d742471e04_d753f8ec29\",\"ext\":\".jpg\",\"mime\":\"image/jpeg\",\"width\":234,\"height\":156,\"size\":7.97,\"path\":null,\"url\":\"/uploads/thumbnail_sabor_de_la_vida_d742471e04_d753f8ec29.jpg\"},\"medium\":{\"name\":\"medium_https://4d40-2a01-cb00-c8b-1800-7cbb-7da-ea9d-2011.ngrok.io/uploads/sabor_de_la_vida_d742471e04.jpg\",\"hash\":\"medium_sabor_de_la_vida_d742471e04_d753f8ec29\",\"ext\":\".jpg\",\"mime\":\"image/jpeg\",\"width\":750,\"height\":500,\"size\":50.41,\"path\":null,\"url\":\"/uploads/medium_sabor_de_la_vida_d742471e04_d753f8ec29.jpg\"},\"small\":{\"name\":\"small_https://4d40-2a01-cb00-c8b-1800-7cbb-7da-ea9d-2011.ngrok.io/uploads/sabor_de_la_vida_d742471e04.jpg\",\"hash\":\"small_sabor_de_la_vida_d742471e04_d753f8ec29\",\"ext\":\".jpg\",\"mime\":\"image/jpeg\",\"width\":500,\"height\":334,\"size\":25.77,\"path\":null,\"url\":\"/uploads/small_sabor_de_la_vida_d742471e04_d753f8ec29.jpg\"}}','sabor_de_la_vida_d742471e04_d753f8ec29','.jpg','image/jpeg',52.48,'/uploads/sabor_de_la_vida_d742471e04_d753f8ec29.jpg','','local','unknown_value_please_contact_support','2021-11-23','2021-11-23','','','',0),(124,'Sabor de la Vida Restaurant 5','Sabor de la Vida Restaurant','Sabor de la Vida Restaurant',1000,667,'{\"thumbnail\":{\"name\":\"thumbnail_https://4d40-2a01-cb00-c8b-1800-7cbb-7da-ea9d-2011.ngrok.io/uploads/sabor_de_la_vida_efbc473407.jpg\",\"hash\":\"thumbnail_sabor_de_la_vida_efbc473407_ea26d85392\",\"ext\":\".jpg\",\"mime\":\"image/jpeg\",\"width\":234,\"height\":156,\"size\":9.98,\"path\":null,\"url\":\"/uploads/thumbnail_sabor_de_la_vida_efbc473407_ea26d85392.jpg\"},\"medium\":{\"name\":\"medium_https://4d40-2a01-cb00-c8b-1800-7cbb-7da-ea9d-2011.ngrok.io/uploads/sabor_de_la_vida_efbc473407.jpg\",\"hash\":\"medium_sabor_de_la_vida_efbc473407_ea26d85392\",\"ext\":\".jpg\",\"mime\":\"image/jpeg\",\"width\":750,\"height\":500,\"size\":67.6,\"path\":null,\"url\":\"/uploads/medium_sabor_de_la_vida_efbc473407_ea26d85392.jpg\"},\"small\":{\"name\":\"small_https://4d40-2a01-cb00-c8b-1800-7cbb-7da-ea9d-2011.ngrok.io/uploads/sabor_de_la_vida_efbc473407.jpg\",\"hash\":\"small_sabor_de_la_vida_efbc473407_ea26d85392\",\"ext\":\".jpg\",\"mime\":\"image/jpeg\",\"width\":500,\"height\":334,\"size\":33.74,\"path\":null,\"url\":\"/uploads/small_sabor_de_la_vida_efbc473407_ea26d85392.jpg\"}}','sabor_de_la_vida_efbc473407_ea26d85392','.jpg','image/jpeg',74.39,'/uploads/sabor_de_la_vida_efbc473407_ea26d85392.jpg','','local','unknown_value_please_contact_support','2021-11-23','2021-11-23','','','',0),(125,'Sabor de la Vida Restaurant 4','Sabor de la Vida Restaurant','Sabor de la Vida Restaurant',1080,739,'{\"thumbnail\":{\"name\":\"thumbnail_https://4d40-2a01-cb00-c8b-1800-7cbb-7da-ea9d-2011.ngrok.io/uploads/sabor_de_la_vida_86fc27df2d.jpg\",\"hash\":\"thumbnail_sabor_de_la_vida_86fc27df2d_0c416ce5a4\",\"ext\":\".jpg\",\"mime\":\"image/jpeg\",\"width\":228,\"height\":156,\"size\":9.47,\"path\":null,\"url\":\"/uploads/thumbnail_sabor_de_la_vida_86fc27df2d_0c416ce5a4.jpg\"},\"large\":{\"name\":\"large_https://4d40-2a01-cb00-c8b-1800-7cbb-7da-ea9d-2011.ngrok.io/uploads/sabor_de_la_vida_86fc27df2d.jpg\",\"hash\":\"large_sabor_de_la_vida_86fc27df2d_0c416ce5a4\",\"ext\":\".jpg\",\"mime\":\"image/jpeg\",\"width\":1000,\"height\":684,\"size\":162.07,\"path\":null,\"url\":\"/uploads/large_sabor_de_la_vida_86fc27df2d_0c416ce5a4.jpg\"},\"medium\":{\"name\":\"medium_https://4d40-2a01-cb00-c8b-1800-7cbb-7da-ea9d-2011.ngrok.io/uploads/sabor_de_la_vida_86fc27df2d.jpg\",\"hash\":\"medium_sabor_de_la_vida_86fc27df2d_0c416ce5a4\",\"ext\":\".jpg\",\"mime\":\"image/jpeg\",\"width\":750,\"height\":513,\"size\":87.81,\"path\":null,\"url\":\"/uploads/medium_sabor_de_la_vida_86fc27df2d_0c416ce5a4.jpg\"},\"small\":{\"name\":\"small_https://4d40-2a01-cb00-c8b-1800-7cbb-7da-ea9d-2011.ngrok.io/uploads/sabor_de_la_vida_86fc27df2d.jpg\",\"hash\":\"small_sabor_de_la_vida_86fc27df2d_0c416ce5a4\",\"ext\":\".jpg\",\"mime\":\"image/jpeg\",\"width\":500,\"height\":342,\"size\":36.57,\"path\":null,\"url\":\"/uploads/small_sabor_de_la_vida_86fc27df2d_0c416ce5a4.jpg\"}}','sabor_de_la_vida_86fc27df2d_0c416ce5a4','.jpg','image/jpeg',123.53,'/uploads/sabor_de_la_vida_86fc27df2d_0c416ce5a4.jpg','','local','unknown_value_please_contact_support','2021-11-23','2021-11-23','','','',0),(126,'Sabor de la Vida Restaurant','Sabor de la Vida Restaurant','Sabor de la Vida Restaurant',2000,1125,'{\"thumbnail\":{\"name\":\"thumbnail_https://4d40-2a01-cb00-c8b-1800-7cbb-7da-ea9d-2011.ngrok.io/uploads/1905_a7de48ffd5.jpg\",\"hash\":\"thumbnail_1905_a7de48ffd5_7b95189d7d\",\"ext\":\".jpg\",\"mime\":\"image/jpeg\",\"width\":245,\"height\":138,\"size\":11.95,\"path\":null,\"url\":\"/uploads/thumbnail_1905_a7de48ffd5_7b95189d7d.jpg\"},\"large\":{\"name\":\"large_https://4d40-2a01-cb00-c8b-1800-7cbb-7da-ea9d-2011.ngrok.io/uploads/1905_a7de48ffd5.jpg\",\"hash\":\"large_1905_a7de48ffd5_7b95189d7d\",\"ext\":\".jpg\",\"mime\":\"image/jpeg\",\"width\":1000,\"height\":563,\"size\":144.8,\"path\":null,\"url\":\"/uploads/large_1905_a7de48ffd5_7b95189d7d.jpg\"},\"medium\":{\"name\":\"medium_https://4d40-2a01-cb00-c8b-1800-7cbb-7da-ea9d-2011.ngrok.io/uploads/1905_a7de48ffd5.jpg\",\"hash\":\"medium_1905_a7de48ffd5_7b95189d7d\",\"ext\":\".jpg\",\"mime\":\"image/jpeg\",\"width\":750,\"height\":422,\"size\":84.89,\"path\":null,\"url\":\"/uploads/medium_1905_a7de48ffd5_7b95189d7d.jpg\"},\"small\":{\"name\":\"small_https://4d40-2a01-cb00-c8b-1800-7cbb-7da-ea9d-2011.ngrok.io/uploads/1905_a7de48ffd5.jpg\",\"hash\":\"small_1905_a7de48ffd5_7b95189d7d\",\"ext\":\".jpg\",\"mime\":\"image/jpeg\",\"width\":500,\"height\":281,\"size\":41.95,\"path\":null,\"url\":\"/uploads/small_1905_a7de48ffd5_7b95189d7d.jpg\"}}','1905_a7de48ffd5_7b95189d7d','.jpg','image/jpeg',361.76,'/uploads/1905_a7de48ffd5_7b95189d7d.jpg','','local','unknown_value_please_contact_support','2021-11-23','2021-11-23','','','',0),(127,'FoodAdvisor v2','FoodAdvisor v2','FoodAdvisor v2',1406,803,'{\"thumbnail\":{\"name\":\"thumbnail_https://4d40-2a01-cb00-c8b-1800-7cbb-7da-ea9d-2011.ngrok.io/uploads/foodadvisor_158b3a6777.png\",\"hash\":\"thumbnail_foodadvisor_158b3a6777_a79b302adf\",\"ext\":\".png\",\"mime\":\"image/png\",\"width\":245,\"height\":140,\"size\":20.86,\"path\":null,\"url\":\"/uploads/thumbnail_foodadvisor_158b3a6777_a79b302adf.png\"},\"large\":{\"name\":\"large_https://4d40-2a01-cb00-c8b-1800-7cbb-7da-ea9d-2011.ngrok.io/uploads/foodadvisor_158b3a6777.png\",\"hash\":\"large_foodadvisor_158b3a6777_a79b302adf\",\"ext\":\".png\",\"mime\":\"image/png\",\"width\":1000,\"height\":571,\"size\":250.61,\"path\":null,\"url\":\"/uploads/large_foodadvisor_158b3a6777_a79b302adf.png\"},\"medium\":{\"name\":\"medium_https://4d40-2a01-cb00-c8b-1800-7cbb-7da-ea9d-2011.ngrok.io/uploads/foodadvisor_158b3a6777.png\",\"hash\":\"medium_foodadvisor_158b3a6777_a79b302adf\",\"ext\":\".png\",\"mime\":\"image/png\",\"width\":750,\"height\":428,\"size\":148.8,\"path\":null,\"url\":\"/uploads/medium_foodadvisor_158b3a6777_a79b302adf.png\"},\"small\":{\"name\":\"small_https://4d40-2a01-cb00-c8b-1800-7cbb-7da-ea9d-2011.ngrok.io/uploads/foodadvisor_158b3a6777.png\",\"hash\":\"small_foodadvisor_158b3a6777_a79b302adf\",\"ext\":\".png\",\"mime\":\"image/png\",\"width\":500,\"height\":286,\"size\":72.08,\"path\":null,\"url\":\"/uploads/small_foodadvisor_158b3a6777_a79b302adf.png\"}}','foodadvisor_158b3a6777_a79b302adf','.png','image/png',305.68,'/uploads/foodadvisor_158b3a6777_a79b302adf.png','','local','unknown_value_please_contact_support','2021-11-23','2021-11-23','','','',0),(128,'Homepage 2','Homepage','Homepage',3456,5184,'{\"thumbnail\":{\"name\":\"thumbnail_https://4d40-2a01-cb00-c8b-1800-7cbb-7da-ea9d-2011.ngrok.io/uploads/ian_dooley_TLD_6i_C_Olyb0_unsplash_f96591781b.jpg\",\"hash\":\"thumbnail_ian_dooley_TLD_6i_C_Olyb0_unsplash_f96591781b_f9ae444a97\",\"ext\":\".jpg\",\"mime\":\"image/jpeg\",\"width\":104,\"height\":156,\"size\":2.96,\"path\":null,\"url\":\"/uploads/thumbnail_ian_dooley_TLD_6i_C_Olyb0_unsplash_f96591781b_f9ae444a97.jpg\"},\"large\":{\"name\":\"large_https://4d40-2a01-cb00-c8b-1800-7cbb-7da-ea9d-2011.ngrok.io/uploads/ian_dooley_TLD_6i_C_Olyb0_unsplash_f96591781b.jpg\",\"hash\":\"large_ian_dooley_TLD_6i_C_Olyb0_unsplash_f96591781b_f9ae444a97\",\"ext\":\".jpg\",\"mime\":\"image/jpeg\",\"width\":667,\"height\":1000,\"size\":40.99,\"path\":null,\"url\":\"/uploads/large_ian_dooley_TLD_6i_C_Olyb0_unsplash_f96591781b_f9ae444a97.jpg\"},\"medium\":{\"name\":\"medium_https://4d40-2a01-cb00-c8b-1800-7cbb-7da-ea9d-2011.ngrok.io/uploads/ian_dooley_TLD_6i_C_Olyb0_unsplash_f96591781b.jpg\",\"hash\":\"medium_ian_dooley_TLD_6i_C_Olyb0_unsplash_f96591781b_f9ae444a97\",\"ext\":\".jpg\",\"mime\":\"image/jpeg\",\"width\":500,\"height\":750,\"size\":26.44,\"path\":null,\"url\":\"/uploads/medium_ian_dooley_TLD_6i_C_Olyb0_unsplash_f96591781b_f9ae444a97.jpg\"},\"small\":{\"name\":\"small_https://4d40-2a01-cb00-c8b-1800-7cbb-7da-ea9d-2011.ngrok.io/uploads/ian_dooley_TLD_6i_C_Olyb0_unsplash_f96591781b.jpg\",\"hash\":\"small_ian_dooley_TLD_6i_C_Olyb0_unsplash_f96591781b_f9ae444a97\",\"ext\":\".jpg\",\"mime\":\"image/jpeg\",\"width\":333,\"height\":500,\"size\":14.4,\"path\":null,\"url\":\"/uploads/small_ian_dooley_TLD_6i_C_Olyb0_unsplash_f96591781b_f9ae444a97.jpg\"}}','ian_dooley_TLD_6i_C_Olyb0_unsplash_f96591781b_f9ae444a97','.jpg','image/jpeg',437.24,'/uploads/ian_dooley_TLD_6i_C_Olyb0_unsplash_f96591781b_f9ae444a97.jpg','','local','unknown_value_please_contact_support','2021-11-23','2021-11-23','','','',0),(129,'Homepage 4','Homepage','Homepage',4032,3024,'{\"thumbnail\":{\"name\":\"thumbnail_https://4d40-2a01-cb00-c8b-1800-7cbb-7da-ea9d-2011.ngrok.io/uploads/dan_gold_E6_Hj_Qa_B7_UEA_unsplash_1_a672ce295f.jpg\",\"hash\":\"thumbnail_dan_gold_E6_Hj_Qa_B7_UEA_unsplash_1_a672ce295f_1c910d5587\",\"ext\":\".jpg\",\"mime\":\"image/jpeg\",\"width\":208,\"height\":156,\"size\":12.25,\"path\":null,\"url\":\"/uploads/thumbnail_dan_gold_E6_Hj_Qa_B7_UEA_unsplash_1_a672ce295f_1c910d5587.jpg\"},\"large\":{\"name\":\"large_https://4d40-2a01-cb00-c8b-1800-7cbb-7da-ea9d-2011.ngrok.io/uploads/dan_gold_E6_Hj_Qa_B7_UEA_unsplash_1_a672ce295f.jpg\",\"hash\":\"large_dan_gold_E6_Hj_Qa_B7_UEA_unsplash_1_a672ce295f_1c910d5587\",\"ext\":\".jpg\",\"mime\":\"image/jpeg\",\"width\":1000,\"height\":750,\"size\":163.09,\"path\":null,\"url\":\"/uploads/large_dan_gold_E6_Hj_Qa_B7_UEA_unsplash_1_a672ce295f_1c910d5587.jpg\"},\"medium\":{\"name\":\"medium_https://4d40-2a01-cb00-c8b-1800-7cbb-7da-ea9d-2011.ngrok.io/uploads/dan_gold_E6_Hj_Qa_B7_UEA_unsplash_1_a672ce295f.jpg\",\"hash\":\"medium_dan_gold_E6_Hj_Qa_B7_UEA_unsplash_1_a672ce295f_1c910d5587\",\"ext\":\".jpg\",\"mime\":\"image/jpeg\",\"width\":750,\"height\":563,\"size\":100,\"path\":null,\"url\":\"/uploads/medium_dan_gold_E6_Hj_Qa_B7_UEA_unsplash_1_a672ce295f_1c910d5587.jpg\"},\"small\":{\"name\":\"small_https://4d40-2a01-cb00-c8b-1800-7cbb-7da-ea9d-2011.ngrok.io/uploads/dan_gold_E6_Hj_Qa_B7_UEA_unsplash_1_a672ce295f.jpg\",\"hash\":\"small_dan_gold_E6_Hj_Qa_B7_UEA_unsplash_1_a672ce295f_1c910d5587\",\"ext\":\".jpg\",\"mime\":\"image/jpeg\",\"width\":500,\"height\":375,\"size\":49.47,\"path\":null,\"url\":\"/uploads/small_dan_gold_E6_Hj_Qa_B7_UEA_unsplash_1_a672ce295f_1c910d5587.jpg\"}}','dan_gold_E6_Hj_Qa_B7_UEA_unsplash_1_a672ce295f_1c910d5587','.jpg','image/jpeg',1554.86,'/uploads/dan_gold_E6_Hj_Qa_B7_UEA_unsplash_1_a672ce295f_1c910d5587.jpg','','local','unknown_value_please_contact_support','2021-11-23','2022-11-14','','1','',0),(130,'Homepage','Homepage','Homepage',5576,3717,'{\"thumbnail\":{\"name\":\"thumbnail_https://4d40-2a01-cb00-c8b-1800-7cbb-7da-ea9d-2011.ngrok.io/uploads/brooke_lark_W9_O_Krx_Bqi_ZA_unsplash_1_1504e304f1.jpg\",\"hash\":\"thumbnail_brooke_lark_W9_O_Krx_Bqi_ZA_unsplash_1_1504e304f1_c2def7e7b7\",\"ext\":\".jpg\",\"mime\":\"image/jpeg\",\"width\":234,\"height\":156,\"size\":10.28,\"path\":null,\"url\":\"/uploads/thumbnail_brooke_lark_W9_O_Krx_Bqi_ZA_unsplash_1_1504e304f1_c2def7e7b7.jpg\"},\"large\":{\"name\":\"large_https://4d40-2a01-cb00-c8b-1800-7cbb-7da-ea9d-2011.ngrok.io/uploads/brooke_lark_W9_O_Krx_Bqi_ZA_unsplash_1_1504e304f1.jpg\",\"hash\":\"large_brooke_lark_W9_O_Krx_Bqi_ZA_unsplash_1_1504e304f1_c2def7e7b7\",\"ext\":\".jpg\",\"mime\":\"image/jpeg\",\"width\":1000,\"height\":667,\"size\":122.82,\"path\":null,\"url\":\"/uploads/large_brooke_lark_W9_O_Krx_Bqi_ZA_unsplash_1_1504e304f1_c2def7e7b7.jpg\"},\"medium\":{\"name\":\"medium_https://4d40-2a01-cb00-c8b-1800-7cbb-7da-ea9d-2011.ngrok.io/uploads/brooke_lark_W9_O_Krx_Bqi_ZA_unsplash_1_1504e304f1.jpg\",\"hash\":\"medium_brooke_lark_W9_O_Krx_Bqi_ZA_unsplash_1_1504e304f1_c2def7e7b7\",\"ext\":\".jpg\",\"mime\":\"image/jpeg\",\"width\":750,\"height\":500,\"size\":74.32,\"path\":null,\"url\":\"/uploads/medium_brooke_lark_W9_O_Krx_Bqi_ZA_unsplash_1_1504e304f1_c2def7e7b7.jpg\"},\"small\":{\"name\":\"small_https://4d40-2a01-cb00-c8b-1800-7cbb-7da-ea9d-2011.ngrok.io/uploads/brooke_lark_W9_O_Krx_Bqi_ZA_unsplash_1_1504e304f1.jpg\",\"hash\":\"small_brooke_lark_W9_O_Krx_Bqi_ZA_unsplash_1_1504e304f1_c2def7e7b7\",\"ext\":\".jpg\",\"mime\":\"image/jpeg\",\"width\":500,\"height\":333,\"size\":36.13,\"path\":null,\"url\":\"/uploads/small_brooke_lark_W9_O_Krx_Bqi_ZA_unsplash_1_1504e304f1_c2def7e7b7.jpg\"}}','brooke_lark_W9_O_Krx_Bqi_ZA_unsplash_1_1504e304f1_c2def7e7b7','.jpg','image/jpeg',1355.32,'/uploads/brooke_lark_W9_O_Krx_Bqi_ZA_unsplash_1_1504e304f1_c2def7e7b7.jpg','','local','unknown_value_please_contact_support','2021-11-23','2022-11-14','','1','',0),(131,'Homepage 3','Homepage','Homepage',3840,5711,'{\"thumbnail\":{\"name\":\"thumbnail_https://4d40-2a01-cb00-c8b-1800-7cbb-7da-ea9d-2011.ngrok.io/uploads/brooke_lark_F_5g8_EEHYE_unsplash_7ebe387c45.jpg\",\"hash\":\"thumbnail_brooke_lark_F_5g8_EEHYE_unsplash_7ebe387c45_42a0e0cc19\",\"ext\":\".jpg\",\"mime\":\"image/jpeg\",\"width\":105,\"height\":156,\"size\":5.2,\"path\":null,\"url\":\"/uploads/thumbnail_brooke_lark_F_5g8_EEHYE_unsplash_7ebe387c45_42a0e0cc19.jpg\"},\"large\":{\"name\":\"large_https://4d40-2a01-cb00-c8b-1800-7cbb-7da-ea9d-2011.ngrok.io/uploads/brooke_lark_F_5g8_EEHYE_unsplash_7ebe387c45.jpg\",\"hash\":\"large_brooke_lark_F_5g8_EEHYE_unsplash_7ebe387c45_42a0e0cc19\",\"ext\":\".jpg\",\"mime\":\"image/jpeg\",\"width\":672,\"height\":1000,\"size\":99.41,\"path\":null,\"url\":\"/uploads/large_brooke_lark_F_5g8_EEHYE_unsplash_7ebe387c45_42a0e0cc19.jpg\"},\"medium\":{\"name\":\"medium_https://4d40-2a01-cb00-c8b-1800-7cbb-7da-ea9d-2011.ngrok.io/uploads/brooke_lark_F_5g8_EEHYE_unsplash_7ebe387c45.jpg\",\"hash\":\"medium_brooke_lark_F_5g8_EEHYE_unsplash_7ebe387c45_42a0e0cc19\",\"ext\":\".jpg\",\"mime\":\"image/jpeg\",\"width\":504,\"height\":750,\"size\":61.8,\"path\":null,\"url\":\"/uploads/medium_brooke_lark_F_5g8_EEHYE_unsplash_7ebe387c45_42a0e0cc19.jpg\"},\"small\":{\"name\":\"small_https://4d40-2a01-cb00-c8b-1800-7cbb-7da-ea9d-2011.ngrok.io/uploads/brooke_lark_F_5g8_EEHYE_unsplash_7ebe387c45.jpg\",\"hash\":\"small_brooke_lark_F_5g8_EEHYE_unsplash_7ebe387c45_42a0e0cc19\",\"ext\":\".jpg\",\"mime\":\"image/jpeg\",\"width\":336,\"height\":500,\"size\":31.67,\"path\":null,\"url\":\"/uploads/small_brooke_lark_F_5g8_EEHYE_unsplash_7ebe387c45_42a0e0cc19.jpg\"}}','brooke_lark_F_5g8_EEHYE_unsplash_7ebe387c45_42a0e0cc19','.jpg','image/jpeg',1932.86,'/uploads/brooke_lark_F_5g8_EEHYE_unsplash_7ebe387c45_42a0e0cc19.jpg','','local','unknown_value_please_contact_support','2021-11-23','2021-11-23','','','',0),(132,'RBAC','RBAC','RBAC',512,512,'{\"thumbnail\":{\"name\":\"thumbnail_https://4d40-2a01-cb00-c8b-1800-7cbb-7da-ea9d-2011.ngrok.io/uploads/french_fries_560b64c2b5.png\",\"hash\":\"thumbnail_french_fries_560b64c2b5_b60e145adf\",\"ext\":\".png\",\"mime\":\"image/png\",\"width\":156,\"height\":156,\"size\":15.77,\"path\":null,\"url\":\"/uploads/thumbnail_french_fries_560b64c2b5_b60e145adf.png\"},\"small\":{\"name\":\"small_https://4d40-2a01-cb00-c8b-1800-7cbb-7da-ea9d-2011.ngrok.io/uploads/french_fries_560b64c2b5.png\",\"hash\":\"small_french_fries_560b64c2b5_b60e145adf\",\"ext\":\".png\",\"mime\":\"image/png\",\"width\":500,\"height\":500,\"size\":70.8,\"path\":null,\"url\":\"/uploads/small_french_fries_560b64c2b5_b60e145adf.png\"}}','french_fries_560b64c2b5_b60e145adf','.png','image/png',32.41,'/uploads/french_fries_560b64c2b5_b60e145adf.png','','local','unknown_value_please_contact_support','2021-11-23','2021-11-23','','','/1',0),(133,'Components','Components','Components',512,512,'{\"thumbnail\":{\"name\":\"thumbnail_https://4d40-2a01-cb00-c8b-1800-7cbb-7da-ea9d-2011.ngrok.io/uploads/sushi_40e626a285.png\",\"hash\":\"thumbnail_sushi_40e626a285_6200fff6e0\",\"ext\":\".png\",\"mime\":\"image/png\",\"width\":156,\"height\":156,\"size\":20.02,\"path\":null,\"url\":\"/uploads/thumbnail_sushi_40e626a285_6200fff6e0.png\"},\"small\":{\"name\":\"small_https://4d40-2a01-cb00-c8b-1800-7cbb-7da-ea9d-2011.ngrok.io/uploads/sushi_40e626a285.png\",\"hash\":\"small_sushi_40e626a285_6200fff6e0\",\"ext\":\".png\",\"mime\":\"image/png\",\"width\":500,\"height\":500,\"size\":91.55,\"path\":null,\"url\":\"/uploads/small_sushi_40e626a285_6200fff6e0.png\"}}','sushi_40e626a285_6200fff6e0','.png','image/png',43.60,'/uploads/sushi_40e626a285_6200fff6e0.png','','local','unknown_value_please_contact_support','2021-11-23','2021-11-23','','','/1',0),(134,'Dynamic Zones','Dynamic Zones','Dynamic Zones',512,512,'{\"thumbnail\":{\"name\":\"thumbnail_https://4d40-2a01-cb00-c8b-1800-7cbb-7da-ea9d-2011.ngrok.io/uploads/pizza_e2d28956e9.png\",\"hash\":\"thumbnail_pizza_e2d28956e9_5900fc692c\",\"ext\":\".png\",\"mime\":\"image/png\",\"width\":156,\"height\":156,\"size\":29.88,\"path\":null,\"url\":\"/uploads/thumbnail_pizza_e2d28956e9_5900fc692c.png\"},\"small\":{\"name\":\"small_https://4d40-2a01-cb00-c8b-1800-7cbb-7da-ea9d-2011.ngrok.io/uploads/pizza_e2d28956e9.png\",\"hash\":\"small_pizza_e2d28956e9_5900fc692c\",\"ext\":\".png\",\"mime\":\"image/png\",\"width\":500,\"height\":500,\"size\":156,\"path\":null,\"url\":\"/uploads/small_pizza_e2d28956e9_5900fc692c.png\"}}','pizza_e2d28956e9_5900fc692c','.png','image/png',75.19,'/uploads/pizza_e2d28956e9_5900fc692c.png','','local','unknown_value_please_contact_support','2021-11-23','2021-11-23','','','/1',0),(135,'Draft & Publish','Draft & Publish','Draft & Publish',512,512,'{\"thumbnail\":{\"name\":\"thumbnail_https://4d40-2a01-cb00-c8b-1800-7cbb-7da-ea9d-2011.ngrok.io/uploads/noodles_e3622f4606.png\",\"hash\":\"thumbnail_noodles_e3622f4606_51cf021843\",\"ext\":\".png\",\"mime\":\"image/png\",\"width\":156,\"height\":156,\"size\":24.07,\"path\":null,\"url\":\"/uploads/thumbnail_noodles_e3622f4606_51cf021843.png\"},\"small\":{\"name\":\"small_https://4d40-2a01-cb00-c8b-1800-7cbb-7da-ea9d-2011.ngrok.io/uploads/noodles_e3622f4606.png\",\"hash\":\"small_noodles_e3622f4606_51cf021843\",\"ext\":\".png\",\"mime\":\"image/png\",\"width\":500,\"height\":500,\"size\":119.55,\"path\":null,\"url\":\"/uploads/small_noodles_e3622f4606_51cf021843.png\"}}','noodles_e3622f4606_51cf021843','.png','image/png',55.11,'/uploads/noodles_e3622f4606_51cf021843.png','','local','unknown_value_please_contact_support','2021-11-23','2021-11-23','','','/1',0),(136,'i18n','i18n','i18n',512,512,'{\"thumbnail\":{\"name\":\"thumbnail_https://4d40-2a01-cb00-c8b-1800-7cbb-7da-ea9d-2011.ngrok.io/uploads/ice_cream_0eb80f7788.png\",\"hash\":\"thumbnail_ice_cream_0eb80f7788_90176449a5\",\"ext\":\".png\",\"mime\":\"image/png\",\"width\":156,\"height\":156,\"size\":18.74,\"path\":null,\"url\":\"/uploads/thumbnail_ice_cream_0eb80f7788_90176449a5.png\"},\"small\":{\"name\":\"small_https://4d40-2a01-cb00-c8b-1800-7cbb-7da-ea9d-2011.ngrok.io/uploads/ice_cream_0eb80f7788.png\",\"hash\":\"small_ice_cream_0eb80f7788_90176449a5\",\"ext\":\".png\",\"mime\":\"image/png\",\"width\":500,\"height\":500,\"size\":86.83,\"path\":null,\"url\":\"/uploads/small_ice_cream_0eb80f7788_90176449a5.png\"}}','ice_cream_0eb80f7788_90176449a5','.png','image/png',44.99,'/uploads/ice_cream_0eb80f7788_90176449a5.png','','local','unknown_value_please_contact_support','2021-11-23','2021-11-23','','','/1',0),(137,'Pancakes','Pancakes','Pancakes',4160,5027,'{\"thumbnail\":{\"name\":\"thumbnail_https://4d40-2a01-cb00-c8b-1800-7cbb-7da-ea9d-2011.ngrok.io/uploads/chad_montano_eeqbbem_H9_c_unsplash_1_c77706b1d7.jpg\",\"hash\":\"thumbnail_chad_montano_eeqbbem_H9_c_unsplash_1_c77706b1d7_6a596f0880\",\"ext\":\".jpg\",\"mime\":\"image/jpeg\",\"width\":129,\"height\":156,\"size\":4.74,\"path\":null,\"url\":\"/uploads/thumbnail_chad_montano_eeqbbem_H9_c_unsplash_1_c77706b1d7_6a596f0880.jpg\"},\"large\":{\"name\":\"large_https://4d40-2a01-cb00-c8b-1800-7cbb-7da-ea9d-2011.ngrok.io/uploads/chad_montano_eeqbbem_H9_c_unsplash_1_c77706b1d7.jpg\",\"hash\":\"large_chad_montano_eeqbbem_H9_c_unsplash_1_c77706b1d7_6a596f0880\",\"ext\":\".jpg\",\"mime\":\"image/jpeg\",\"width\":828,\"height\":1000,\"size\":76.8,\"path\":null,\"url\":\"/uploads/large_chad_montano_eeqbbem_H9_c_unsplash_1_c77706b1d7_6a596f0880.jpg\"},\"medium\":{\"name\":\"medium_https://4d40-2a01-cb00-c8b-1800-7cbb-7da-ea9d-2011.ngrok.io/uploads/chad_montano_eeqbbem_H9_c_unsplash_1_c77706b1d7.jpg\",\"hash\":\"medium_chad_montano_eeqbbem_H9_c_unsplash_1_c77706b1d7_6a596f0880\",\"ext\":\".jpg\",\"mime\":\"image/jpeg\",\"width\":621,\"height\":750,\"size\":48.01,\"path\":null,\"url\":\"/uploads/medium_chad_montano_eeqbbem_H9_c_unsplash_1_c77706b1d7_6a596f0880.jpg\"},\"small\":{\"name\":\"small_https://4d40-2a01-cb00-c8b-1800-7cbb-7da-ea9d-2011.ngrok.io/uploads/chad_montano_eeqbbem_H9_c_unsplash_1_c77706b1d7.jpg\",\"hash\":\"small_chad_montano_eeqbbem_H9_c_unsplash_1_c77706b1d7_6a596f0880\",\"ext\":\".jpg\",\"mime\":\"image/jpeg\",\"width\":414,\"height\":500,\"size\":25.49,\"path\":null,\"url\":\"/uploads/small_chad_montano_eeqbbem_H9_c_unsplash_1_c77706b1d7_6a596f0880.jpg\"}}','chad_montano_eeqbbem_H9_c_unsplash_1_c77706b1d7_6a596f0880','.jpg','image/jpeg',924.08,'/uploads/chad_montano_eeqbbem_H9_c_unsplash_1_c77706b1d7_6a596f0880.jpg','','local','unknown_value_please_contact_support','2021-11-23','2021-11-23','','','',0),(138,'Cherry cake','Cherry cake','Cherry cake',1600,2000,'{\"thumbnail\":{\"name\":\"thumbnail_https://4d40-2a01-cb00-c8b-1800-7cbb-7da-ea9d-2011.ngrok.io/uploads/food_photographer_jennifer_pallian_8_Jg4_U4x_Hu_o_unsplash_1_6990038975.jpg\",\"hash\":\"thumbnail_food_photographer_jennifer_pallian_8_Jg4_U4x_Hu_o_unsplash_1_6990038975_0acb909ade\",\"ext\":\".jpg\",\"mime\":\"image/jpeg\",\"width\":125,\"height\":156,\"size\":6.92,\"path\":null,\"url\":\"/uploads/thumbnail_food_photographer_jennifer_pallian_8_Jg4_U4x_Hu_o_unsplash_1_6990038975_0acb909ade.jpg\"},\"large\":{\"name\":\"large_https://4d40-2a01-cb00-c8b-1800-7cbb-7da-ea9d-2011.ngrok.io/uploads/food_photographer_jennifer_pallian_8_Jg4_U4x_Hu_o_unsplash_1_6990038975.jpg\",\"hash\":\"large_food_photographer_jennifer_pallian_8_Jg4_U4x_Hu_o_unsplash_1_6990038975_0acb909ade\",\"ext\":\".jpg\",\"mime\":\"image/jpeg\",\"width\":800,\"height\":1000,\"size\":123.99,\"path\":null,\"url\":\"/uploads/large_food_photographer_jennifer_pallian_8_Jg4_U4x_Hu_o_unsplash_1_6990038975_0acb909ade.jpg\"},\"medium\":{\"name\":\"medium_https://4d40-2a01-cb00-c8b-1800-7cbb-7da-ea9d-2011.ngrok.io/uploads/food_photographer_jennifer_pallian_8_Jg4_U4x_Hu_o_unsplash_1_6990038975.jpg\",\"hash\":\"medium_food_photographer_jennifer_pallian_8_Jg4_U4x_Hu_o_unsplash_1_6990038975_0acb909ade\",\"ext\":\".jpg\",\"mime\":\"image/jpeg\",\"width\":600,\"height\":750,\"size\":78.37,\"path\":null,\"url\":\"/uploads/medium_food_photographer_jennifer_pallian_8_Jg4_U4x_Hu_o_unsplash_1_6990038975_0acb909ade.jpg\"},\"small\":{\"name\":\"small_https://4d40-2a01-cb00-c8b-1800-7cbb-7da-ea9d-2011.ngrok.io/uploads/food_photographer_jennifer_pallian_8_Jg4_U4x_Hu_o_unsplash_1_6990038975.jpg\",\"hash\":\"small_food_photographer_jennifer_pallian_8_Jg4_U4x_Hu_o_unsplash_1_6990038975_0acb909ade\",\"ext\":\".jpg\",\"mime\":\"image/jpeg\",\"width\":400,\"height\":500,\"size\":41.47,\"path\":null,\"url\":\"/uploads/small_food_photographer_jennifer_pallian_8_Jg4_U4x_Hu_o_unsplash_1_6990038975_0acb909ade.jpg\"}}','food_photographer_jennifer_pallian_8_Jg4_U4x_Hu_o_unsplash_1_6990038975_0acb909ade','.jpg','image/jpeg',225.53,'/uploads/food_photographer_jennifer_pallian_8_Jg4_U4x_Hu_o_unsplash_1_6990038975_0acb909ade.jpg','','local','unknown_value_please_contact_support','2021-11-23','2021-11-23','','','',0),(139,'fe006ed91f619568081af52979b77af3.jpeg','fe006ed91f619568081af52979b77af3.jpeg','fe006ed91f619568081af52979b77af3.jpeg',600,399,'{\"thumbnail\":{\"name\":\"thumbnail_fe006ed91f619568081af52979b77af3.jpeg\",\"hash\":\"thumbnail_fe006ed91f619568081af52979b77af3_52cac17456\",\"ext\":\".jpeg\",\"mime\":\"image/jpeg\",\"path\":null,\"width\":235,\"height\":156,\"size\":10.95,\"url\":\"/uploads/thumbnail_fe006ed91f619568081af52979b77af3_52cac17456.jpeg\"},\"small\":{\"name\":\"small_fe006ed91f619568081af52979b77af3.jpeg\",\"hash\":\"small_fe006ed91f619568081af52979b77af3_52cac17456\",\"ext\":\".jpeg\",\"mime\":\"image/jpeg\",\"path\":null,\"width\":500,\"height\":333,\"size\":36.41,\"url\":\"/uploads/small_fe006ed91f619568081af52979b77af3_52cac17456.jpeg\"}}','fe006ed91f619568081af52979b77af3_52cac17456','.jpeg','image/jpeg',45.47,'/uploads/fe006ed91f619568081af52979b77af3_52cac17456.jpeg','','local','unknown_value_please_contact_support','2022-11-16','2022-11-16','1','1','/',0);
/*!40000 ALTER TABLE `files` ENABLE KEYS */;
UNLOCK TABLES;

--
-- Table structure for table `files_folder_links`
--

DROP TABLE IF EXISTS `files_folder_links`;
/*!40101 SET @saved_cs_client     = @@character_set_client */;
/*!40101 SET character_set_client = utf8 */;
CREATE TABLE `files_folder_links` (
  `file_id` smallint(6) DEFAULT NULL,
  `folder_id` tinyint(4) DEFAULT NULL,
  `id` tinyint(4) DEFAULT NULL,
  `file_order` varchar(0) DEFAULT NULL
) ENGINE=InnoDB DEFAULT CHARSET=utf8mb4;
/*!40101 SET character_set_client = @saved_cs_client */;

--
-- Dumping data for table `files_folder_links`
--

LOCK TABLES `files_folder_links` WRITE;
/*!40000 ALTER TABLE `files_folder_links` DISABLE KEYS */;
INSERT INTO `files_folder_links` VALUES (132,1,1,''),(133,1,2,''),(134,1,3,''),(135,1,4,''),(136,1,5,'');
/*!40000 ALTER TABLE `files_folder_links` ENABLE KEYS */;
UNLOCK TABLES;

--
-- Table structure for table `files_related_morphs`
--

DROP TABLE IF EXISTS `files_related_morphs`;
/*!40101 SET @saved_cs_client     = @@character_set_client */;
/*!40101 SET character_set_client = utf8 */;
CREATE TABLE `files_related_morphs` (
  `file_id` smallint(6) DEFAULT NULL,
  `related_id` smallint(6) DEFAULT NULL,
  `related_type` varchar(30) DEFAULT NULL,
  `field` varchar(9) DEFAULT NULL,
  `order` tinyint(4) DEFAULT NULL,
  `id` smallint(6) DEFAULT NULL
) ENGINE=InnoDB DEFAULT CHARSET=utf8mb4;
/*!40101 SET character_set_client = @saved_cs_client */;

--
-- Dumping data for table `files_related_morphs`
--

LOCK TABLES `files_related_morphs` WRITE;
/*!40000 ALTER TABLE `files_related_morphs` DISABLE KEYS */;
INSERT INTO `files_related_morphs` VALUES (17,11,'plugin::users-permissions.user','picture',1,1),(18,16,'plugin::users-permissions.user','picture',1,2),(19,18,'plugin::users-permissions.user','picture',1,3),(20,20,'plugin::users-permissions.user','picture',1,4),(21,17,'plugin::users-permissions.user','picture',1,5),(22,15,'plugin::users-permissions.user','picture',1,6),(23,5,'plugin::users-permissions.user','picture',1,7),(24,9,'plugin::users-permissions.user','picture',1,8),(25,6,'plugin::users-permissions.user','picture',1,9),(26,14,'plugin::users-permissions.user','picture',1,10),(27,4,'plugin::users-permissions.user','picture',1,11),(28,1,'plugin::users-permissions.user','picture',1,12),(29,12,'plugin::users-permissions.user','picture',1,13),(30,13,'plugin::users-permissions.user','picture',1,14),(31,8,'plugin::users-permissions.user','picture',1,15),(32,10,'plugin::users-permissions.user','picture',1,16),(33,3,'plugin::users-permissions.user','picture',1,17),(34,19,'plugin::users-permissions.user','picture',1,18),(35,2,'plugin::users-permissions.user','picture',1,19),(36,7,'plugin::users-permissions.user','picture',1,20),(46,37,'shared.seo','metaImage',1,21),(51,48,'shared.seo','metaImage',1,22),(51,49,'shared.seo','metaImage',1,23),(54,36,'shared.seo','metaImage',1,24),(54,50,'shared.seo','metaImage',1,25),(60,40,'shared.seo','metaImage',1,26),(60,51,'shared.seo','metaImage',1,27),(63,38,'shared.seo','metaImage',1,28),(63,52,'shared.seo','metaImage',1,29),(63,8,'api::restaurant.restaurant','images',1,30),(62,8,'api::restaurant.restaurant','images',2,31),(64,8,'api::restaurant.restaurant','images',3,32),(66,8,'api::restaurant.restaurant','images',4,33),(65,8,'api::restaurant.restaurant','images',5,34),(70,43,'shared.seo','metaImage',1,35),(70,53,'shared.seo','metaImage',1,36),(72,46,'shared.seo','metaImage',1,37),(72,72,'shared.seo','metaImage',1,38),(72,16,'api::restaurant.restaurant','images',1,39),(74,16,'api::restaurant.restaurant','images',2,40),(75,16,'api::restaurant.restaurant','images',3,41),(76,16,'api::restaurant.restaurant','images',4,42),(73,16,'api::restaurant.restaurant','images',5,43),(77,31,'shared.seo','metaImage',1,44),(77,73,'shared.seo','metaImage',1,45),(85,42,'shared.seo','metaImage',1,46),(85,74,'shared.seo','metaImage',1,47),(85,12,'api::restaurant.restaurant','images',1,48),(83,12,'api::restaurant.restaurant','images',2,49),(82,12,'api::restaurant.restaurant','images',3,50),(84,12,'api::restaurant.restaurant','images',4,51),(86,12,'api::restaurant.restaurant','images',5,52),(89,45,'shared.seo','metaImage',1,53),(89,15,'api::restaurant.restaurant','images',1,54),(87,15,'api::restaurant.restaurant','images',2,55),(88,15,'api::restaurant.restaurant','images',3,56),(90,15,'api::restaurant.restaurant','images',4,57),(91,15,'api::restaurant.restaurant','images',5,58),(95,33,'shared.seo','metaImage',1,59),(95,6,'api::restaurant.restaurant','images',1,60),(92,6,'api::restaurant.restaurant','images',2,61),(96,6,'api::restaurant.restaurant','images',3,62),(94,6,'api::restaurant.restaurant','images',4,63),(93,6,'api::restaurant.restaurant','images',5,64),(100,32,'shared.seo','metaImage',1,65),(100,1,'api::restaurant.restaurant','images',1,66),(97,1,'api::restaurant.restaurant','images',2,67),(98,1,'api::restaurant.restaurant','images',3,68),(99,1,'api::restaurant.restaurant','images',4,69),(105,39,'shared.seo','metaImage',1,70),(105,9,'api::restaurant.restaurant','images',1,71),(102,9,'api::restaurant.restaurant','images',2,72),(103,9,'api::restaurant.restaurant','images',3,73),(104,9,'api::restaurant.restaurant','images',4,74),(106,9,'api::restaurant.restaurant','images',5,75),(111,47,'shared.seo','metaImage',1,76),(111,93,'shared.seo','metaImage',1,77),(115,34,'shared.seo','metaImage',1,78),(115,2,'api::restaurant.restaurant','images',1,79),(112,2,'api::restaurant.restaurant','images',2,80),(114,2,'api::restaurant.restaurant','images',3,81),(113,2,'api::restaurant.restaurant','images',4,82),(116,2,'api::restaurant.restaurant','images',5,83),(117,35,'shared.seo','metaImage',1,84),(117,3,'api::restaurant.restaurant','images',1,85),(118,3,'api::restaurant.restaurant','images',2,86),(120,3,'api::restaurant.restaurant','images',3,87),(121,3,'api::restaurant.restaurant','images',4,88),(119,3,'api::restaurant.restaurant','images',5,89),(126,41,'shared.seo','metaImage',1,90),(126,11,'api::restaurant.restaurant','images',1,91),(123,11,'api::restaurant.restaurant','images',2,92),(122,11,'api::restaurant.restaurant','images',3,93),(125,11,'api::restaurant.restaurant','images',4,94),(124,11,'api::restaurant.restaurant','images',5,95),(127,95,'shared.seo','metaImage',1,96),(138,2,'blocks.features-with-images','image',1,97),(127,112,'shared.seo','metaImage',1,98),(127,113,'shared.seo','metaImage',1,99),(127,115,'shared.seo','metaImage',1,100),(138,20,'blocks.features-with-images','image',1,101),(127,117,'shared.seo','metaImage',1,102),(127,118,'shared.seo','metaImage',1,103),(127,119,'shared.seo','metaImage',1,104),(127,120,'shared.seo','metaImage',1,105),(60,21,'api::restaurant.restaurant','images',1,106),(58,21,'api::restaurant.restaurant','images',2,107),(61,21,'api::restaurant.restaurant','images',3,108),(59,21,'api::restaurant.restaurant','images',4,109),(57,21,'api::restaurant.restaurant','images',5,110),(60,10,'api::restaurant.restaurant','images',1,111),(58,10,'api::restaurant.restaurant','images',2,112),(61,10,'api::restaurant.restaurant','images',3,113),(59,10,'api::restaurant.restaurant','images',4,114),(57,10,'api::restaurant.restaurant','images',5,115),(63,22,'api::restaurant.restaurant','images',1,116),(62,22,'api::restaurant.restaurant','images',2,117),(64,22,'api::restaurant.restaurant','images',3,118),(66,22,'api::restaurant.restaurant','images',4,119),(65,22,'api::restaurant.restaurant','images',5,120),(70,23,'api::restaurant.restaurant','images',1,121),(69,23,'api::restaurant.restaurant','images',2,122),(68,23,'api::restaurant.restaurant','images',3,123),(67,23,'api::restaurant.restaurant','images',4,124),(71,23,'api::restaurant.restaurant','images',5,125),(70,13,'api::restaurant.restaurant','images',1,126),(69,13,'api::restaurant.restaurant','images',2,127),(68,13,'api::restaurant.restaurant','images',3,128),(67,13,'api::restaurant.restaurant','images',4,129),(71,13,'api::restaurant.restaurant','images',5,130),(72,24,'api::restaurant.restaurant','images',1,131),(74,24,'api::restaurant.restaurant','images',2,132),(75,24,'api::restaurant.restaurant','images',3,133),(76,24,'api::restaurant.restaurant','images',4,134),(73,24,'api::restaurant.restaurant','images',5,135),(77,25,'api::restaurant.restaurant','images',1,136),(79,25,'api::restaurant.restaurant','images',2,137),(78,25,'api::restaurant.restaurant','images',3,138),(81,25,'api::restaurant.restaurant','images',4,139),(80,25,'api::restaurant.restaurant','images',5,140),(77,5,'api::restaurant.restaurant','images',1,141),(79,5,'api::restaurant.restaurant','images',2,142),(78,5,'api::restaurant.restaurant','images',3,143),(81,5,'api::restaurant.restaurant','images',4,144),(80,5,'api::restaurant.restaurant','images',5,145),(85,26,'api::restaurant.restaurant','images',1,146),(83,26,'api::restaurant.restaurant','images',2,147),(82,26,'api::restaurant.restaurant','images',3,148),(84,26,'api::restaurant.restaurant','images',4,149),(86,26,'api::restaurant.restaurant','images',5,150),(111,27,'api::restaurant.restaurant','images',1,151),(109,27,'api::restaurant.restaurant','images',2,152),(108,27,'api::restaurant.restaurant','images',3,153),(110,27,'api::restaurant.restaurant','images',4,154),(107,27,'api::restaurant.restaurant','images',5,155),(111,17,'api::restaurant.restaurant','images',1,156),(109,17,'api::restaurant.restaurant','images',2,157),(108,17,'api::restaurant.restaurant','images',3,158),(110,17,'api::restaurant.restaurant','images',4,159),(107,17,'api::restaurant.restaurant','images',5,160),(127,94,'shared.seo','metaImage',1,161),(127,116,'shared.seo','metaImage',1,162),(127,96,'shared.seo','metaImage',1,163),(39,44,'shared.seo','metaImage',1,164),(127,114,'shared.seo','metaImage',1,165),(133,6,'shared.card','image',1,177),(134,7,'shared.card','image',1,178),(135,8,'shared.card','image',1,179),(132,9,'shared.card','image',1,180),(136,10,'shared.card','image',1,181),(137,3,'blocks.features-with-images','image',1,182),(130,2,'blocks.hero','images',1,183),(128,2,'blocks.hero','images',2,184),(131,2,'blocks.hero','images',3,185),(129,2,'blocks.hero','images',4,186),(127,7,'shared.seo','metaImage',1,187),(39,14,'api::restaurant.restaurant','images',1,190),(38,14,'api::restaurant.restaurant','images',2,191),(37,14,'api::restaurant.restaurant','images',3,192),(40,14,'api::restaurant.restaurant','images',4,193),(41,14,'api::restaurant.restaurant','images',5,194),(46,4,'api::restaurant.restaurant','images',1,195),(45,4,'api::restaurant.restaurant','images',2,196),(44,4,'api::restaurant.restaurant','images',3,197),(43,4,'api::restaurant.restaurant','images',4,198),(42,4,'api::restaurant.restaurant','images',5,199),(51,18,'api::restaurant.restaurant','images',1,200),(50,18,'api::restaurant.restaurant','images',2,201),(49,18,'api::restaurant.restaurant','images',3,202),(48,18,'api::restaurant.restaurant','images',4,203),(47,18,'api::restaurant.restaurant','images',5,204),(51,19,'api::restaurant.restaurant','images',1,205),(50,19,'api::restaurant.restaurant','images',2,206),(49,19,'api::restaurant.restaurant','images',3,207),(48,19,'api::restaurant.restaurant','images',4,208),(47,19,'api::restaurant.restaurant','images',5,209),(54,13,'shared.seo','metaImage',1,210),(52,7,'api::restaurant.restaurant','images',1,211),(53,7,'api::restaurant.restaurant','images',2,212),(54,7,'api::restaurant.restaurant','images',3,213),(55,7,'api::restaurant.restaurant','images',4,214),(56,7,'api::restaurant.restaurant','images',5,215),(52,20,'api::restaurant.restaurant','images',1,216),(53,20,'api::restaurant.restaurant','images',2,217),(54,20,'api::restaurant.restaurant','images',3,218),(55,20,'api::restaurant.restaurant','images',4,219),(56,20,'api::restaurant.restaurant','images',5,220),(138,21,'blocks.features-with-images','image',1,221),(127,9,'shared.seo','metaImage',1,222),(129,5,'shared.seo','metaImage',1,388),(129,3,'shared.meta-social','image',1,391),(5,3,'shared.seo','metaImage',1,392),(5,3,'api::article.article','image',1,393),(5,9,'api::article.article','image',1,394),(12,10,'shared.seo','metaImage',1,406),(12,10,'api::article.article','image',1,407),(12,1,'api::article.article','image',1,408),(130,4,'shared.seo','metaImage',1,412),(14,11,'shared.seo','metaImage',1,415),(14,11,'api::article.article','image',1,416),(14,4,'api::article.article','image',1,417),(139,2,'api::article.article','image',1,422),(139,12,'api::article.article','image',1,423),(133,1,'shared.card','image',1,501),(134,2,'shared.card','image',1,502),(135,3,'shared.card','image',1,503),(132,4,'shared.card','image',1,504),(136,5,'shared.card','image',1,505),(137,1,'blocks.features-with-images','image',1,506),(130,1,'blocks.hero','images',1,507),(128,1,'blocks.hero','images',2,508),(131,1,'blocks.hero','images',3,509),(129,1,'blocks.hero','images',4,510),(127,6,'shared.seo','metaImage',1,511),(138,19,'blocks.features-with-images','image',1,520),(127,8,'shared.seo','metaImage',1,521),(130,2,'shared.seo','metaImage',1,522),(129,16,'shared.seo','metaImage',1,525),(129,1,'shared.meta-social','image',1,526),(12,1,'shared.seo','metaImage',1,527);
/*!40000 ALTER TABLE `files_related_morphs` ENABLE KEYS */;
UNLOCK TABLES;

--
-- Table structure for table `globals`
--

DROP TABLE IF EXISTS `globals`;
/*!40101 SET @saved_cs_client     = @@character_set_client */;
/*!40101 SET character_set_client = utf8 */;
CREATE TABLE `globals` (
  `id` tinyint(4) DEFAULT NULL,
  `created_at` varchar(10) DEFAULT NULL,
  `updated_at` varchar(10) DEFAULT NULL,
  `published_at` varchar(10) DEFAULT NULL,
  `created_by_id` varchar(1) DEFAULT NULL,
  `updated_by_id` varchar(1) DEFAULT NULL,
  `locale` varchar(5) DEFAULT NULL,
  `sitemap_exclude` tinyint(4) DEFAULT NULL
) ENGINE=InnoDB DEFAULT CHARSET=utf8mb4;
/*!40101 SET character_set_client = @saved_cs_client */;

--
-- Dumping data for table `globals`
--

LOCK TABLES `globals` WRITE;
/*!40000 ALTER TABLE `globals` DISABLE KEYS */;
INSERT INTO `globals` VALUES (1,'2021-11-23','2022-11-16','2021-11-24','','1','en',0),(2,'2021-11-23','2022-08-31','2021-11-24','','','fr-FR',0),(3,'2022-09-22','2022-09-22','','2','2','en',0),(4,'2022-09-22','2022-09-22','','1','1','en',0);
/*!40000 ALTER TABLE `globals` ENABLE KEYS */;
UNLOCK TABLES;

--
-- Table structure for table `globals_components`
--

DROP TABLE IF EXISTS `globals_components`;
/*!40101 SET @saved_cs_client     = @@character_set_client */;
/*!40101 SET character_set_client = utf8 */;
CREATE TABLE `globals_components` (
  `id` tinyint(4) DEFAULT NULL,
  `entity_id` tinyint(4) DEFAULT NULL,
  `component_id` tinyint(4) DEFAULT NULL,
  `component_type` varchar(17) DEFAULT NULL,
  `field` varchar(10) DEFAULT NULL,
  `order` tinyint(4) DEFAULT NULL
) ENGINE=InnoDB DEFAULT CHARSET=utf8mb4;
/*!40101 SET character_set_client = @saved_cs_client */;

--
-- Dumping data for table `globals_components`
--

LOCK TABLES `globals_components` WRITE;
/*!40000 ALTER TABLE `globals_components` DISABLE KEYS */;
INSERT INTO `globals_components` VALUES (3,2,2,'global.navigation','navigation',1),(4,2,2,'global.footer','footer',1),(7,1,1,'global.navigation','navigation',1),(8,1,1,'global.footer','footer',1),(9,3,3,'global.navigation','navigation',1),(10,3,3,'global.footer','footer',1),(11,4,4,'global.navigation','navigation',1),(12,4,4,'global.footer','footer',1);
/*!40000 ALTER TABLE `globals_components` ENABLE KEYS */;
UNLOCK TABLES;

--
-- Table structure for table `globals_localizations_links`
--

DROP TABLE IF EXISTS `globals_localizations_links`;
/*!40101 SET @saved_cs_client     = @@character_set_client */;
/*!40101 SET character_set_client = utf8 */;
CREATE TABLE `globals_localizations_links` (
  `global_id` tinyint(4) DEFAULT NULL,
  `inv_global_id` tinyint(4) DEFAULT NULL,
  `id` tinyint(4) DEFAULT NULL,
  `global_order` varchar(0) DEFAULT NULL
) ENGINE=InnoDB DEFAULT CHARSET=utf8mb4;
/*!40101 SET character_set_client = @saved_cs_client */;

--
-- Dumping data for table `globals_localizations_links`
--

LOCK TABLES `globals_localizations_links` WRITE;
/*!40000 ALTER TABLE `globals_localizations_links` DISABLE KEYS */;
INSERT INTO `globals_localizations_links` VALUES (2,1,1,''),(1,2,2,''),(3,2,3,''),(4,2,4,'');
/*!40000 ALTER TABLE `globals_localizations_links` ENABLE KEYS */;
UNLOCK TABLES;

--
-- Table structure for table `i18n_locale`
--

DROP TABLE IF EXISTS `i18n_locale`;
/*!40101 SET @saved_cs_client     = @@character_set_client */;
/*!40101 SET character_set_client = utf8 */;
CREATE TABLE `i18n_locale` (
  `id` tinyint(4) DEFAULT NULL,
  `name` varchar(23) DEFAULT NULL,
  `code` varchar(5) DEFAULT NULL,
  `created_at` varchar(10) DEFAULT NULL,
  `updated_at` varchar(10) DEFAULT NULL,
  `created_by_id` varchar(0) DEFAULT NULL,
  `updated_by_id` varchar(0) DEFAULT NULL
) ENGINE=InnoDB DEFAULT CHARSET=utf8mb4;
/*!40101 SET character_set_client = @saved_cs_client */;

--
-- Dumping data for table `i18n_locale`
--

LOCK TABLES `i18n_locale` WRITE;
/*!40000 ALTER TABLE `i18n_locale` DISABLE KEYS */;
INSERT INTO `i18n_locale` VALUES (1,'English (en)','en','2021-11-09','2021-11-09','',''),(2,'French (France) (fr-FR)','fr-FR','2021-11-09','2021-11-09','','');
/*!40000 ALTER TABLE `i18n_locale` ENABLE KEYS */;
UNLOCK TABLES;

--
-- Table structure for table `pages`
--

DROP TABLE IF EXISTS `pages`;
/*!40101 SET @saved_cs_client     = @@character_set_client */;
/*!40101 SET character_set_client = utf8 */;
CREATE TABLE `pages` (
  `id` tinyint(4) DEFAULT NULL,
  `title` varchar(8) DEFAULT NULL,
  `slug` varchar(7) DEFAULT NULL,
  `created_at` varchar(10) DEFAULT NULL,
  `updated_at` varchar(10) DEFAULT NULL,
  `published_at` varchar(10) DEFAULT NULL,
  `created_by_id` varchar(1) DEFAULT NULL,
  `updated_by_id` varchar(1) DEFAULT NULL,
  `locale` varchar(5) DEFAULT NULL,
  `sitemap_exclude` tinyint(4) DEFAULT NULL
) ENGINE=InnoDB DEFAULT CHARSET=utf8mb4;
/*!40101 SET character_set_client = @saved_cs_client */;

--
-- Dumping data for table `pages`
--

LOCK TABLES `pages` WRITE;
/*!40000 ALTER TABLE `pages` DISABLE KEYS */;
INSERT INTO `pages` VALUES (1,'homepage','','2021-11-09','2022-11-16','2021-11-23','','1','en',0),(3,'homepage',' ','2021-11-09','2022-11-16','2021-11-23','','','fr-FR',0),(4,'Pricing','pricing','2021-11-23','2022-11-16','2021-11-23','','1','en',0),(5,'Pricing','pricing','2021-11-23','2022-11-16','2021-11-23','','2','fr-FR',0),(7,'FAQ','faq','2022-11-16','2022-11-17','2022-11-16','1','1','en',0);
/*!40000 ALTER TABLE `pages` ENABLE KEYS */;
UNLOCK TABLES;

--
-- Table structure for table `pages_components`
--

DROP TABLE IF EXISTS `pages_components`;
/*!40101 SET @saved_cs_client     = @@character_set_client */;
/*!40101 SET character_set_client = utf8 */;
CREATE TABLE `pages_components` (
  `id` smallint(6) DEFAULT NULL,
  `entity_id` tinyint(4) DEFAULT NULL,
  `component_id` tinyint(4) DEFAULT NULL,
  `component_type` varchar(27) DEFAULT NULL,
  `field` varchar(6) DEFAULT NULL,
  `order` varchar(1) DEFAULT NULL
) ENGINE=InnoDB DEFAULT CHARSET=utf8mb4;
/*!40101 SET character_set_client = @saved_cs_client */;

--
-- Dumping data for table `pages_components`
--

LOCK TABLES `pages_components` WRITE;
/*!40000 ALTER TABLE `pages_components` DISABLE KEYS */;
INSERT INTO `pages_components` VALUES (153,1,6,'shared.seo','seo','1'),(154,3,2,'blocks.hero','blocks','1'),(155,3,2,'blocks.features','blocks','2'),(156,3,3,'blocks.testimonial','blocks','3'),(157,3,3,'blocks.features-with-images','blocks','4'),(158,3,7,'blocks.faq','blocks','5'),(159,3,2,'blocks.team','blocks','6'),(160,3,10,'blocks.cta-command-line','blocks','7'),(161,3,7,'shared.seo','seo','1'),(167,4,8,'shared.seo','seo','1'),(186,5,19,'blocks.pricing','blocks','1'),(187,5,25,'blocks.faq','blocks','2'),(188,5,21,'blocks.features-with-images','blocks','3'),(189,5,21,'blocks.testimonial','blocks','4'),(190,5,19,'blocks.cta','blocks','5'),(191,5,9,'shared.seo','seo','1'),(248,1,1,'blocks.hero','blocks','1'),(249,1,1,'blocks.features','blocks','2'),(250,1,1,'blocks.testimonial','blocks','3'),(251,1,1,'blocks.features-with-images','blocks','4'),(252,1,5,'blocks.faq','blocks','5'),(253,1,1,'blocks.team','blocks','6'),(254,1,9,'blocks.cta-command-line','blocks','7'),(274,4,17,'blocks.pricing','blocks','1'),(275,4,23,'blocks.faq','blocks','2'),(276,4,19,'blocks.features-with-images','blocks','3'),(277,4,19,'blocks.testimonial','blocks','4'),(278,4,17,'blocks.cta','blocks','5'),(280,7,16,'shared.seo','seo',''),(343,7,26,'blocks.faq','blocks','1'),(344,7,23,'blocks.cta','blocks','2');
/*!40000 ALTER TABLE `pages_components` ENABLE KEYS */;
UNLOCK TABLES;

--
-- Table structure for table `pages_editors_links`
--

DROP TABLE IF EXISTS `pages_editors_links`;
/*!40101 SET @saved_cs_client     = @@character_set_client */;
/*!40101 SET character_set_client = utf8 */;
CREATE TABLE `pages_editors_links` (
  `page_id` varchar(0) DEFAULT NULL,
  `user_id` varchar(0) DEFAULT NULL,
  `id` varchar(0) DEFAULT NULL,
  `user_order` varchar(0) DEFAULT NULL
) ENGINE=InnoDB DEFAULT CHARSET=utf8mb4;
/*!40101 SET character_set_client = @saved_cs_client */;

--
-- Dumping data for table `pages_editors_links`
--

LOCK TABLES `pages_editors_links` WRITE;
/*!40000 ALTER TABLE `pages_editors_links` DISABLE KEYS */;
/*!40000 ALTER TABLE `pages_editors_links` ENABLE KEYS */;
UNLOCK TABLES;

--
-- Table structure for table `pages_localizations_links`
--

DROP TABLE IF EXISTS `pages_localizations_links`;
/*!40101 SET @saved_cs_client     = @@character_set_client */;
/*!40101 SET character_set_client = utf8 */;
CREATE TABLE `pages_localizations_links` (
  `page_id` tinyint(4) DEFAULT NULL,
  `inv_page_id` tinyint(4) DEFAULT NULL,
  `id` tinyint(4) DEFAULT NULL,
  `page_order` varchar(0) DEFAULT NULL
) ENGINE=InnoDB DEFAULT CHARSET=utf8mb4;
/*!40101 SET character_set_client = @saved_cs_client */;

--
-- Dumping data for table `pages_localizations_links`
--

LOCK TABLES `pages_localizations_links` WRITE;
/*!40000 ALTER TABLE `pages_localizations_links` DISABLE KEYS */;
INSERT INTO `pages_localizations_links` VALUES (3,1,1,''),(1,3,2,''),(5,4,3,''),(4,5,4,'');
/*!40000 ALTER TABLE `pages_localizations_links` ENABLE KEYS */;
UNLOCK TABLES;

--
-- Table structure for table `places`
--

DROP TABLE IF EXISTS `places`;
/*!40101 SET @saved_cs_client     = @@character_set_client */;
/*!40101 SET character_set_client = utf8 */;
CREATE TABLE `places` (
  `id` tinyint(4) DEFAULT NULL,
  `name` varchar(13) DEFAULT NULL,
  `created_at` varchar(10) DEFAULT NULL,
  `updated_at` varchar(10) DEFAULT NULL,
  `created_by_id` varchar(0) DEFAULT NULL,
  `updated_by_id` varchar(0) DEFAULT NULL,
  `sitemap_exclude` tinyint(4) DEFAULT NULL
) ENGINE=InnoDB DEFAULT CHARSET=utf8mb4;
/*!40101 SET character_set_client = @saved_cs_client */;

--
-- Dumping data for table `places`
--

LOCK TABLES `places` WRITE;
/*!40000 ALTER TABLE `places` DISABLE KEYS */;
INSERT INTO `places` VALUES (1,'Paris','2021-11-09','2021-11-09','','',0),(2,'Lusaka','2021-11-09','2021-11-09','','',0),(3,'San Francisco','2021-11-09','2021-11-09','','',0),(4,'Vietnam','2021-11-09','2021-11-09','','',0),(5,'Ukraine','2021-11-09','2021-11-09','','',0),(6,'Moscow','2021-11-09','2021-11-09','','',0),(7,'Guatemala','2021-11-09','2021-11-09','','',0),(8,'Lebanon','2021-11-09','2021-11-09','','',0),(9,'Phoenix','2021-11-09','2021-11-09','','',0);
/*!40000 ALTER TABLE `places` ENABLE KEYS */;
UNLOCK TABLES;

--
-- Table structure for table `restaurant_pages`
--

DROP TABLE IF EXISTS `restaurant_pages`;
/*!40101 SET @saved_cs_client     = @@character_set_client */;
/*!40101 SET character_set_client = utf8 */;
CREATE TABLE `restaurant_pages` (
  `id` tinyint(4) DEFAULT NULL,
  `slug` varchar(11) DEFAULT NULL,
  `category_text` varchar(9) DEFAULT NULL,
  `place_text` varchar(7) DEFAULT NULL,
  `restaurants_per_page` tinyint(4) DEFAULT NULL,
  `created_at` varchar(10) DEFAULT NULL,
  `updated_at` varchar(10) DEFAULT NULL,
  `published_at` varchar(10) DEFAULT NULL,
  `created_by_id` varchar(0) DEFAULT NULL,
  `updated_by_id` varchar(1) DEFAULT NULL,
  `locale` varchar(5) DEFAULT NULL,
  `sitemap_exclude` tinyint(4) DEFAULT NULL
) ENGINE=InnoDB DEFAULT CHARSET=utf8mb4;
/*!40101 SET character_set_client = @saved_cs_client */;

--
-- Dumping data for table `restaurant_pages`
--

LOCK TABLES `restaurant_pages` WRITE;
/*!40000 ALTER TABLE `restaurant_pages` DISABLE KEYS */;
INSERT INTO `restaurant_pages` VALUES (1,'restaurants','Category','Place',9,'2021-11-23','2022-11-16','2021-12-11','','1','en',0),(2,'restaurants','Categorie','Endroit',9,'2021-11-23','2022-11-16','2021-11-23','','','fr-FR',0);
/*!40000 ALTER TABLE `restaurant_pages` ENABLE KEYS */;
UNLOCK TABLES;

--
-- Table structure for table `restaurant_pages_components`
--

DROP TABLE IF EXISTS `restaurant_pages_components`;
/*!40101 SET @saved_cs_client     = @@character_set_client */;
/*!40101 SET character_set_client = utf8 */;
CREATE TABLE `restaurant_pages_components` (
  `id` tinyint(4) DEFAULT NULL,
  `entity_id` tinyint(4) DEFAULT NULL,
  `component_id` tinyint(4) DEFAULT NULL,
  `component_type` varchar(13) DEFAULT NULL,
  `field` varchar(6) DEFAULT NULL,
  `order` tinyint(4) DEFAULT NULL
) ENGINE=InnoDB DEFAULT CHARSET=utf8mb4;
/*!40101 SET character_set_client = @saved_cs_client */;

--
-- Dumping data for table `restaurant_pages_components`
--

LOCK TABLES `restaurant_pages_components` WRITE;
/*!40000 ALTER TABLE `restaurant_pages_components` DISABLE KEYS */;
INSERT INTO `restaurant_pages_components` VALUES (7,1,71,'shared.header','header',1),(9,1,2,'shared.seo','seo',1),(10,2,72,'shared.header','header',1),(11,2,21,'blocks.cta','blocks',1),(12,2,4,'shared.seo','seo',1),(20,1,20,'blocks.cta','blocks',1);
/*!40000 ALTER TABLE `restaurant_pages_components` ENABLE KEYS */;
UNLOCK TABLES;

--
-- Table structure for table `restaurant_pages_localizations_links`
--

DROP TABLE IF EXISTS `restaurant_pages_localizations_links`;
/*!40101 SET @saved_cs_client     = @@character_set_client */;
/*!40101 SET character_set_client = utf8 */;
CREATE TABLE `restaurant_pages_localizations_links` (
  `restaurant_page_id` tinyint(4) DEFAULT NULL,
  `inv_restaurant_page_id` tinyint(4) DEFAULT NULL,
  `id` tinyint(4) DEFAULT NULL,
  `restaurant_page_order` varchar(0) DEFAULT NULL
) ENGINE=InnoDB DEFAULT CHARSET=utf8mb4;
/*!40101 SET character_set_client = @saved_cs_client */;

--
-- Dumping data for table `restaurant_pages_localizations_links`
--

LOCK TABLES `restaurant_pages_localizations_links` WRITE;
/*!40000 ALTER TABLE `restaurant_pages_localizations_links` DISABLE KEYS */;
INSERT INTO `restaurant_pages_localizations_links` VALUES (2,1,1,''),(1,2,2,'');
/*!40000 ALTER TABLE `restaurant_pages_localizations_links` ENABLE KEYS */;
UNLOCK TABLES;

--
-- Table structure for table `restaurants`
--

DROP TABLE IF EXISTS `restaurants`;
/*!40101 SET @saved_cs_client     = @@character_set_client */;
/*!40101 SET character_set_client = utf8 */;
CREATE TABLE `restaurants` (
  `id` tinyint(4) DEFAULT NULL,
  `name` varchar(32) DEFAULT NULL,
  `slug` varchar(32) DEFAULT NULL,
  `price` varchar(2) DEFAULT NULL,
  `created_at` varchar(10) DEFAULT NULL,
  `updated_at` varchar(10) DEFAULT NULL,
  `published_at` varchar(10) DEFAULT NULL,
  `created_by_id` tinyint(4) DEFAULT NULL,
  `updated_by_id` tinyint(4) DEFAULT NULL,
  `locale` varchar(5) DEFAULT NULL,
  `sitemap_exclude` tinyint(4) DEFAULT NULL
) ENGINE=InnoDB DEFAULT CHARSET=utf8mb4;
/*!40101 SET character_set_client = @saved_cs_client */;

--
-- Dumping data for table `restaurants`
--

LOCK TABLES `restaurants` WRITE;
/*!40000 ALTER TABLE `restaurants` DISABLE KEYS */;
INSERT INTO `restaurants` VALUES (1,'Mint Lounge','mint-lounge','p3','2021-11-09','2021-11-23','2021-11-23',3,3,'en',0),(2,'Quince','quince','p4','2021-11-09','2021-11-23','2021-11-23',3,3,'en',0),(3,'Rusconi\'s American Kitchen','rusconi-s-american-kitchen','p3','2021-11-09','2021-11-23','2021-11-23',3,3,'en',0),(4,'Banana Mama Rooftop & Kitchen','banana-mama-rooftop-and-kitchen','p2','2021-11-09','2022-03-02','2021-11-23',3,3,'en',0),(5,'Latitude 15 Degrees Restaurant','latitude-15-degrees-restaurant','p4','2021-11-09','2021-11-23','2021-11-23',3,3,'en',0),(6,'Mersea Restaurant & Bar','mersea-restaurant-and-bar','p3','2021-11-09','2021-11-23','2021-11-23',3,3,'en',0),(7,'Bobby-Q','bobby-q','p2','2021-11-09','2022-03-02','2021-11-23',3,3,'en',0),(8,'Essence Restaurant','essence-restaurant','p3','2021-11-09','2021-11-23','2021-11-23',3,3,'en',0),(9,'Musafir Rognidynska','musafir-rognidynska','p2','2021-11-09','2021-11-23','2021-11-23',3,3,'en',0),(10,'Chekhov Restaurant','chekhov-restaurant','p4','2021-11-09','2021-11-23','2021-11-23',3,3,'en',0),(11,'Sabor de la Vida Restaurant','sabor-de-la-vida-restaurant','p4','2021-11-09','2021-11-23','2021-11-23',3,3,'en',0),(12,'Leffe Cafe','leffe-cafe','p3','2021-11-09','2021-11-23','2021-11-23',3,3,'en',0),(13,'Ferdinand','ferdinand','p3','2021-11-09','2021-11-23','2021-11-23',3,3,'en',0),(14,'Al Sultan Brahim','al-sultan-brahim','p2','2021-11-09','2022-03-02','2021-12-10',3,3,'en',0),(15,'Los Moros by Porta Hotel Antigua','los-moros-by-porta-hotel-antigua','p3','2021-11-09','2021-11-23','2021-11-23',3,3,'en',0),(16,'La Bruja','la-bruja','p1','2021-11-09','2021-11-23','2021-11-23',3,3,'en',0),(17,'Pur\' - Jean-Franois Rouquette','pur-jean-francois-rouquette','p4','2021-11-09','2021-11-23','2021-11-23',3,3,'en',0),(18,'Bistrot Instinct','bistrot-instinct','p3','2021-11-09','2022-03-02','2021-11-23',3,3,'en',0),(19,'Bistrot Instinct','bistrot-instinct-fr','p3','2021-11-09','2022-03-02','2021-11-23',3,3,'fr-FR',0),(20,'Bobby-Q','bobby-q-fr','p2','2021-11-09','2022-03-02','2021-11-23',3,3,'fr-FR',0),(21,'Chekhov Restaurant','chekhov-restaurant-fr','p4','2021-11-09','2021-11-23','2021-11-23',3,3,'fr-FR',0),(22,'Essence Restaurant','essence-restaurant-fr','p3','2021-11-09','2021-11-23','2021-11-23',3,3,'fr-FR',0),(23,'Ferdinand','ferdinand-fr','p3','2021-11-09','2021-11-23','2021-11-23',3,3,'fr-FR',0),(24,'La Bruja','la-bruja-fr','p1','2021-11-09','2021-11-23','2021-11-23',3,3,'fr-FR',0),(25,'Latitude 15 Degrees','latitude-15-degrees-fr','p4','2021-11-09','2021-11-23','2021-11-23',3,3,'fr-FR',0),(26,'Leffe Cafe','leffe-cafe-fr','p3','2021-11-09','2021-11-23','2021-11-23',3,3,'fr-FR',0),(27,'Pur\' - Jean-Franois Rouquette','pur-jean-francois-rouquette-fr','p4','2021-11-09','2021-11-23','2021-11-23',3,3,'fr-FR',0);
/*!40000 ALTER TABLE `restaurants` ENABLE KEYS */;
UNLOCK TABLES;

--
-- Table structure for table `restaurants_category_links`
--

DROP TABLE IF EXISTS `restaurants_category_links`;
/*!40101 SET @saved_cs_client     = @@character_set_client */;
/*!40101 SET character_set_client = utf8 */;
CREATE TABLE `restaurants_category_links` (
  `restaurant_id` tinyint(4) DEFAULT NULL,
  `category_id` tinyint(4) DEFAULT NULL,
  `id` tinyint(4) DEFAULT NULL,
  `restaurant_order` varchar(0) DEFAULT NULL
) ENGINE=InnoDB DEFAULT CHARSET=utf8mb4;
/*!40101 SET character_set_client = @saved_cs_client */;

--
-- Dumping data for table `restaurants_category_links`
--

LOCK TABLES `restaurants_category_links` WRITE;
/*!40000 ALTER TABLE `restaurants_category_links` DISABLE KEYS */;
INSERT INTO `restaurants_category_links` VALUES (19,11,1,''),(20,5,2,''),(10,4,3,''),(21,4,4,''),(8,8,5,''),(22,8,6,''),(13,10,7,''),(23,10,8,''),(16,3,9,''),(24,3,10,''),(5,3,11,''),(25,3,12,''),(12,4,13,''),(26,4,14,''),(15,3,15,''),(6,5,16,''),(1,4,17,''),(9,4,18,''),(17,6,19,''),(27,6,20,''),(2,6,21,''),(3,5,22,''),(11,9,23,''),(14,10,24,''),(4,12,25,''),(18,11,26,''),(7,5,27,'');
/*!40000 ALTER TABLE `restaurants_category_links` ENABLE KEYS */;
UNLOCK TABLES;

--
-- Table structure for table `restaurants_components`
--

DROP TABLE IF EXISTS `restaurants_components`;
/*!40101 SET @saved_cs_client     = @@character_set_client */;
/*!40101 SET character_set_client = utf8 */;
CREATE TABLE `restaurants_components` (
  `id` smallint(6) DEFAULT NULL,
  `entity_id` tinyint(4) DEFAULT NULL,
  `component_id` smallint(6) DEFAULT NULL,
  `component_type` varchar(26) DEFAULT NULL,
  `field` varchar(14) DEFAULT NULL,
  `order` tinyint(4) DEFAULT NULL
) ENGINE=InnoDB DEFAULT CHARSET=utf8mb4;
/*!40101 SET character_set_client = @saved_cs_client */;

--
-- Dumping data for table `restaurants_components`
--

LOCK TABLES `restaurants_components` WRITE;
/*!40000 ALTER TABLE `restaurants_components` DISABLE KEYS */;
INSERT INTO `restaurants_components` VALUES (273,19,49,'shared.seo','seo',1),(274,19,19,'restaurant.information','information',1),(277,19,3,'blocks.related-restaurants','blocks',1),(289,20,50,'shared.seo','seo',1),(290,20,20,'restaurant.information','information',1),(297,10,40,'shared.seo','seo',1),(298,10,10,'restaurant.information','information',1),(303,21,51,'shared.seo','seo',1),(304,21,21,'restaurant.information','information',1),(309,8,38,'shared.seo','seo',1),(310,8,8,'restaurant.information','information',1),(313,22,52,'shared.seo','seo',1),(314,22,22,'restaurant.information','information',1),(317,8,119,'shared.social-networks','socialNetworks',1),(318,13,43,'shared.seo','seo',1),(319,13,13,'restaurant.information','information',1),(321,13,9,'blocks.related-restaurants','blocks',1),(323,23,53,'shared.seo','seo',1),(324,23,23,'restaurant.information','information',1),(327,16,46,'shared.seo','seo',1),(328,16,16,'restaurant.information','information',1),(330,16,10,'blocks.related-restaurants','blocks',1),(332,24,72,'shared.seo','seo',1),(333,24,24,'restaurant.information','information',1),(336,16,124,'shared.social-networks','socialNetworks',1),(337,5,31,'shared.seo','seo',1),(338,5,1,'restaurant.information','information',1),(342,5,11,'blocks.related-restaurants','blocks',1),(343,5,8,'blocks.cta-command-line','blocks',2),(347,25,73,'shared.seo','seo',1),(348,25,25,'restaurant.information','information',1),(352,25,4,'blocks.related-restaurants','blocks',1),(353,25,7,'blocks.cta-command-line','blocks',2),(357,12,42,'shared.seo','seo',1),(358,12,12,'restaurant.information','information',1),(361,26,74,'shared.seo','seo',1),(362,26,26,'restaurant.information','information',1),(365,12,133,'shared.social-networks','socialNetworks',1),(366,15,45,'shared.seo','seo',1),(367,15,15,'restaurant.information','information',1),(368,15,24,'shared.social-networks','socialNetworks',1),(369,15,25,'shared.social-networks','socialNetworks',2),(370,15,5,'blocks.related-restaurants','blocks',1),(371,6,33,'shared.seo','seo',1),(372,6,3,'restaurant.information','information',1),(373,6,6,'shared.social-networks','socialNetworks',1),(374,6,12,'blocks.related-restaurants','blocks',1),(375,1,32,'shared.seo','seo',1),(376,1,2,'restaurant.information','information',1),(377,1,13,'blocks.related-restaurants','blocks',1),(378,9,39,'shared.seo','seo',1),(379,9,9,'restaurant.information','information',1),(380,9,15,'shared.social-networks','socialNetworks',1),(381,17,47,'shared.seo','seo',1),(382,17,17,'restaurant.information','information',1),(386,17,14,'blocks.related-restaurants','blocks',1),(390,27,93,'shared.seo','seo',1),(391,27,27,'restaurant.information','information',1),(395,27,6,'blocks.related-restaurants','blocks',1),(399,2,34,'shared.seo','seo',1),(400,2,4,'restaurant.information','information',1),(401,2,7,'blocks.related-restaurants','blocks',1),(402,3,35,'shared.seo','seo',1),(403,3,5,'restaurant.information','information',1),(404,11,41,'shared.seo','seo',1),(405,11,11,'restaurant.information','information',1),(406,11,18,'shared.social-networks','socialNetworks',1),(407,11,19,'shared.social-networks','socialNetworks',2),(418,21,150,'shared.social-networks','socialNetworks',1),(419,21,151,'shared.social-networks','socialNetworks',2),(420,10,152,'shared.social-networks','socialNetworks',1),(421,10,153,'shared.social-networks','socialNetworks',2),(422,22,154,'shared.social-networks','socialNetworks',1),(423,23,155,'shared.social-networks','socialNetworks',1),(424,13,156,'shared.social-networks','socialNetworks',1),(425,24,157,'shared.social-networks','socialNetworks',1),(426,25,158,'shared.social-networks','socialNetworks',1),(427,25,159,'shared.social-networks','socialNetworks',2),(428,25,160,'shared.social-networks','socialNetworks',3),(429,5,161,'shared.social-networks','socialNetworks',1),(430,5,162,'shared.social-networks','socialNetworks',2),(431,5,163,'shared.social-networks','socialNetworks',3),(432,26,164,'shared.social-networks','socialNetworks',1),(433,27,165,'shared.social-networks','socialNetworks',1),(434,27,166,'shared.social-networks','socialNetworks',2),(435,27,167,'shared.social-networks','socialNetworks',3),(436,17,168,'shared.social-networks','socialNetworks',1),(437,17,169,'shared.social-networks','socialNetworks',2),(438,17,170,'shared.social-networks','socialNetworks',3),(444,14,14,'restaurant.information','information',1),(445,14,22,'shared.social-networks','socialNetworks',1),(446,14,23,'shared.social-networks','socialNetworks',2),(447,14,1,'blocks.related-restaurants','blocks',1),(448,14,10,'shared.seo','seo',1),(449,4,7,'restaurant.information','information',1),(450,4,11,'shared.seo','seo',1),(451,18,18,'restaurant.information','information',1),(452,18,142,'shared.social-networks','socialNetworks',1),(453,18,143,'shared.social-networks','socialNetworks',2),(454,18,2,'blocks.related-restaurants','blocks',1),(455,18,12,'shared.seo','seo',1),(456,19,171,'shared.social-networks','socialNetworks',1),(457,19,172,'shared.social-networks','socialNetworks',2),(458,7,6,'restaurant.information','information',1),(459,7,147,'shared.social-networks','socialNetworks',1),(460,7,148,'shared.social-networks','socialNetworks',2),(461,7,149,'shared.social-networks','socialNetworks',3),(462,7,8,'blocks.related-restaurants','blocks',1),(463,7,13,'shared.seo','seo',1),(464,20,173,'shared.social-networks','socialNetworks',1),(465,20,174,'shared.social-networks','socialNetworks',2),(466,20,175,'shared.social-networks','socialNetworks',3);
/*!40000 ALTER TABLE `restaurants_components` ENABLE KEYS */;
UNLOCK TABLES;

--
-- Table structure for table `restaurants_localizations_links`
--

DROP TABLE IF EXISTS `restaurants_localizations_links`;
/*!40101 SET @saved_cs_client     = @@character_set_client */;
/*!40101 SET character_set_client = utf8 */;
CREATE TABLE `restaurants_localizations_links` (
  `restaurant_id` tinyint(4) DEFAULT NULL,
  `inv_restaurant_id` tinyint(4) DEFAULT NULL,
  `id` tinyint(4) DEFAULT NULL,
  `restaurant_order` varchar(0) DEFAULT NULL
) ENGINE=InnoDB DEFAULT CHARSET=utf8mb4;
/*!40101 SET character_set_client = @saved_cs_client */;

--
-- Dumping data for table `restaurants_localizations_links`
--

LOCK TABLES `restaurants_localizations_links` WRITE;
/*!40000 ALTER TABLE `restaurants_localizations_links` DISABLE KEYS */;
INSERT INTO `restaurants_localizations_links` VALUES (19,18,1,''),(18,19,2,''),(20,7,3,''),(7,20,4,''),(21,10,5,''),(10,21,6,''),(22,8,7,''),(8,22,8,''),(23,13,9,''),(13,23,10,''),(24,16,11,''),(16,24,12,''),(25,5,13,''),(5,25,14,''),(26,12,15,''),(12,26,16,''),(27,17,17,''),(17,27,18,'');
/*!40000 ALTER TABLE `restaurants_localizations_links` ENABLE KEYS */;
UNLOCK TABLES;

--
-- Table structure for table `restaurants_place_links`
--

DROP TABLE IF EXISTS `restaurants_place_links`;
/*!40101 SET @saved_cs_client     = @@character_set_client */;
/*!40101 SET character_set_client = utf8 */;
CREATE TABLE `restaurants_place_links` (
  `restaurant_id` tinyint(4) DEFAULT NULL,
  `place_id` tinyint(4) DEFAULT NULL,
  `id` tinyint(4) DEFAULT NULL,
  `restaurant_order` varchar(0) DEFAULT NULL
) ENGINE=InnoDB DEFAULT CHARSET=utf8mb4;
/*!40101 SET character_set_client = @saved_cs_client */;

--
-- Dumping data for table `restaurants_place_links`
--

LOCK TABLES `restaurants_place_links` WRITE;
/*!40000 ALTER TABLE `restaurants_place_links` DISABLE KEYS */;
INSERT INTO `restaurants_place_links` VALUES (19,1,1,''),(20,9,2,''),(10,5,3,''),(21,5,4,''),(8,4,5,''),(22,4,6,''),(13,8,7,''),(23,8,8,''),(16,7,9,''),(24,7,10,''),(5,2,11,''),(25,2,12,''),(12,6,13,''),(26,6,14,''),(15,7,15,''),(6,3,16,''),(1,2,17,''),(9,5,18,''),(17,1,19,''),(27,1,20,''),(2,3,21,''),(3,9,22,''),(11,6,23,''),(14,8,24,''),(4,4,25,''),(18,1,26,''),(7,9,27,'');
/*!40000 ALTER TABLE `restaurants_place_links` ENABLE KEYS */;
UNLOCK TABLES;

--
-- Table structure for table `reviews`
--

DROP TABLE IF EXISTS `reviews`;
/*!40101 SET @saved_cs_client     = @@character_set_client */;
/*!40101 SET character_set_client = utf8 */;
CREATE TABLE `reviews` (
  `id` smallint(6) DEFAULT NULL,
  `content` text,
  `note` tinyint(4) DEFAULT NULL,
  `created_at` varchar(10) DEFAULT NULL,
  `updated_at` varchar(10) DEFAULT NULL,
  `created_by_id` varchar(0) DEFAULT NULL,
  `updated_by_id` varchar(0) DEFAULT NULL,
  `locale` varchar(5) DEFAULT NULL,
  `sitemap_exclude` tinyint(4) DEFAULT NULL
) ENGINE=InnoDB DEFAULT CHARSET=utf8mb4;
/*!40101 SET character_set_client = @saved_cs_client */;

--
-- Dumping data for table `reviews`
--

LOCK TABLES `reviews` WRITE;
/*!40000 ALTER TABLE `reviews` DISABLE KEYS */;
INSERT INTO `reviews` VALUES (1,'Absolutely stunning interior of the hotel, decked out like a museum its possible to transport you to the Zanzibar coast in the middle of lusaka! Its really a treat to stop here a while and feast your eyes over the decor with a delicious cappuccino',5,'2021-11-09','2021-11-09','','','en',0),(2,'Surprisingly spacious property in the heart of residential surburb. Parking can be a bit tight if busy particularly in the evening. Interesting decor as with the other latitudes. 2 swimming pools and eating areas with different feels. Service was slow delicious strawberry daiquiri but rib eye was really really tough and was a disappointment. Gives home feel compared to large brand hotels.',3,'2021-11-09','2021-11-09','','','en',0),(3,'I\'ll start by saying that I was initially very excited to visit the restaurant at Latitude 15. I am visiting Zambia on holiday for the first time and looked forward to a nice dinner during my stay, only to be extremely frustrated with my experience at the restaurant. My friend and I tried to order 5 different items from the menu, just to be told that they were unavailable (a liquor option, the pork chops, calamari, crayfish gratin, and a dessert option).',2,'2021-11-09','2021-11-09','','','en',0),(4,'I need to rave about the Seafood vol au vent! Firstly, there is something about having and entire vol au vent as the main meal and not just a small one as a starter!\nI titled my review \"choreography in the mouth\" because that\'s how the different ingredients \"dance\" together in ones mouth, the fish, the shrimp, the calamari, layered in light pastry on a bed of sweet potato and spinach topped with a creamy sauce ! Writing about it makes me salivate!\nThank you!',5,'2021-11-09','2021-11-09','','','en',0),(5,'Possibly the most stylish venue in Lusaka and a choice of either eating in the restaurant or at The Other Side by their second pool. Friendly if somewhat erratic service, food good and well presented.',5,'2021-11-09','2021-11-09','','','en',0),(6,'The service at this restaurant was fantastic, I took my group of 15 with some VIP guests as well here and I was not disappointed. Highly recommended. So many menu options and lovely food.',5,'2021-11-09','2021-11-09','','','en',0),(7,'Best salads in Lusaka. Cozy place and great service. They also have a good range of yummy pastries and drinks, cold or hot. I highly recommend for salad lovers like me.',5,'2021-11-09','2021-11-09','','','en',0),(8,'Has both indoor and outdoor sections. Decent menu at reasonable prices. Focuses mainly on burgers, wraps and sandwiches. Decent service. Food was tasty. I asked for a slight variation on the standrd dish (swapping halloumi cheese for chicken on one salad dish) and this was no problem.',4,'2021-11-09','2021-11-09','','','en',0),(9,'Mint is a great restaurant serving great food. The chicken, feta, avocado and apple salad is definitely one to try out. So delicious.',5,'2021-11-09','2021-11-09','','','en',0),(10,'Very pleasant welcome.Quick Service. Very busy at lunch time. Food is fresh and well presented.Within a complex so parking difficult. We all had different dishes, but all came together. In a noisy area, but the restaurant was in a nice garden.',4,'2021-11-09','2021-11-09','','','en',0),(11,'The location and view are phenomenal. The food is delicious. Definitely, a must-do experience. MeeSun was a fabulous host and a treasure.',5,'2021-11-09','2021-11-09','','','en',0),(12,'A nice change of pace from downtown San Francisco. The food and service were very good and the atmosphere was terrific. The views of the area were awesome. A very nice casual place to relax and enjoy the area.',5,'2021-11-09','2021-11-09','','','en',0),(13,'Aside from the obvious fantastical views of SF Bay, the food & drinks were on point. We got the tacos & fries, which well exceeded our expectations. We met the owner, Mesun, who couldnt be nicer and took fantastic photos of us; its clear shes done it many times before.',5,'2021-11-09','2021-11-09','','','en',0),(14,'What a cool spot! I attended a friend\'s 40th birthday dinner + drinks here and I\'m glad I discovered this gem in the bay (quite literally). The food and cocktails were delicious, especially their guacamole. The owner and staff were super friendly, too. We were able to have the restaurant (and the accompanying bocce ball & mini golf areas) to ourselves after they closed to the public, which was a real treat.',5,'2021-11-09','2021-11-09','','','en',0),(15,'Mersea is an awesome venue with stunning views of SF, amazing food, and a super casual outdoor vibe with many activities. The service was top-notch, and MeeSun (the owner) was over the top accommodating to our entire team. We\'ll definitely be planning another outing soon!!',5,'2021-11-09','2021-11-09','','','en',0),(16,'The whole experience was fabulous and food/wine true to 3 michelin stars....\nThe staff knew in depth what they were serving and giving you an insight on what you were about to taste..\nPerfect evening filled with phenomenal food, marvelously presented with a unique story to each course.',5,'2021-11-09','2021-11-09','','','en',0),(17,'You cant visit San Miguel and not visit Quince. The service and the food are amazing. I couldnt get enough of the view. Our waiter, Oswaldo was very attentive and took care of us great! We were very impressed with his service. I would def be back to Quince!',5,'2021-11-09','2021-11-09','','','en',0),(18,'This has to be one of the finest dinning restaurants I\'ve every had the pleasure to dine at. The food was splendid and me and my wife enjoyed the entire experience.',5,'2021-11-09','2021-11-09','','','en',0),(19,'I suspect that the founding father chef Mike Tusk isn\'t in the kitchen. The meal started with a vaguely grotesque buddha\'s hand stuffed with raw fish, and went course by course from there, many things just didn\'t hit the superb dishes from before. The food was vaguely strange, but all was good the service was astounding, as was the place.',4,'2021-11-09','2021-11-09','','','en',0),(20,'We celebrated a special occasion here in Sep 2019. The food was fresh, awesome and delicious. Really enjoyed the 2 desserts! We were amazed at the range of mignardise on the cart as well. We truly appreciate the attentive, thoughtful and wonderful service. This dining experience has been added to my treasure trove of special memories. Kudos and thanks to Quince!',5,'2021-11-09','2021-11-09','','','en',0),(21,'We had a great time. It was AZ Restaurant week. The scallops were amazing. Loved the cheesecake. The carmelized bananas were a nice touch. Rex our server did a great job.',5,'2021-11-09','2021-11-09','','','en',0),(22,'We loved it. Tables spaced out well. Not too loud. Every item we tried was fantastic. Great service.',5,'2021-11-09','2021-11-09','','','en',0),(23,'Who really remembers the succulent roasted chicken (which you must reserve in advance -- they only have a limited number of portions each day) when the show stopper at Rusconi\'s is the green chili mac \'n cheese? OMG! I ordered a small side dish of the mac and could have enjoyed 3 or 4 portions of it. It\'s THAT good!',5,'2021-11-09','2021-11-09','','','en',0),(24,'The food that we ordered came with a beautiful combination of presentation, texture and taste. The entire meal was very enjoyable.',4,'2021-11-09','2021-11-09','','','en',0),(25,'We ordered take-out for our family of five and each entree was tasty and creative. Little surprises also came with the order--some delicious brownie squares and then a thank-you call the next day. This place has class. A Definite keeper and we\'ll be back.',5,'2021-11-09','2021-11-09','','','en',0),(26,'I am Bob Sikora alumni from Bobby McGee\'s mesa. Bobby Q\'s awesome food. Brought back memories. Would highly recommend to everyone. The cajun shrimp was excellent. Was a favorite of mine at mesa store. Do you all sell the Cajun ingredients so I can make this at home? Would love to make this and add to dishes at home. Bobby Q cajun spice.',5,'2021-11-09','2021-11-09','','','en',0),(27,'The staff was friendly, the ribs slipped right off of the bone, the mac and cheese was impressive. The restaurant was a little dark (lighting).',5,'2021-11-09','2021-11-09','','','en',0),(28,'Ordered dinner for pick up on way back from a day trip to Montezuma\'s Castle. Ordering was easy. Our teenaged son ordered a burger, we shared wings (prepared dry but served with different sauces), I had a chicken salad and my husband had the brisket sandwich. We can see why Bobby Q has 3 locations- all of our food was very tasty-different from the Kansas style we are used to, but all meats were flavorful, tender and juicy,',4,'2021-11-09','2021-11-09','','','en',0),(29,'Great variety of bbq\'s meats and sides. Meats aren\'t over sauced. Cute outdoor patio. Friendly staff. They bring out delicious corn bread muffins before your meal',4,'2021-11-09','2021-11-09','','','en',0),(30,'We went here while visiting our daughter at GCU. Sat night was to to busy, so we went Mon. All meats were solid, although I don\'t care for sauce already on the meats, and the beans were ok. The Ribeye\'s were good. Good sides. Good Chicken, Ribs, Sausage. Great service. Great atmosphere',5,'2021-11-09','2021-11-09','','','en',0),(31,'Great cocktails, great food, great music and it all comes with a great view. Do not miss this place!',5,'2021-11-09','2021-11-09','','','en',0),(32,'At the 10th floor. Very nice view of Ho Chi Minh city at night. Romantic vibe good for dates. Mostly expats customers. DJ playing when we went Friday evening. Dancing allowed. We had fun and we would love to come back.',5,'2021-11-09','2021-11-09','','','en',0),(33,'Super chilled rooftop with amazing view of the city. Good DJ and great cocktail, combined with good burger.',5,'2021-11-09','2021-11-09','','','en',0),(34,'Amazing place, drinks and food are good and the services is friendly and attentive. We have been there few time already and its a great place to chill on the week and party on the week end! Super sunset!',5,'2021-11-09','2021-11-09','','','en',0),(35,'Come here first time after live in Saigon almost 2year, all prefect. amazing place, best service. Sure we will back .',5,'2021-11-09','2021-11-09','','','en',0),(36,'Loved this restaurant both the set menu Western food and the service. Large, tender Australian tenderloin, one of the best...dessert was spectacular...enjoyed everything',5,'2021-11-09','2021-11-09','','','en',0),(37,'We stayed at this hotel and ate here every morning. The array of dishes was vast and we never tried anything we didn\'t like. We ate dinner here one night and it was very good, too. Solid bet!',5,'2021-11-09','2021-11-09','','','en',0),(38,'We had a great dinner at Esscence restaurant. The food is super delicious with local taste and the service is excellent. Highly recommend!',5,'2021-11-09','2021-11-09','','','en',0),(39,'I was delighted to find that this restaurant had an excellent gluten-free menu for dinner, so there was no issue with explaining my dietary requirement. The food was very good, although the portions weren\'t large. The breakfast buffet was extensive and had plenty of GF options.\nAll the staff were exceptionally helpful and friendly; Sarah and Mint deserve special mention.',5,'2021-11-09','2021-11-09','','','en',0),(40,'The food was so good we moved our hotel accommodation to get in on their included breakfast. We were especially impressed with Alex and Emma who were part of the restaurant wait staff.',5,'2021-11-09','2021-11-09','','','en',0),(41,'I would like to thank our waiter Ilias for being attentive and polite. A good place to come to for lunch. Good food and affordable prices',5,'2021-11-09','2021-11-09','','','en',0),(42,'It\'s one of the best restaurants I\'ve visited in Kyiv! The food is very delicious and the quality of the service is great. A special thanks for our waiter Ilyas!',5,'2021-11-09','2021-11-09','','','en',0),(43,'The meals was perfect and ILYAS is very kind to us as a waiter .Try to its national rice(pilav) meal.',5,'2021-11-09','2021-11-09','','','en',0),(44,'The place is awesome, good service and the food is delicious! The atmosphere is very nice and friendly.',5,'2021-11-09','2021-11-09','','','en',0),(45,'Sells Aleikum! Last night I was visited by Musafir on the Rognedinsky. We got great pleasure. The kitchen is as always on top, the atmosphere is cozy and relaxing to rest and communicating. Special thanks to the waitress Shekera for excellent service.',5,'2021-11-09','2021-11-09','','','en',0),(46,'As a writer Chekhov said about human being: everything should be beautiful, the same I can say about this fabulous restaurant. I came there with my teenage daughter and both of us had a wonderful time. We ordered borsh soup, Olivie salad, shared ribeye, pelmeni, sweet vareniki and smetannik. I tried their house nastoika, after which I bought 4 bottles of it for souvenirs to take back home. The food was tasty, especially I would recommend the deserts. The service by waiter Igor was more than just excellent but also quite rare for Kharkiv.',5,'2021-11-09','2021-11-09','','','en',0),(47,'Delicious food and lovely service. We enjoyed a full dinner, from cocktails to dessert and enjoyed everything served. Highly recommend.',5,'2021-11-09','2021-11-09','','','en',0),(48,'We had different plates and all was very nicely presented and of excellent quality. The veal was extraordinary and one of the best I\'ve eaten in a dcade. The Napoleon cake is amazing, must eat!! Bravo ana a place I\'ll return and remember.',5,'2021-11-09','2021-11-09','','','en',0),(49,'Delicious food, especially rabbit cotlets, pate and Cheescake (dont remeber the name of that desert). One day service was perfect in other there was some problems, dont know why, but i can highly recomend that restaurant.',4,'2021-11-09','2021-11-09','','','en',0),(50,'Great place. Delicious food. Just in the heart of the city. Pricesare quite high, butthe food really costs such money,',5,'2021-11-09','2021-11-09','','','en',0),(51,'One of the best restaurant , every one have to visit, the food and the services are great- Romantic Place.',5,'2021-11-09','2021-11-09','','','en',0),(52,'I was in the area for a meeting and went there for dinner with live piano music. Enjoyable classy atmosphere, good service and super food.',5,'2021-11-09','2021-11-09','','','en',0),(53,'In this restaurant we listened to good music, we ate well, the staff was very good and very good value for money.',5,'2021-11-09','2021-11-09','','','en',0),(54,'Excellent food, cosy atmosphere, perfect service, friendly staff, nice live music. Good value for money We loved it!',5,'2021-11-09','2021-11-09','','','en',0),(55,'Friends of ours from Moscow took us to this restaurant. The service was impeccable. Our friend wanted us to try a special vodka and they didn\'t carry it so our server walked down the street and bought a bottle. The food was incredible. I had the salmon and it was delicious. My husband loved his steak. They have an extensive wine menu as well. They offer a menu in English if you don\'t speak Russian. I would highly recommend this place.',5,'2021-11-09','2021-11-09','','','en',0),(56,'Good place to enjoy a late summer afternoon. The street is quite during august, few tables are arranged on the street, good snacks and cocktails. Service is nice and quick.',4,'2021-11-09','2021-11-09','','','en',0),(57,'It\'s a great place to drink a best of belgian beer and eat delicious food. Home environment, pleasant prices and polite waiters its all about that restaurant. I will back here again coze in Moscow not enough good belgian places like this one.',5,'2021-11-09','2021-11-09','','','en',0),(58,'My new top-3 place in Presnya. Cozy interior, attentive staff and a selection of favorite Belgian specimen. High quality reading included.',5,'2021-11-09','2021-11-09','','','en',0),(59,'Its a wonderful place in my favorite Moscowcity, like little Belgium Its one of my lovely place I really recommend this cafe! A specially after hard work day or after  I dont know maybe walk, or ju',5,'2021-11-09','2021-11-09','','','en',0),(60,'Awesome beer and scrumptious snacks! Super cosy place with hospital waiters and nice public. Belgium atmosphere never leaves you here. Recommend to visit!',5,'2021-11-09','2021-11-09','','','en',0),(61,'Lovely bar in Hamra with very nice drinks, variety and a very happy service!!! Definitely worths visiting for the laid back atmosphere and the cocktails! Excellent Negroni!!! Shukran guys!!!',5,'2021-11-09','2021-11-09','','','en',0),(62,'Exclusive experience of tasting great food and great drinks.... a must try once you r in Beirut... i love this place.',5,'2021-11-09','2021-11-09','','','en',0),(63,'Very friendly service by English speaking staff. Various different Lebanese beers can be drunk here. Small seating area outside and nice bar inside.',5,'2021-11-09','2021-11-09','','','en',0),(64,'located in the famous hamra street in Beirut, it offers a warm atmosphere and offers tasty foods and a large variety of drinks.',4,'2021-11-09','2021-11-09','','','en',0),(65,'Busy little place, if youre a group - best to book in advance! Great cocktail and drinks menu. Burger was great although the smoking jar was really just for creating atmosphere more than anything else.',4,'2021-11-09','2021-11-09','','','en',0),(66,'Excellent excellent. In all means this restaurant sets the standers . What ever you order it comes with the best quality ever.',5,'2021-11-09','2021-11-09','','','en',0),(67,'outstanding seafood restaurant , good food , excellent professional service , excellent selection of fish and lovely desert.',5,'2021-11-09','2021-11-09','','','en',0),(68,'Incredible food, service and view. I was happy with my experience very peaceful. Sat outside by the water.',5,'2021-11-09','2021-11-09','','','en',0),(69,'Working in the hotel industry you will come across many types of travellers. Some will be business guests, others will be tourists and visitors. Many will speak a different language other than your own. Chances are, plenty of your guests will speak English.',4,'2021-11-09','2021-11-09','','','en',0),(70,'I consider this Restaurant one of the best in Beirut.Location wise with a Fantastic view of the Sea & Mountain,very good Food Fish or Grills,Good Service.. Desserts were offered by the Management as always.',4,'2021-11-09','2021-11-09','','','en',0),(71,'The food was very good, service and hotel beyond expectations. Has a very nice playground for children too.',5,'2021-11-09','2021-11-09','','','en',0),(72,'The food was great, the personnel was kind and attentive. Id recommend it all the time. Also, the place is relaxing and surrounding by plants and nature.',5,'2021-11-09','2021-11-09','','','en',0),(73,'Excellent food, it\'s a beautiful place surrounded by nature to enjoy with the family. The collaborators are very kind and the service 100 points!',5,'2021-11-09','2021-11-09','','','en',0),(74,'Actually we enjoy our trip so much the food was everything there staff was so kind,helpful and respectful we totally recommend ! Cant wait to come back.',5,'2021-11-09','2021-11-09','','','en',0),(75,'Excellent service and attention, food and drinks delicious , incredible environment and the entire experience is amazi',5,'2021-11-09','2021-11-09','','','en',0),(76,'This place is fantastic! Vegan empanadas were PHENOMENAL, as were the veggie wrap & veggie burgers. Friendly staff. Chill vibes. Delicious food. Go here!!',5,'2021-11-09','2021-11-09','','','en',0),(77,'The best vegetarian tacos in Guatemala, in a lovely location with great service. I can also recommend the vegetarian burger and ginger lemonade.',5,'2021-11-09','2021-11-09','','','en',0),(78,'The food at this place is great the owner he is so conscious about what he puts out to his customers the smoothies are amazing the drinks overall a great the vegan burger is to die for definitely worth a visit.',5,'2021-11-09','2021-11-09','','','en',0),(79,'Kids are vegan traveling with us so we experienced many vegan locations and this was one of the best. They were excellent about customizing options.',5,'2021-11-09','2021-11-09','','','en',0),(80,'Excellent food & super friendly staff. This place went far beyond my expectations! If you come to Antigua you gotta come here. Not only delicious food but also generous portions. Keep doing what your doing!',5,'2021-11-09','2021-11-09','','','en',0),(81,'We have been invited to this magnificent restaurant, French gastronomy is a must, a real treat with very high quality wines.',5,'2021-11-09','2021-11-09','','','en',0),(82,'An amazing dining experience in the middle of Paris. Really attentive, generous and skilled servers. We tried the 8 servings of the trip menu and it was astounding. Definitely recommendable to anyone wanting a classic Michelin experience.',5,'2021-11-09','2021-11-09','','','en',0),(83,'We went to celebrate our anniversary, the attention and all the little details made you fall in love with the place. Dishes are expectacular.',5,'2021-11-09','2021-11-09','','','en',0),(84,'Service, location and food were unlike anything else I have experienced before.\nIdeal for very special occasions, birthday/anniversary.',5,'2021-11-09','2021-11-09','','','en',0),(85,'This was truly a Parisian experience. The food was excellent, the service was flawless, and the atmosphere was very welcoming. Will definitely dine here again.',5,'2021-11-09','2021-11-09','','','en',0),(86,'Excellent cuisine at very fair prices makes for a tremendous valu. Our chicken and veal were impeccable.',5,'2021-11-09','2021-11-09','','','en',0),(87,'We opted for the lunch menu which worked out at about 20 each for two courses. My cold soup starter was delightful, whilst the main course was absolutely delicious. Portions were average sized, but the food was very tasty and the service and ambiance excellent. A wonderful place for typically French meal.',5,'2021-11-09','2021-11-09','','','en',0),(88,'We had such a lovely meal and Bistrot Instinct. The food was presented nicely and tasted even better. The service was excellent and all waiters spoke excellent English. Cannot recommend enough.',5,'2021-11-09','2021-11-09','','','en',0),(89,'We selected this restaurant based on the good scores from FoodAdvisor... And it was even better than expected. The fish was full of flavor thanks to unusual and researched mix of ingredients, entrecote delicious, staff friendly and professional. I look forward to it again.',5,'2021-11-09','2021-11-09','','','en',0),(90,'We enjoyed our meal very much. We especially appreciated our server, Lou, who spoke great English, and helped us with the menu. Plus, he was attentive and eager to please. Sat outside on a cute street. Good service and good food.',5,'2021-11-09','2021-11-09','','','en',0),(91,'Intrieur absolument magnifique de l\'htel, dcor comme un muse, il est possible de vous transporter sur la cte de Zanzibar au milieu de Lusaka! C\'est vraiment un rgal de s\'y arrter un moment et de se rgaler les yeux sur le dcor avec un dlicieux cappuccino',5,'2021-11-09','2021-11-09','','','fr-FR',0),(92,'Proprit tonnamment spacieuse au coeur d\'une banlieue rsidentielle. Le parking peut tre un peu troit s\'il est occup, surtout le soir. Dcor intressant comme sous les autres latitudes. 2 piscines et espaces de restauration aux ambiances diffrentes. Le service tait lent, dlicieux daiquiri aux fraises, mais le faux-filet tait vraiment trs dur et tait une dception. Donne l\'impression d\'tre chez soi par rapport aux grands htels de marque.',3,'2021-11-09','2021-11-09','','','fr-FR',0),(93,'Je commencerai par dire que j\'tais au dpart trs enthousiaste  l\'ide de visiter le restaurant de Latitude 15. Je visite la Zambie en vacances pour la premire fois et j\'attendais avec impatience un bon dner pendant mon sjour, pour tre extrmement frustr par mon exprience  le restaurant. Mon ami et moi avons essay de commander 5 articles diffrents du menu, juste pour entendre qu\'ils n\'taient pas disponibles (une option d\'alcool, les ctelettes de porc, des calamars, un gratin d\'crevisses et une option de dessert).',2,'2021-11-09','2021-11-09','','','fr-FR',0),(94,'J\'ai besoin de m\'extasier sur le Seafood vol au vent ! Tout d\'abord, il y a quelque chose  propos d\'avoir un vol au vent entier comme plat principal et pas seulement un petit comme entre!\nJ\'ai intitul ma critique \"chorgraphie en bouche\" car c\'est ainsi que les diffrents ingrdients \"dansent\" ensemble dans la bouche, le poisson, les crevettes, les calamars, en couches de pte lgre sur un lit de patate douce et pinards napp d\'une sauce crmeuse ! Ecrire  ce sujet me fait saliver !\nMerci!',5,'2021-11-09','2021-11-09','','','fr-FR',0),(95,'Peut-tre le lieu le plus lgant de Lusaka et un choix de manger au restaurant ou  The Other Side au bord de leur deuxime piscine. Service sympathique quoique quelque peu erratique, nourriture bonne et bien prsente.',5,'2021-11-09','2021-11-09','','','fr-FR',0),(96,'Je le recommande vivement  tout le monde. Les crevettes cajun taient excellentes. C\'tait l\'un de mes prfrs. Vendez-vous les ingrdients cajuns pour que je puisse les prparer  la maison? J\'adorerais faire cela et ajouter aux plats  la maison. pice cajun Bobby Q.',5,'2021-11-09','2021-11-09','','','fr-FR',0),(97,'Le personnel tait sympathique, les ctes ont gliss de l\'os, le macaroni au fromage tait impressionnant. Le restaurant tait un peu sombre (clairage).',5,'2021-11-09','2021-11-09','','','fr-FR',0),(98,'J\'ai command un dner  rcuprer au retour d\'une excursion d\'une journe au chteau de Montezuma. La commande tait facile. Notre fils adolescent a command un hamburger, nous avons partag des ailes (prpares sches mais servies avec diffrentes sauces), j\'ai eu une salade de poulet et mon mari a pris le sandwich  la poitrine. Nous pouvons voir pourquoi Bobby Q a 3 emplacements - toute notre nourriture tait trs savoureuse - diffrente du style du Kansas auquel nous sommes habitus, mais toutes les viandes taient savoureuses, tendres et juteuses,',4,'2021-11-09','2021-11-09','','','fr-FR',0),(99,'Grande varit de viandes et d\'accompagnements pour barbecue. Les viandes ne sont pas trop en sauce. Jolie terrasse extrieure. Personnel amical. Ils sortent de dlicieux muffins au pain de mas avant votre repas',4,'2021-11-09','2021-11-09','','','fr-FR',0),(100,'Nous y sommes alls pour rendre visite  notre fille  GCU. Le samedi soir tait trop occup, alors nous y sommes alls lundi. Toutes les viandes taient bonnes et les haricots taient ok. Les Ribeye taient bons. Bons cts. Bon poulet, ctes leves, saucisses. Trs bon service. Bonne atmosphre',5,'2021-11-09','2021-11-09','','','fr-FR',0),(101,'Nous avons sjourn dans cet htel et y avons mang tous les matins. La gamme de plats tait vaste et nous n\'avons jamais essay quelque chose que nous n\'aimions pas. Nous avons dn ici un soir et c\'tait trs bon aussi. Pari solide !',5,'2021-11-09','2021-11-09','','','fr-FR',0),(102,'J\'ai ador ce restaurant  la fois le menu et le service. Gros filet australien tendre, l\'un des meilleurs... le dessert tait spectaculaire... j\'ai tout apprci',5,'2021-11-09','2021-11-09','','','fr-FR',0),(103,'Nous avons pass un excellent dner au restaurant Essence. La nourriture est super dlicieuse avec un got local et le service est excellent. Recommande fortement!',5,'2021-11-09','2021-11-09','','','fr-FR',0),(104,'J\'ai t ravi de constater que ce restaurant proposait un excellent menu sans gluten pour le dner, il n\'y avait donc aucun problme  expliquer mes besoins alimentaires. La nourriture tait trs bonne, mme si les portions n\'taient pas grandes. Le buffet du petit djeuner tait copieux et il y avait plein d\'options GF.\nTout le personnel tait exceptionnellement serviable et sympathique ; Sarah et Mint mritent une mention spciale.',5,'2021-11-09','2021-11-09','','','fr-FR',0),(105,'La nourriture tait si bonne que nous avons dmnag notre hbergement  l\'htel pour profiter de leur petit-djeuner inclus. Nous avons t particulirement impressionns par Alex et Emma qui faisaient partie des serveurs du restaurant.',5,'2021-11-09','2021-11-09','','','fr-FR',0),(106,'Comme l\'a dit un crivain Tchekhov  propos de l\'tre humain :  tout doit tre beau , je peux dire la mme chose de ce fabuleux restaurant. J\'y suis venu avec ma fille adolescente et nous avons tous les deux pass un merveilleux moment. Nous avons command de la soupe borsh, de la salade Olivie, du faux-filet partag, du pelmeni, du vareniki sucr et du smetannik. J\'ai essay leur nastoika maison, aprs quoi j\'en ai achet 4 bouteilles comme souvenirs  rapporter  la maison. La nourriture tait bonne, surtout je recommanderais les desserts. Le service du serveur Igor tait plus qu\'excellent mais aussi assez rare pour Kharkiv.',5,'2021-11-09','2021-11-09','','','fr-FR',0),(107,'Nourriture dlicieuse et service adorable. Nous avons apprci un dner complet, des cocktails au dessert et avons apprci tout ce qui tait servi. Recommande fortement.',5,'2021-11-09','2021-11-09','','','fr-FR',0),(108,'Nous avions des assiettes diffrentes et tout tait trs joliment prsent et d\'excellente qualit. Le veau tait extraordinaire et l\'un des meilleurs que j\'ai mang depuis une dcennie. Le gteau Napolon est incroyable !! Bravo ! Un endroit o je reviendrai et dont je me souviendrai.',5,'2021-11-09','2021-11-09','','','fr-FR',0),(109,'Nourriture dlicieuse, en particulier les cotelettes de lapin, le pt et le cheesecake (je ne me souviens pas du nom de ce dsert). Le service tait parfait, il y avait quelques problmes, je ne sais pas pourquoi, mais je peux fortement recommander ce restaurant.',4,'2021-11-09','2021-11-09','','','fr-FR',0),(110,'Bel endroit. Nourriture dlicieuse. Juste au coeur de la ville. Les prix sont assez levs.',5,'2021-11-09','2021-11-09','','','fr-FR',0),(111,'Bon endroit pour profiter d\'un aprs-midi de fin d\'t. La rue est calme en aot, peu de tables sont disposes dans la rue, de bons snacks et cocktails. Le service est agrable et rapide.',4,'2021-11-09','2021-11-09','','','fr-FR',0),(112,'C\'est un endroit idal pour boire de la bire belge et manger de la dlicieuse nourriture. Environnement familial, prix agrables et serveurs polis, tout y est dans ce restaurant. Je reviendrai ici car  Moscou il n\'y a pas assez de bons endroits belges comme celui-ci.',5,'2021-11-09','2021-11-09','','','fr-FR',0),(113,'Ma nouvelle place dans le top 3  Presnya. Intrieur confortable, personnel attentif et slection de gammes belges prfrs. Lecture de haute qualit incluse.',5,'2021-11-09','2021-11-09','','','fr-FR',0),(114,'C\'est un endroit merveilleux dans ma ville prfre de Moscou, comme la petite Belgique ? C\'est un endroit trs charment. Je recommande vraiment ce caf ! Parfait pour une journe spciale ou bien aprs une dure journe de travail voir meme aprs ',5,'2021-11-09','2021-11-09','','','fr-FR',0),(115,'Bire gniale et collations dlicieuses! Endroit super confortable avec des serveurs d\'hpitaux et un public sympa. L\'atmosphre belge ne vous quitte jamais ici. REcommande  visiter!',5,'2021-11-09','2021-11-09','','','fr-FR',0),(116,'Charmant bar  Hamra avec de trs bonnes boissons, de la varit et un service trs heureux !!! Vaut vraiment le dtour pour l\'atmosphre dcontracte et les cocktails! Excellent Negroni !!! ',5,'2021-11-09','2021-11-09','','','fr-FR',0),(117,'Exprience exclusive de dgustation de bons plats et de bonnes boissons. . .  essayer une fois si vous tes  Beyrouth. . . j\'adore cet endroit.',5,'2021-11-09','2021-11-09','','','fr-FR',0),(118,'Service trs sympathique par un personnel parlant anglais. Diffrentes bires libanaises peuvent tre bues ici. Petit coin salon  l\'extrieur et joli bar  l\'intrieur.',5,'2021-11-09','2021-11-09','','','fr-FR',0),(119,'Situ dans la clbre rue hamra  Beyrouth, il offre une atmosphre chaleureuse et propose des plats savoureux et une grande varit de boissons.',4,'2021-11-09','2021-11-09','','','fr-FR',0),(120,'Petit endroit occup, si vous tes un groupe, mieux vaut rserver  l\'avance ! Excellente carte de cocktails et de boissons. Le hamburger tait super mme si le pot  fumer tait vraiment juste pour crer une atmosphre plus que toute autre chose.',4,'2021-11-09','2021-11-09','','','fr-FR',0),(121,'Cet endroit est fantastique ! Les empanadas vgtaliennes taient PHENOMENAL, tout comme les wraps vgtariens et les hamburgers vgtariens. Personnel amical. Des vibrations relaxantes. Nourriture dlicieuse. Va ici!!',5,'2021-11-09','2021-11-09','','','fr-FR',0),(122,'Cet endroit est fantastique ! Les empanadas vgtaliennes taient PHENOMENAL, tout comme les wraps vgtariens et les hamburgers vgtariens. Personnel amical. Des vibrations relaxantes. Nourriture dlicieuse. Allez-y !!!',5,'2021-11-09','2021-11-09','','','fr-FR',0),(123,'La nourriture  cet endroit est excellente, le propritaire est tellement conscient de ce qu\'il propose  ses clients. Les smoothies sont incroyables. Les boissons dans l\'ensemble sont excellentes. Le hamburger vgtalien vaut vraiment le dtour.',5,'2021-11-09','2021-11-09','','','fr-FR',0),(124,'Les enfants sont vgtaliens voyageant avec nous, nous avons donc connu de nombreux endroits vgtaliens et c\'tait l\'un des meilleurs. Ils taient excellents pour personnaliser les options.',5,'2021-11-09','2021-11-09','','','fr-FR',0),(125,'Excellente nourriture et personnel super sympa. Cet endroit est all bien au-del de mes attentes! Si vous venez  Antigua, vous devez venir ici. Non seulement des plats dlicieux mais aussi des portions gnreuses. Continuez  faire ce que vous faites !',5,'2021-11-09','2021-11-09','','','fr-FR',0),(126,'Nous avons t invits dans ce magnifique restaurant, la gastronomie franaise est un incontournable, un vrai rgal avec des vins de trs grande qualit.',5,'2021-11-09','2021-11-09','','','fr-FR',0),(127,'Une exprience culinaire incroyable au milieu de Paris. Des serveurs vraiment attentionns, gnreux et comptents. Nous avons essay les 8 portions du \"menu de voyage\" et c\'tait incroyable. Vraiment  recommander  tous ceux qui souhaitent vivre une exprience Michelin classique.',5,'2021-11-09','2021-11-09','','','fr-FR',0),(128,'Nous sommes alls fter notre anniversaire, l\'attention et tous les petits dtails nous ont fait tomber amoureux de l\'endroit.',5,'2021-11-09','2021-11-09','','','fr-FR',0),(129,'Le service, l\'emplacement et la nourriture ne ressemblaient  rien d\'autre que j\'aie connu auparavant. Idal pour des occasions trs spciales, anniversaire/anniversaire.',5,'2021-11-09','2021-11-09','','','fr-FR',0),(130,'C\'tait vraiment une exprience parisienne. La nourriture tait excellente, le service tait impeccable et l\'ambiance tait trs accueillante. Je reviendrai certainement ici.',5,'2021-11-09','2021-11-09','','','fr-FR',0),(131,'Une excellente cuisine  des prix trs raisonnables, un excellent rapport qualit-prix. Notre poulet et notre veau taient impeccables.',5,'2021-11-09','2021-11-09','','','fr-FR',0),(132,'Nous avons opt pour le menu du djeuner qui nous a cot environ 20  chacun pour deux plats. Mon entre de soupe froide tait dlicieuse, tandis que le plat principal tait absolument dlicieux. Les portions taient de taille moyenne, mais la nourriture tait trs savoureuse et le service et l\'ambiance excellents. Un endroit merveilleux pour un repas typiquement franais.',5,'2021-11-09','2021-11-09','','','fr-FR',0),(133,'Nous avons eu un si bon repas au Bistrot Instinct. La nourriture tait bien prsente et tait encore trs bonne. Le service tait excellent et tous les serveurs parlaient un anglais excellent. Je ne peux pas recommander assez.',5,'2021-11-09','2021-11-09','','','fr-FR',0),(134,'Nous avons slectionn ce restaurant sur la base des bonnes note sur FoodAdvisor... Et c\'tait encore mieux que prvu. Le poisson tait plein de saveur grce  un mlange d\'ingrdients inhabituel et recherch, une entrecte dlicieuse, un personnel amical et professionnel. Je reviendrai !',5,'2021-11-09','2021-11-09','','','fr-FR',0),(135,'Nous avons beaucoup apprci notre repas. Nous avons particulirement apprci notre serveur, Lou, qui parlait trs bien anglais et nous a aid avec le menu. De plus, il tait attentif et dsireux de plaire. Assis dehors dans une jolie rue. Bon service et bonne nourriture.',5,'2021-11-09','2021-11-09','','','fr-FR',0);
/*!40000 ALTER TABLE `reviews` ENABLE KEYS */;
UNLOCK TABLES;

--
-- Table structure for table `reviews_author_links`
--

DROP TABLE IF EXISTS `reviews_author_links`;
/*!40101 SET @saved_cs_client     = @@character_set_client */;
/*!40101 SET character_set_client = utf8 */;
CREATE TABLE `reviews_author_links` (
  `review_id` smallint(6) DEFAULT NULL,
  `user_id` tinyint(4) DEFAULT NULL,
  `id` smallint(6) DEFAULT NULL,
  `review_order` varchar(0) DEFAULT NULL
) ENGINE=InnoDB DEFAULT CHARSET=utf8mb4;
/*!40101 SET character_set_client = @saved_cs_client */;

--
-- Dumping data for table `reviews_author_links`
--

LOCK TABLES `reviews_author_links` WRITE;
/*!40000 ALTER TABLE `reviews_author_links` DISABLE KEYS */;
INSERT INTO `reviews_author_links` VALUES (10,11,1,''),(18,11,2,''),(40,11,3,''),(105,11,4,''),(58,11,5,''),(113,11,6,''),(62,11,7,''),(117,11,8,''),(78,11,9,''),(123,11,10,''),(17,16,11,''),(49,16,12,''),(109,16,13,''),(53,16,14,''),(74,16,15,''),(79,16,16,''),(124,16,17,''),(90,16,18,''),(135,16,19,''),(98,18,20,''),(6,18,21,''),(22,18,22,''),(28,18,23,''),(48,18,24,''),(108,18,25,''),(93,20,26,''),(36,20,27,''),(102,20,28,''),(3,20,29,''),(44,20,30,''),(70,20,31,''),(15,17,32,''),(69,17,33,''),(80,17,34,''),(125,17,35,''),(85,17,36,''),(130,17,37,''),(86,17,38,''),(131,17,39,''),(30,15,40,''),(100,15,41,''),(14,15,42,''),(51,15,43,''),(66,15,44,''),(94,5,45,''),(97,5,46,''),(4,5,47,''),(27,5,48,''),(76,5,49,''),(121,5,50,''),(37,9,51,''),(101,9,52,''),(24,9,53,''),(29,9,54,''),(99,9,55,''),(45,9,56,''),(60,9,57,''),(115,9,58,''),(75,9,59,''),(82,9,60,''),(127,9,61,''),(95,6,62,''),(5,6,63,''),(21,6,64,''),(57,6,65,''),(112,6,66,''),(81,6,67,''),(126,6,68,''),(20,14,69,''),(33,14,70,''),(43,14,71,''),(47,14,72,''),(107,14,73,''),(83,14,74,''),(128,14,75,''),(35,4,76,''),(42,4,77,''),(84,4,78,''),(129,4,79,''),(11,1,80,''),(52,1,81,''),(87,1,82,''),(132,1,83,''),(38,12,84,''),(103,12,85,''),(13,12,86,''),(59,12,87,''),(114,12,88,''),(68,12,89,''),(19,13,90,''),(54,13,91,''),(65,13,92,''),(120,13,93,''),(12,8,94,''),(16,8,95,''),(55,8,96,''),(64,8,97,''),(119,8,98,''),(71,8,99,''),(96,10,100,''),(7,10,101,''),(25,10,102,''),(26,10,103,''),(32,10,104,''),(46,10,105,''),(106,10,106,''),(77,10,107,''),(122,10,108,''),(89,10,109,''),(134,10,110,''),(8,3,111,''),(31,3,112,''),(41,3,113,''),(72,3,114,''),(92,19,115,''),(2,19,116,''),(34,19,117,''),(73,19,118,''),(91,2,119,''),(1,2,120,''),(23,2,121,''),(63,2,122,''),(118,2,123,''),(67,2,124,''),(9,7,125,''),(39,7,126,''),(104,7,127,''),(50,7,128,''),(110,7,129,''),(56,7,130,''),(111,7,131,''),(61,7,132,''),(116,7,133,''),(88,7,134,''),(133,7,135,'');
/*!40000 ALTER TABLE `reviews_author_links` ENABLE KEYS */;
UNLOCK TABLES;

--
-- Table structure for table `reviews_localizations_links`
--

DROP TABLE IF EXISTS `reviews_localizations_links`;
/*!40101 SET @saved_cs_client     = @@character_set_client */;
/*!40101 SET character_set_client = utf8 */;
CREATE TABLE `reviews_localizations_links` (
  `review_id` smallint(6) DEFAULT NULL,
  `inv_review_id` smallint(6) DEFAULT NULL,
  `id` tinyint(4) DEFAULT NULL,
  `review_order` varchar(0) DEFAULT NULL
) ENGINE=InnoDB DEFAULT CHARSET=utf8mb4;
/*!40101 SET character_set_client = @saved_cs_client */;

--
-- Dumping data for table `reviews_localizations_links`
--

LOCK TABLES `reviews_localizations_links` WRITE;
/*!40000 ALTER TABLE `reviews_localizations_links` DISABLE KEYS */;
INSERT INTO `reviews_localizations_links` VALUES (91,1,1,''),(1,91,2,''),(92,2,3,''),(2,92,4,''),(93,3,5,''),(3,93,6,''),(94,4,7,''),(4,94,8,''),(95,5,9,''),(5,95,10,''),(96,26,11,''),(26,96,12,''),(97,27,13,''),(27,97,14,''),(98,28,15,''),(28,98,16,''),(99,29,17,''),(29,99,18,''),(100,30,19,''),(30,100,20,''),(101,37,21,''),(37,101,22,''),(102,36,23,''),(36,102,24,''),(103,38,25,''),(38,103,26,''),(104,39,27,''),(39,104,28,''),(105,40,29,''),(40,105,30,''),(106,46,31,''),(46,106,32,''),(107,47,33,''),(47,107,34,''),(108,48,35,''),(48,108,36,''),(109,49,37,''),(49,109,38,''),(110,50,39,''),(50,110,40,''),(111,56,41,''),(56,111,42,''),(112,57,43,''),(57,112,44,''),(113,58,45,''),(58,113,46,''),(114,59,47,''),(59,114,48,''),(115,60,49,''),(60,115,50,''),(116,61,51,''),(61,116,52,''),(117,62,53,''),(62,117,54,''),(118,63,55,''),(63,118,56,''),(119,64,57,''),(64,119,58,''),(120,65,59,''),(65,120,60,''),(121,76,61,''),(76,121,62,''),(122,77,63,''),(77,122,64,''),(123,78,65,''),(78,123,66,''),(124,79,67,''),(79,124,68,''),(125,80,69,''),(80,125,70,''),(126,81,71,''),(81,126,72,''),(127,82,73,''),(82,127,74,''),(128,83,75,''),(83,128,76,''),(129,84,77,''),(84,129,78,''),(130,85,79,''),(85,130,80,''),(131,86,81,''),(86,131,82,''),(132,87,83,''),(87,132,84,''),(133,88,85,''),(88,133,86,''),(134,89,87,''),(89,134,88,''),(135,90,89,''),(90,135,90,'');
/*!40000 ALTER TABLE `reviews_localizations_links` ENABLE KEYS */;
UNLOCK TABLES;

--
-- Table structure for table `reviews_restaurant_links`
--

DROP TABLE IF EXISTS `reviews_restaurant_links`;
/*!40101 SET @saved_cs_client     = @@character_set_client */;
/*!40101 SET character_set_client = utf8 */;
CREATE TABLE `reviews_restaurant_links` (
  `review_id` smallint(6) DEFAULT NULL,
  `restaurant_id` tinyint(4) DEFAULT NULL,
  `id` smallint(6) DEFAULT NULL,
  `review_order` varchar(0) DEFAULT NULL
) ENGINE=InnoDB DEFAULT CHARSET=utf8mb4;
/*!40101 SET character_set_client = @saved_cs_client */;

--
-- Dumping data for table `reviews_restaurant_links`
--

LOCK TABLES `reviews_restaurant_links` WRITE;
/*!40000 ALTER TABLE `reviews_restaurant_links` DISABLE KEYS */;
INSERT INTO `reviews_restaurant_links` VALUES (131,19,1,''),(132,19,2,''),(133,19,3,''),(134,19,4,''),(135,19,5,''),(96,20,6,''),(97,20,7,''),(98,20,8,''),(100,20,9,''),(99,20,10,''),(46,10,11,''),(47,10,12,''),(48,10,13,''),(49,10,14,''),(50,10,15,''),(106,21,16,''),(107,21,17,''),(108,21,18,''),(109,21,19,''),(110,21,20,''),(37,8,21,''),(36,8,22,''),(38,8,23,''),(39,8,24,''),(40,8,25,''),(101,22,26,''),(102,22,27,''),(103,22,28,''),(104,22,29,''),(105,22,30,''),(61,13,31,''),(62,13,32,''),(63,13,33,''),(64,13,34,''),(65,13,35,''),(116,23,36,''),(117,23,37,''),(118,23,38,''),(119,23,39,''),(120,23,40,''),(76,16,41,''),(77,16,42,''),(78,16,43,''),(79,16,44,''),(80,16,45,''),(121,24,46,''),(122,24,47,''),(123,24,48,''),(124,24,49,''),(125,24,50,''),(1,5,51,''),(2,5,52,''),(3,5,53,''),(4,5,54,''),(5,5,55,''),(91,25,56,''),(92,25,57,''),(93,25,58,''),(94,25,59,''),(95,25,60,''),(56,12,61,''),(57,12,62,''),(58,12,63,''),(59,12,64,''),(60,12,65,''),(111,26,66,''),(112,26,67,''),(113,26,68,''),(114,26,69,''),(115,26,70,''),(71,15,71,''),(72,15,72,''),(73,15,73,''),(74,15,74,''),(75,15,75,''),(11,6,76,''),(12,6,77,''),(13,6,78,''),(14,6,79,''),(15,6,80,''),(6,1,81,''),(7,1,82,''),(8,1,83,''),(9,1,84,''),(10,1,85,''),(41,9,86,''),(42,9,87,''),(43,9,88,''),(44,9,89,''),(45,9,90,''),(81,17,91,''),(82,17,92,''),(83,17,93,''),(84,17,94,''),(85,17,95,''),(126,27,96,''),(127,27,97,''),(128,27,98,''),(129,27,99,''),(130,27,100,''),(16,2,101,''),(17,2,102,''),(18,2,103,''),(19,2,104,''),(20,2,105,''),(21,3,106,''),(22,3,107,''),(23,3,108,''),(24,3,109,''),(25,3,110,''),(51,11,111,''),(52,11,112,''),(53,11,113,''),(54,11,114,''),(55,11,115,''),(66,14,116,''),(67,14,117,''),(68,14,118,''),(69,14,119,''),(70,14,120,''),(31,4,121,''),(32,4,122,''),(33,4,123,''),(34,4,124,''),(35,4,125,''),(86,18,126,''),(87,18,127,''),(88,18,128,''),(89,18,129,''),(90,18,130,''),(30,7,131,''),(26,7,132,''),(27,7,133,''),(28,7,134,''),(29,7,135,'');
/*!40000 ALTER TABLE `reviews_restaurant_links` ENABLE KEYS */;
UNLOCK TABLES;

--
-- Table structure for table `scheduler_scheduler`
--

DROP TABLE IF EXISTS `scheduler_scheduler`;
/*!40101 SET @saved_cs_client     = @@character_set_client */;
/*!40101 SET character_set_client = utf8 */;
CREATE TABLE `scheduler_scheduler` (
  `id` varchar(0) DEFAULT NULL,
  `scheduled_datetime` varchar(0) DEFAULT NULL,
  `uid` varchar(0) DEFAULT NULL,
  `content_id` varchar(0) DEFAULT NULL,
  `schedule_type` varchar(0) DEFAULT NULL,
  `created_at` varchar(0) DEFAULT NULL,
  `updated_at` varchar(0) DEFAULT NULL,
  `created_by_id` varchar(0) DEFAULT NULL,
  `updated_by_id` varchar(0) DEFAULT NULL,
  `sitemap_exclude` varchar(0) DEFAULT NULL
) ENGINE=InnoDB DEFAULT CHARSET=utf8mb4;
/*!40101 SET character_set_client = @saved_cs_client */;

--
-- Dumping data for table `scheduler_scheduler`
--

LOCK TABLES `scheduler_scheduler` WRITE;
/*!40000 ALTER TABLE `scheduler_scheduler` DISABLE KEYS */;
/*!40000 ALTER TABLE `scheduler_scheduler` ENABLE KEYS */;
UNLOCK TABLES;

--
-- Table structure for table `sqlite_sequence`
--

DROP TABLE IF EXISTS `sqlite_sequence`;
/*!40101 SET @saved_cs_client     = @@character_set_client */;
/*!40101 SET character_set_client = utf8 */;
CREATE TABLE `sqlite_sequence` (
  `name` varchar(52) DEFAULT NULL,
  `seq` smallint(6) DEFAULT NULL
) ENGINE=InnoDB DEFAULT CHARSET=utf8mb4;
/*!40101 SET character_set_client = @saved_cs_client */;

--
-- Dumping data for table `sqlite_sequence`
--

LOCK TABLES `sqlite_sequence` WRITE;
/*!40000 ALTER TABLE `sqlite_sequence` DISABLE KEYS */;
INSERT INTO `sqlite_sequence` VALUES ('strapi_database_schema',47),('strapi_core_store_settings',71),('i18n_locale',2),('up_roles',2),('up_permissions',27),('files',139),('categories',14),('places',9),('admin_roles',4),('admin_permissions',400),('admin_users',4),('components_shared_question_answers',95),('components_article_related_articles',8),('up_users',20),('components_opening_hours',46),('components_restaurant_more_information',27),('components_restaurant_information',27),('components_shared_social_network',175),('components_restaurant_related_restaurants',14),('reviews',226),('components_shared_cards',10),('components_slices_heroes',2),('components_shared_features_checks',88),('components_slices_teams',3),('components_shared_perks',135),('components_shared_pricing_cards',38),('components_slices_pricings',19),('blog_pages',2),('components_global_navigations',4),('components_global_footers',4),('restaurant_pages',2),('components_shared_comments',2),('components_shared_seos',16),('components_blocks_cta_command_lines',12),('components_slices_ctas',23),('components_shared_faqs',26),('components_slices_features_with_images',21),('components_slices_features',2),('components_shared_testimonials',21),('components_shared_buttons',30),('components_shared_headers',72),('components_shared_links',95),('components_shared_meta_socials',4),('upload_folders',1),('todo_task',5),('cookies',2),('cookie_categories',2),('globals',4),('scheduler_scheduler',0),('pages',7),('restaurants',28),('strapi_api_token_permissions',0),('strapi_api_token_permissions_token_links',0),('components_shared_footer_columns',12),('articles_components',541),('blog_pages_components',21),('globals_components',14),('pages_components',345),('restaurants_components',466),('restaurant_pages_components',21),('components_slices_ctas_components',49),('components_shared_faqs_components',489),('components_slices_features_with_images_components',313),('components_slices_features_components',117),('components_slices_heroes_components',60),('components_slices_pricings_components',108),('components_article_related_articles_components',131),('components_restaurant_related_restaurants_components',37),('components_slices_teams_components',22),('components_global_footers_components',28),('components_global_navigations_components',36),('components_shared_pricing_cards_components',264),('components_restaurant_information_components',228),('components_shared_buttons_components',96),('components_shared_footer_columns_components',77),('components_shared_seos_components',63),('components_shared_team_cards_components',0),('articles',12);
/*!40000 ALTER TABLE `sqlite_sequence` ENABLE KEYS */;
UNLOCK TABLES;

--
-- Table structure for table `strapi_api_token_permissions`
--

DROP TABLE IF EXISTS `strapi_api_token_permissions`;
/*!40101 SET @saved_cs_client     = @@character_set_client */;
/*!40101 SET character_set_client = utf8 */;
CREATE TABLE `strapi_api_token_permissions` (
  `id` varchar(0) DEFAULT NULL,
  `action` varchar(0) DEFAULT NULL,
  `created_at` varchar(0) DEFAULT NULL,
  `updated_at` varchar(0) DEFAULT NULL,
  `created_by_id` varchar(0) DEFAULT NULL,
  `updated_by_id` varchar(0) DEFAULT NULL,
  `sitemap_exclude` varchar(0) DEFAULT NULL
) ENGINE=InnoDB DEFAULT CHARSET=utf8mb4;
/*!40101 SET character_set_client = @saved_cs_client */;

--
-- Dumping data for table `strapi_api_token_permissions`
--

LOCK TABLES `strapi_api_token_permissions` WRITE;
/*!40000 ALTER TABLE `strapi_api_token_permissions` DISABLE KEYS */;
/*!40000 ALTER TABLE `strapi_api_token_permissions` ENABLE KEYS */;
UNLOCK TABLES;

--
-- Table structure for table `strapi_api_token_permissions_token_links`
--

DROP TABLE IF EXISTS `strapi_api_token_permissions_token_links`;
/*!40101 SET @saved_cs_client     = @@character_set_client */;
/*!40101 SET character_set_client = utf8 */;
CREATE TABLE `strapi_api_token_permissions_token_links` (
  `id` varchar(0) DEFAULT NULL,
  `api_token_permission_id` varchar(0) DEFAULT NULL,
  `api_token_id` varchar(0) DEFAULT NULL,
  `api_token_permission_order` varchar(0) DEFAULT NULL
) ENGINE=InnoDB DEFAULT CHARSET=utf8mb4;
/*!40101 SET character_set_client = @saved_cs_client */;

--
-- Dumping data for table `strapi_api_token_permissions_token_links`
--

LOCK TABLES `strapi_api_token_permissions_token_links` WRITE;
/*!40000 ALTER TABLE `strapi_api_token_permissions_token_links` DISABLE KEYS */;
/*!40000 ALTER TABLE `strapi_api_token_permissions_token_links` ENABLE KEYS */;
UNLOCK TABLES;

--
-- Table structure for table `strapi_api_tokens`
--

DROP TABLE IF EXISTS `strapi_api_tokens`;
/*!40101 SET @saved_cs_client     = @@character_set_client */;
/*!40101 SET character_set_client = utf8 */;
CREATE TABLE `strapi_api_tokens` (
  `id` varchar(0) DEFAULT NULL,
  `name` varchar(0) DEFAULT NULL,
  `description` varchar(0) DEFAULT NULL,
  `type` varchar(0) DEFAULT NULL,
  `access_key` varchar(0) DEFAULT NULL,
  `created_at` varchar(0) DEFAULT NULL,
  `updated_at` varchar(0) DEFAULT NULL,
  `created_by_id` varchar(0) DEFAULT NULL,
  `updated_by_id` varchar(0) DEFAULT NULL,
  `last_used_at` varchar(0) DEFAULT NULL,
  `expires_at` varchar(0) DEFAULT NULL,
  `lifespan` varchar(0) DEFAULT NULL
) ENGINE=InnoDB DEFAULT CHARSET=utf8mb4;
/*!40101 SET character_set_client = @saved_cs_client */;

--
-- Dumping data for table `strapi_api_tokens`
--

LOCK TABLES `strapi_api_tokens` WRITE;
/*!40000 ALTER TABLE `strapi_api_tokens` DISABLE KEYS */;
/*!40000 ALTER TABLE `strapi_api_tokens` ENABLE KEYS */;
UNLOCK TABLES;

--
-- Table structure for table `strapi_core_store_settings`
--

DROP TABLE IF EXISTS `strapi_core_store_settings`;
/*!40101 SET @saved_cs_client     = @@character_set_client */;
/*!40101 SET character_set_client = utf8 */;
CREATE TABLE `strapi_core_store_settings` (
  `id` tinyint(4) DEFAULT NULL,
  `key` varchar(88) DEFAULT NULL,
  `value` text,
  `type` varchar(6) DEFAULT NULL,
  `environment` varchar(0) DEFAULT NULL,
  `tag` varchar(0) DEFAULT NULL
) ENGINE=InnoDB DEFAULT CHARSET=utf8mb4;
/*!40101 SET character_set_client = @saved_cs_client */;

--
-- Dumping data for table `strapi_core_store_settings`
--

LOCK TABLES `strapi_core_store_settings` WRITE;
/*!40000 ALTER TABLE `strapi_core_store_settings` DISABLE KEYS */;
INSERT INTO `strapi_core_store_settings` VALUES (1,'strapi_content_types_schema','{\"admin::permission\":{\"collectionName\":\"admin_permissions\",\"info\":{\"name\":\"Permission\",\"description\":\"\",\"singularName\":\"permission\",\"pluralName\":\"permissions\",\"displayName\":\"Permission\"},\"options\":{},\"pluginOptions\":{\"content-manager\":{\"visible\":false},\"content-type-builder\":{\"visible\":false}},\"attributes\":{\"action\":{\"type\":\"string\",\"minLength\":1,\"configurable\":false,\"required\":true},\"subject\":{\"type\":\"string\",\"minLength\":1,\"configurable\":false,\"required\":false},\"properties\":{\"type\":\"json\",\"configurable\":false,\"required\":false,\"default\":{}},\"conditions\":{\"type\":\"json\",\"configurable\":false,\"required\":false,\"default\":[]},\"role\":{\"configurable\":false,\"type\":\"relation\",\"relation\":\"manyToOne\",\"inversedBy\":\"permissions\",\"target\":\"admin::role\"},\"createdAt\":{\"type\":\"datetime\"},\"updatedAt\":{\"type\":\"datetime\"},\"createdBy\":{\"type\":\"relation\",\"relation\":\"oneToOne\",\"target\":\"admin::user\",\"configurable\":false,\"writable\":false,\"visible\":false,\"useJoinTable\":false,\"private\":true},\"updatedBy\":{\"type\":\"relation\",\"relation\":\"oneToOne\",\"target\":\"admin::user\",\"configurable\":false,\"writable\":false,\"visible\":false,\"useJoinTable\":false,\"private\":true}},\"kind\":\"collectionType\",\"__schema__\":{\"collectionName\":\"admin_permissions\",\"info\":{\"name\":\"Permission\",\"description\":\"\",\"singularName\":\"permission\",\"pluralName\":\"permissions\",\"displayName\":\"Permission\"},\"options\":{},\"pluginOptions\":{\"content-manager\":{\"visible\":false},\"content-type-builder\":{\"visible\":false}},\"attributes\":{\"action\":{\"type\":\"string\",\"minLength\":1,\"configurable\":false,\"required\":true},\"subject\":{\"type\":\"string\",\"minLength\":1,\"configurable\":false,\"required\":false},\"properties\":{\"type\":\"json\",\"configurable\":false,\"required\":false,\"default\":{}},\"conditions\":{\"type\":\"json\",\"configurable\":false,\"required\":false,\"default\":[]},\"role\":{\"configurable\":false,\"type\":\"relation\",\"relation\":\"manyToOne\",\"inversedBy\":\"permissions\",\"target\":\"admin::role\"}},\"kind\":\"collectionType\"},\"modelType\":\"contentType\",\"modelName\":\"permission\",\"connection\":\"default\",\"uid\":\"admin::permission\",\"plugin\":\"admin\",\"globalId\":\"AdminPermission\"},\"admin::user\":{\"collectionName\":\"admin_users\",\"info\":{\"name\":\"User\",\"description\":\"\",\"singularName\":\"user\",\"pluralName\":\"users\",\"displayName\":\"User\"},\"pluginOptions\":{\"content-manager\":{\"visible\":false},\"content-type-builder\":{\"visible\":false}},\"attributes\":{\"firstname\":{\"type\":\"string\",\"unique\":false,\"minLength\":1,\"configurable\":false,\"required\":false},\"lastname\":{\"type\":\"string\",\"unique\":false,\"minLength\":1,\"configurable\":false,\"required\":false},\"username\":{\"type\":\"string\",\"unique\":false,\"configurable\":false,\"required\":false},\"email\":{\"type\":\"email\",\"minLength\":6,\"configurable\":false,\"required\":true,\"unique\":true,\"private\":true},\"password\":{\"type\":\"password\",\"minLength\":6,\"configurable\":false,\"required\":false,\"private\":true},\"resetPasswordToken\":{\"type\":\"string\",\"configurable\":false,\"private\":true},\"registrationToken\":{\"type\":\"string\",\"configurable\":false,\"private\":true},\"isActive\":{\"type\":\"boolean\",\"default\":false,\"configurable\":false,\"private\":true},\"roles\":{\"configurable\":false,\"private\":true,\"type\":\"relation\",\"relation\":\"manyToMany\",\"inversedBy\":\"users\",\"target\":\"admin::role\",\"collectionName\":\"strapi_users_roles\"},\"blocked\":{\"type\":\"boolean\",\"default\":false,\"configurable\":false,\"private\":true},\"preferedLanguage\":{\"type\":\"string\",\"configurable\":false,\"required\":false},\"createdAt\":{\"type\":\"datetime\"},\"updatedAt\":{\"type\":\"datetime\"},\"createdBy\":{\"type\":\"relation\",\"relation\":\"oneToOne\",\"target\":\"admin::user\",\"configurable\":false,\"writable\":false,\"visible\":false,\"useJoinTable\":false,\"private\":true},\"updatedBy\":{\"type\":\"relation\",\"relation\":\"oneToOne\",\"target\":\"admin::user\",\"configurable\":false,\"writable\":false,\"visible\":false,\"useJoinTable\":false,\"private\":true}},\"kind\":\"collectionType\",\"__schema__\":{\"collectionName\":\"admin_users\",\"info\":{\"name\":\"User\",\"description\":\"\",\"singularName\":\"user\",\"pluralName\":\"users\",\"displayName\":\"User\"},\"pluginOptions\":{\"content-manager\":{\"visible\":false},\"content-type-builder\":{\"visible\":false}},\"attributes\":{\"firstname\":{\"type\":\"string\",\"unique\":false,\"minLength\":1,\"configurable\":false,\"required\":false},\"lastname\":{\"type\":\"string\",\"unique\":false,\"minLength\":1,\"configurable\":false,\"required\":false},\"username\":{\"type\":\"string\",\"unique\":false,\"configurable\":false,\"required\":false},\"email\":{\"type\":\"email\",\"minLength\":6,\"configurable\":false,\"required\":true,\"unique\":true,\"private\":true},\"password\":{\"type\":\"password\",\"minLength\":6,\"configurable\":false,\"required\":false,\"private\":true},\"resetPasswordToken\":{\"type\":\"string\",\"configurable\":false,\"private\":true},\"registrationToken\":{\"type\":\"string\",\"configurable\":false,\"private\":true},\"isActive\":{\"type\":\"boolean\",\"default\":false,\"configurable\":false,\"private\":true},\"roles\":{\"configurable\":false,\"private\":true,\"type\":\"relation\",\"relation\":\"manyToMany\",\"inversedBy\":\"users\",\"target\":\"admin::role\",\"collectionName\":\"strapi_users_roles\"},\"blocked\":{\"type\":\"boolean\",\"default\":false,\"configurable\":false,\"private\":true},\"preferedLanguage\":{\"type\":\"string\",\"configurable\":false,\"required\":false}},\"kind\":\"collectionType\"},\"modelType\":\"contentType\",\"modelName\":\"user\",\"connection\":\"default\",\"uid\":\"admin::user\",\"plugin\":\"admin\",\"globalId\":\"AdminUser\"},\"admin::role\":{\"collectionName\":\"admin_roles\",\"info\":{\"name\":\"Role\",\"description\":\"\",\"singularName\":\"role\",\"pluralName\":\"roles\",\"displayName\":\"Role\"},\"options\":{},\"pluginOptions\":{\"content-manager\":{\"visible\":false},\"content-type-builder\":{\"visible\":false}},\"attributes\":{\"name\":{\"type\":\"string\",\"minLength\":1,\"unique\":true,\"configurable\":false,\"required\":true},\"code\":{\"type\":\"string\",\"minLength\":1,\"unique\":true,\"configurable\":false,\"required\":true},\"description\":{\"type\":\"string\",\"configurable\":false},\"users\":{\"configurable\":false,\"type\":\"relation\",\"relation\":\"manyToMany\",\"mappedBy\":\"roles\",\"target\":\"admin::user\"},\"permissions\":{\"configurable\":false,\"type\":\"relation\",\"relation\":\"oneToMany\",\"mappedBy\":\"role\",\"target\":\"admin::permission\"},\"createdAt\":{\"type\":\"datetime\"},\"updatedAt\":{\"type\":\"datetime\"},\"createdBy\":{\"type\":\"relation\",\"relation\":\"oneToOne\",\"target\":\"admin::user\",\"configurable\":false,\"writable\":false,\"visible\":false,\"useJoinTable\":false,\"private\":true},\"updatedBy\":{\"type\":\"relation\",\"relation\":\"oneToOne\",\"target\":\"admin::user\",\"configurable\":false,\"writable\":false,\"visible\":false,\"useJoinTable\":false,\"private\":true}},\"kind\":\"collectionType\",\"__schema__\":{\"collectionName\":\"admin_roles\",\"info\":{\"name\":\"Role\",\"description\":\"\",\"singularName\":\"role\",\"pluralName\":\"roles\",\"displayName\":\"Role\"},\"options\":{},\"pluginOptions\":{\"content-manager\":{\"visible\":false},\"content-type-builder\":{\"visible\":false}},\"attributes\":{\"name\":{\"type\":\"string\",\"minLength\":1,\"unique\":true,\"configurable\":false,\"required\":true},\"code\":{\"type\":\"string\",\"minLength\":1,\"unique\":true,\"configurable\":false,\"required\":true},\"description\":{\"type\":\"string\",\"configurable\":false},\"users\":{\"configurable\":false,\"type\":\"relation\",\"relation\":\"manyToMany\",\"mappedBy\":\"roles\",\"target\":\"admin::user\"},\"permissions\":{\"configurable\":false,\"type\":\"relation\",\"relation\":\"oneToMany\",\"mappedBy\":\"role\",\"target\":\"admin::permission\"}},\"kind\":\"collectionType\"},\"modelType\":\"contentType\",\"modelName\":\"role\",\"connection\":\"default\",\"uid\":\"admin::role\",\"plugin\":\"admin\",\"globalId\":\"AdminRole\"},\"admin::api-token\":{\"collectionName\":\"strapi_api_tokens\",\"info\":{\"name\":\"Api Token\",\"singularName\":\"api-token\",\"pluralName\":\"api-tokens\",\"displayName\":\"Api Token\",\"description\":\"\"},\"options\":{},\"pluginOptions\":{\"content-manager\":{\"visible\":false},\"content-type-builder\":{\"visible\":false}},\"attributes\":{\"name\":{\"type\":\"string\",\"minLength\":1,\"configurable\":false,\"required\":true,\"unique\":true},\"description\":{\"type\":\"string\",\"minLength\":1,\"configurable\":false,\"required\":false,\"default\":\"\"},\"type\":{\"type\":\"enumeration\",\"enum\":[\"read-only\",\"full-access\",\"custom\"],\"configurable\":false,\"required\":true,\"default\":\"read-only\"},\"accessKey\":{\"type\":\"string\",\"minLength\":1,\"configurable\":false,\"required\":true},\"lastUsedAt\":{\"type\":\"datetime\",\"configurable\":false,\"required\":false},\"permissions\":{\"type\":\"relation\",\"target\":\"admin::api-token-permission\",\"relation\":\"oneToMany\",\"mappedBy\":\"token\",\"configurable\":false,\"required\":false},\"expiresAt\":{\"type\":\"datetime\",\"configurable\":false,\"required\":false},\"lifespan\":{\"type\":\"integer\",\"configurable\":false,\"required\":false},\"createdAt\":{\"type\":\"datetime\"},\"updatedAt\":{\"type\":\"datetime\"},\"createdBy\":{\"type\":\"relation\",\"relation\":\"oneToOne\",\"target\":\"admin::user\",\"configurable\":false,\"writable\":false,\"visible\":false,\"useJoinTable\":false,\"private\":true},\"updatedBy\":{\"type\":\"relation\",\"relation\":\"oneToOne\",\"target\":\"admin::user\",\"configurable\":false,\"writable\":false,\"visible\":false,\"useJoinTable\":false,\"private\":true}},\"kind\":\"collectionType\",\"__schema__\":{\"collectionName\":\"strapi_api_tokens\",\"info\":{\"name\":\"Api Token\",\"singularName\":\"api-token\",\"pluralName\":\"api-tokens\",\"displayName\":\"Api Token\",\"description\":\"\"},\"options\":{},\"pluginOptions\":{\"content-manager\":{\"visible\":false},\"content-type-builder\":{\"visible\":false}},\"attributes\":{\"name\":{\"type\":\"string\",\"minLength\":1,\"configurable\":false,\"required\":true,\"unique\":true},\"description\":{\"type\":\"string\",\"minLength\":1,\"configurable\":false,\"required\":false,\"default\":\"\"},\"type\":{\"type\":\"enumeration\",\"enum\":[\"read-only\",\"full-access\",\"custom\"],\"configurable\":false,\"required\":true,\"default\":\"read-only\"},\"accessKey\":{\"type\":\"string\",\"minLength\":1,\"configurable\":false,\"required\":true},\"lastUsedAt\":{\"type\":\"datetime\",\"configurable\":false,\"required\":false},\"permissions\":{\"type\":\"relation\",\"target\":\"admin::api-token-permission\",\"relation\":\"oneToMany\",\"mappedBy\":\"token\",\"configurable\":false,\"required\":false},\"expiresAt\":{\"type\":\"datetime\",\"configurable\":false,\"required\":false},\"lifespan\":{\"type\":\"integer\",\"configurable\":false,\"required\":false}},\"kind\":\"collectionType\"},\"modelType\":\"contentType\",\"modelName\":\"api-token\",\"connection\":\"default\",\"uid\":\"admin::api-token\",\"plugin\":\"admin\",\"globalId\":\"AdminApiToken\"},\"admin::api-token-permission\":{\"collectionName\":\"strapi_api_token_permissions\",\"info\":{\"name\":\"API Token Permission\",\"description\":\"\",\"singularName\":\"api-token-permission\",\"pluralName\":\"api-token-permissions\",\"displayName\":\"API Token Permission\"},\"options\":{},\"pluginOptions\":{\"content-manager\":{\"visible\":false},\"content-type-builder\":{\"visible\":false}},\"attributes\":{\"action\":{\"type\":\"string\",\"minLength\":1,\"configurable\":false,\"required\":true},\"token\":{\"configurable\":false,\"type\":\"relation\",\"relation\":\"manyToOne\",\"inversedBy\":\"permissions\",\"target\":\"admin::api-token\"},\"createdAt\":{\"type\":\"datetime\"},\"updatedAt\":{\"type\":\"datetime\"},\"createdBy\":{\"type\":\"relation\",\"relation\":\"oneToOne\",\"target\":\"admin::user\",\"configurable\":false,\"writable\":false,\"visible\":false,\"useJoinTable\":false,\"private\":true},\"updatedBy\":{\"type\":\"relation\",\"relation\":\"oneToOne\",\"target\":\"admin::user\",\"configurable\":false,\"writable\":false,\"visible\":false,\"useJoinTable\":false,\"private\":true},\"sitemap_exclude\":{\"writable\":true,\"private\":true,\"configurable\":false,\"visible\":false,\"default\":false,\"type\":\"boolean\"}},\"kind\":\"collectionType\",\"__schema__\":{\"collectionName\":\"strapi_api_token_permissions\",\"info\":{\"name\":\"API Token Permission\",\"description\":\"\",\"singularName\":\"api-token-permission\",\"pluralName\":\"api-token-permissions\",\"displayName\":\"API Token Permission\"},\"options\":{},\"pluginOptions\":{\"content-manager\":{\"visible\":false},\"content-type-builder\":{\"visible\":false}},\"attributes\":{\"action\":{\"type\":\"string\",\"minLength\":1,\"configurable\":false,\"required\":true},\"token\":{\"configurable\":false,\"type\":\"relation\",\"relation\":\"manyToOne\",\"inversedBy\":\"permissions\",\"target\":\"admin::api-token\"}},\"kind\":\"collectionType\"},\"modelType\":\"contentType\",\"modelName\":\"api-token-permission\",\"connection\":\"default\",\"uid\":\"admin::api-token-permission\",\"plugin\":\"admin\",\"globalId\":\"AdminApiTokenPermission\"},\"plugin::upload.file\":{\"collectionName\":\"files\",\"info\":{\"singularName\":\"file\",\"pluralName\":\"files\",\"displayName\":\"File\",\"description\":\"\"},\"options\":{},\"pluginOptions\":{\"content-manager\":{\"visible\":false},\"content-type-builder\":{\"visible\":false}},\"attributes\":{\"name\":{\"type\":\"string\",\"configurable\":false,\"required\":true},\"alternativeText\":{\"type\":\"string\",\"configurable\":false},\"caption\":{\"type\":\"string\",\"configurable\":false},\"width\":{\"type\":\"integer\",\"configurable\":false},\"height\":{\"type\":\"integer\",\"configurable\":false},\"formats\":{\"type\":\"json\",\"configurable\":false},\"hash\":{\"type\":\"string\",\"configurable\":false,\"required\":true},\"ext\":{\"type\":\"string\",\"configurable\":false},\"mime\":{\"type\":\"string\",\"configurable\":false,\"required\":true},\"size\":{\"type\":\"decimal\",\"configurable\":false,\"required\":true},\"url\":{\"type\":\"string\",\"configurable\":false,\"required\":true},\"previewUrl\":{\"type\":\"string\",\"configurable\":false},\"provider\":{\"type\":\"string\",\"configurable\":false,\"required\":true},\"provider_metadata\":{\"type\":\"json\",\"configurable\":false},\"related\":{\"type\":\"relation\",\"relation\":\"morphToMany\",\"configurable\":false},\"folder\":{\"type\":\"relation\",\"relation\":\"manyToOne\",\"target\":\"plugin::upload.folder\",\"inversedBy\":\"files\",\"private\":true},\"folderPath\":{\"type\":\"string\",\"min\":1,\"required\":true,\"private\":true},\"createdAt\":{\"type\":\"datetime\"},\"updatedAt\":{\"type\":\"datetime\"},\"createdBy\":{\"type\":\"relation\",\"relation\":\"oneToOne\",\"target\":\"admin::user\",\"configurable\":false,\"writable\":false,\"visible\":false,\"useJoinTable\":false,\"private\":true},\"updatedBy\":{\"type\":\"relation\",\"relation\":\"oneToOne\",\"target\":\"admin::user\",\"configurable\":false,\"writable\":false,\"visible\":false,\"useJoinTable\":false,\"private\":true},\"sitemap_exclude\":{\"writable\":true,\"private\":true,\"configurable\":false,\"visible\":false,\"default\":false,\"type\":\"boolean\"}},\"indexes\":[{\"name\":\"upload_files_folder_path_index\",\"columns\":[\"folder_path\"],\"type\":null}],\"kind\":\"collectionType\",\"__schema__\":{\"collectionName\":\"files\",\"info\":{\"singularName\":\"file\",\"pluralName\":\"files\",\"displayName\":\"File\",\"description\":\"\"},\"options\":{},\"pluginOptions\":{\"content-manager\":{\"visible\":false},\"content-type-builder\":{\"visible\":false}},\"attributes\":{\"name\":{\"type\":\"string\",\"configurable\":false,\"required\":true},\"alternativeText\":{\"type\":\"string\",\"configurable\":false},\"caption\":{\"type\":\"string\",\"configurable\":false},\"width\":{\"type\":\"integer\",\"configurable\":false},\"height\":{\"type\":\"integer\",\"configurable\":false},\"formats\":{\"type\":\"json\",\"configurable\":false},\"hash\":{\"type\":\"string\",\"configurable\":false,\"required\":true},\"ext\":{\"type\":\"string\",\"configurable\":false},\"mime\":{\"type\":\"string\",\"configurable\":false,\"required\":true},\"size\":{\"type\":\"decimal\",\"configurable\":false,\"required\":true},\"url\":{\"type\":\"string\",\"configurable\":false,\"required\":true},\"previewUrl\":{\"type\":\"string\",\"configurable\":false},\"provider\":{\"type\":\"string\",\"configurable\":false,\"required\":true},\"provider_metadata\":{\"type\":\"json\",\"configurable\":false},\"related\":{\"type\":\"relation\",\"relation\":\"morphToMany\",\"configurable\":false},\"folder\":{\"type\":\"relation\",\"relation\":\"manyToOne\",\"target\":\"plugin::upload.folder\",\"inversedBy\":\"files\",\"private\":true},\"folderPath\":{\"type\":\"string\",\"min\":1,\"required\":true,\"private\":true}},\"kind\":\"collectionType\"},\"modelType\":\"contentType\",\"modelName\":\"file\",\"connection\":\"default\",\"uid\":\"plugin::upload.file\",\"plugin\":\"upload\",\"globalId\":\"UploadFile\"},\"plugin::upload.folder\":{\"collectionName\":\"upload_folders\",\"info\":{\"singularName\":\"folder\",\"pluralName\":\"folders\",\"displayName\":\"Folder\"},\"options\":{},\"pluginOptions\":{\"content-manager\":{\"visible\":false},\"content-type-builder\":{\"visible\":false}},\"attributes\":{\"name\":{\"type\":\"string\",\"min\":1,\"required\":true},\"pathId\":{\"type\":\"integer\",\"unique\":true,\"required\":true},\"parent\":{\"type\":\"relation\",\"relation\":\"manyToOne\",\"target\":\"plugin::upload.folder\",\"inversedBy\":\"children\"},\"children\":{\"type\":\"relation\",\"relation\":\"oneToMany\",\"target\":\"plugin::upload.folder\",\"mappedBy\":\"parent\"},\"files\":{\"type\":\"relation\",\"relation\":\"oneToMany\",\"target\":\"plugin::upload.file\",\"mappedBy\":\"folder\"},\"path\":{\"type\":\"string\",\"min\":1,\"required\":true},\"createdAt\":{\"type\":\"datetime\"},\"updatedAt\":{\"type\":\"datetime\"},\"createdBy\":{\"type\":\"relation\",\"relation\":\"oneToOne\",\"target\":\"admin::user\",\"configurable\":false,\"writable\":false,\"visible\":false,\"useJoinTable\":false,\"private\":true},\"updatedBy\":{\"type\":\"relation\",\"relation\":\"oneToOne\",\"target\":\"admin::user\",\"configurable\":false,\"writable\":false,\"visible\":false,\"useJoinTable\":false,\"private\":true},\"sitemap_exclude\":{\"writable\":true,\"private\":true,\"configurable\":false,\"visible\":false,\"default\":false,\"type\":\"boolean\"}},\"indexes\":[{\"name\":\"upload_folders_path_id_index\",\"columns\":[\"path_id\"],\"type\":\"unique\"},{\"name\":\"upload_folders_path_index\",\"columns\":[\"path\"],\"type\":\"unique\"}],\"kind\":\"collectionType\",\"__schema__\":{\"collectionName\":\"upload_folders\",\"info\":{\"singularName\":\"folder\",\"pluralName\":\"folders\",\"displayName\":\"Folder\"},\"options\":{},\"pluginOptions\":{\"content-manager\":{\"visible\":false},\"content-type-builder\":{\"visible\":false}},\"attributes\":{\"name\":{\"type\":\"string\",\"min\":1,\"required\":true},\"pathId\":{\"type\":\"integer\",\"unique\":true,\"required\":true},\"parent\":{\"type\":\"relation\",\"relation\":\"manyToOne\",\"target\":\"plugin::upload.folder\",\"inversedBy\":\"children\"},\"children\":{\"type\":\"relation\",\"relation\":\"oneToMany\",\"target\":\"plugin::upload.folder\",\"mappedBy\":\"parent\"},\"files\":{\"type\":\"relation\",\"relation\":\"oneToMany\",\"target\":\"plugin::upload.file\",\"mappedBy\":\"folder\"},\"path\":{\"type\":\"string\",\"min\":1,\"required\":true}},\"kind\":\"collectionType\"},\"modelType\":\"contentType\",\"modelName\":\"folder\",\"connection\":\"default\",\"uid\":\"plugin::upload.folder\",\"plugin\":\"upload\",\"globalId\":\"UploadFolder\"},\"plugin::scheduler.scheduler\":{\"info\":{\"collectionName\":\"scheduler\",\"singularName\":\"scheduler\",\"pluralName\":\"scheduler\",\"displayName\":\"scheduler\",\"description\":\"\"},\"pluginOptions\":{\"content-manager\":{\"visible\":false},\"content-type-builder\":{\"visible\":false}},\"attributes\":{\"scheduledDatetime\":{\"type\":\"datetime\"},\"uid\":{\"type\":\"string\"},\"contentId\":{\"type\":\"biginteger\"},\"scheduleType\":{\"type\":\"string\"},\"createdAt\":{\"type\":\"datetime\"},\"updatedAt\":{\"type\":\"datetime\"},\"createdBy\":{\"type\":\"relation\",\"relation\":\"oneToOne\",\"target\":\"admin::user\",\"configurable\":false,\"writable\":false,\"visible\":false,\"useJoinTable\":false,\"private\":true},\"updatedBy\":{\"type\":\"relation\",\"relation\":\"oneToOne\",\"target\":\"admin::user\",\"configurable\":false,\"writable\":false,\"visible\":false,\"useJoinTable\":false,\"private\":true},\"sitemap_exclude\":{\"writable\":true,\"private\":true,\"configurable\":false,\"visible\":false,\"default\":false,\"type\":\"boolean\"}},\"kind\":\"collectionType\",\"__schema__\":{\"info\":{\"collectionName\":\"scheduler\",\"singularName\":\"scheduler\",\"pluralName\":\"scheduler\",\"displayName\":\"scheduler\",\"description\":\"\"},\"pluginOptions\":{\"content-manager\":{\"visible\":false},\"content-type-builder\":{\"visible\":false}},\"attributes\":{\"scheduledDatetime\":{\"type\":\"datetime\"},\"uid\":{\"type\":\"string\"},\"contentId\":{\"type\":\"biginteger\"},\"scheduleType\":{\"type\":\"string\"}},\"kind\":\"collectionType\"},\"modelType\":\"contentType\",\"modelName\":\"scheduler\",\"connection\":\"default\",\"uid\":\"plugin::scheduler.scheduler\",\"plugin\":\"scheduler\",\"collectionName\":\"scheduler_scheduler\",\"globalId\":\"SchedulerScheduler\"},\"plugin::i18n.locale\":{\"info\":{\"singularName\":\"locale\",\"pluralName\":\"locales\",\"collectionName\":\"locales\",\"displayName\":\"Locale\",\"description\":\"\"},\"options\":{\"draftAndPublish\":false},\"pluginOptions\":{\"content-manager\":{\"visible\":false},\"content-type-builder\":{\"visible\":false}},\"attributes\":{\"name\":{\"type\":\"string\",\"min\":1,\"max\":50,\"configurable\":false},\"code\":{\"type\":\"string\",\"unique\":true,\"configurable\":false},\"createdAt\":{\"type\":\"datetime\"},\"updatedAt\":{\"type\":\"datetime\"},\"createdBy\":{\"type\":\"relation\",\"relation\":\"oneToOne\",\"target\":\"admin::user\",\"configurable\":false,\"writable\":false,\"visible\":false,\"useJoinTable\":false,\"private\":true},\"updatedBy\":{\"type\":\"relation\",\"relation\":\"oneToOne\",\"target\":\"admin::user\",\"configurable\":false,\"writable\":false,\"visible\":false,\"useJoinTable\":false,\"private\":true}},\"kind\":\"collectionType\",\"__schema__\":{\"info\":{\"singularName\":\"locale\",\"pluralName\":\"locales\",\"collectionName\":\"locales\",\"displayName\":\"Locale\",\"description\":\"\"},\"options\":{\"draftAndPublish\":false},\"pluginOptions\":{\"content-manager\":{\"visible\":false},\"content-type-builder\":{\"visible\":false}},\"attributes\":{\"name\":{\"type\":\"string\",\"min\":1,\"max\":50,\"configurable\":false},\"code\":{\"type\":\"string\",\"unique\":true,\"configurable\":false}},\"kind\":\"collectionType\"},\"modelType\":\"contentType\",\"modelName\":\"locale\",\"connection\":\"default\",\"uid\":\"plugin::i18n.locale\",\"plugin\":\"i18n\",\"collectionName\":\"i18n_locale\",\"globalId\":\"I18NLocale\"},\"plugin::users-permissions.permission\":{\"collectionName\":\"up_permissions\",\"info\":{\"name\":\"permission\",\"description\":\"\",\"singularName\":\"permission\",\"pluralName\":\"permissions\",\"displayName\":\"Permission\"},\"pluginOptions\":{\"content-manager\":{\"visible\":false},\"content-type-builder\":{\"visible\":false}},\"attributes\":{\"action\":{\"type\":\"string\",\"required\":true,\"configurable\":false},\"role\":{\"type\":\"relation\",\"relation\":\"manyToOne\",\"target\":\"plugin::users-permissions.role\",\"inversedBy\":\"permissions\",\"configurable\":false},\"createdAt\":{\"type\":\"datetime\"},\"updatedAt\":{\"type\":\"datetime\"},\"createdBy\":{\"type\":\"relation\",\"relation\":\"oneToOne\",\"target\":\"admin::user\",\"configurable\":false,\"writable\":false,\"visible\":false,\"useJoinTable\":false,\"private\":true},\"updatedBy\":{\"type\":\"relation\",\"relation\":\"oneToOne\",\"target\":\"admin::user\",\"configurable\":false,\"writable\":false,\"visible\":false,\"useJoinTable\":false,\"private\":true}},\"kind\":\"collectionType\",\"__schema__\":{\"collectionName\":\"up_permissions\",\"info\":{\"name\":\"permission\",\"description\":\"\",\"singularName\":\"permission\",\"pluralName\":\"permissions\",\"displayName\":\"Permission\"},\"pluginOptions\":{\"content-manager\":{\"visible\":false},\"content-type-builder\":{\"visible\":false}},\"attributes\":{\"action\":{\"type\":\"string\",\"required\":true,\"configurable\":false},\"role\":{\"type\":\"relation\",\"relation\":\"manyToOne\",\"target\":\"plugin::users-permissions.role\",\"inversedBy\":\"permissions\",\"configurable\":false}},\"kind\":\"collectionType\"},\"modelType\":\"contentType\",\"modelName\":\"permission\",\"connection\":\"default\",\"uid\":\"plugin::users-permissions.permission\",\"plugin\":\"users-permissions\",\"globalId\":\"UsersPermissionsPermission\"},\"plugin::users-permissions.role\":{\"collectionName\":\"up_roles\",\"info\":{\"name\":\"role\",\"description\":\"\",\"singularName\":\"role\",\"pluralName\":\"roles\",\"displayName\":\"Role\"},\"pluginOptions\":{\"content-manager\":{\"visible\":false},\"content-type-builder\":{\"visible\":false}},\"attributes\":{\"name\":{\"type\":\"string\",\"minLength\":3,\"required\":true,\"configurable\":false},\"description\":{\"type\":\"string\",\"configurable\":false},\"type\":{\"type\":\"string\",\"unique\":true,\"configurable\":false},\"permissions\":{\"type\":\"relation\",\"relation\":\"oneToMany\",\"target\":\"plugin::users-permissions.permission\",\"mappedBy\":\"role\",\"configurable\":false},\"users\":{\"type\":\"relation\",\"relation\":\"oneToMany\",\"target\":\"plugin::users-permissions.user\",\"mappedBy\":\"role\",\"configurable\":false},\"createdAt\":{\"type\":\"datetime\"},\"updatedAt\":{\"type\":\"datetime\"},\"createdBy\":{\"type\":\"relation\",\"relation\":\"oneToOne\",\"target\":\"admin::user\",\"configurable\":false,\"writable\":false,\"visible\":false,\"useJoinTable\":false,\"private\":true},\"updatedBy\":{\"type\":\"relation\",\"relation\":\"oneToOne\",\"target\":\"admin::user\",\"configurable\":false,\"writable\":false,\"visible\":false,\"useJoinTable\":false,\"private\":true}},\"kind\":\"collectionType\",\"__schema__\":{\"collectionName\":\"up_roles\",\"info\":{\"name\":\"role\",\"description\":\"\",\"singularName\":\"role\",\"pluralName\":\"roles\",\"displayName\":\"Role\"},\"pluginOptions\":{\"content-manager\":{\"visible\":false},\"content-type-builder\":{\"visible\":false}},\"attributes\":{\"name\":{\"type\":\"string\",\"minLength\":3,\"required\":true,\"configurable\":false},\"description\":{\"type\":\"string\",\"configurable\":false},\"type\":{\"type\":\"string\",\"unique\":true,\"configurable\":false},\"permissions\":{\"type\":\"relation\",\"relation\":\"oneToMany\",\"target\":\"plugin::users-permissions.permission\",\"mappedBy\":\"role\",\"configurable\":false},\"users\":{\"type\":\"relation\",\"relation\":\"oneToMany\",\"target\":\"plugin::users-permissions.user\",\"mappedBy\":\"role\",\"configurable\":false}},\"kind\":\"collectionType\"},\"modelType\":\"contentType\",\"modelName\":\"role\",\"connection\":\"default\",\"uid\":\"plugin::users-permissions.role\",\"plugin\":\"users-permissions\",\"globalId\":\"UsersPermissionsRole\"},\"plugin::users-permissions.user\":{\"collectionName\":\"up_users\",\"info\":{\"name\":\"user\",\"description\":\"\",\"singularName\":\"user\",\"pluralName\":\"users\",\"displayName\":\"User\"},\"options\":{\"draftAndPublish\":false,\"timestamps\":true},\"attributes\":{\"username\":{\"type\":\"string\",\"minLength\":3,\"unique\":true,\"configurable\":false,\"required\":true},\"email\":{\"type\":\"email\",\"minLength\":6,\"configurable\":false,\"required\":true},\"provider\":{\"type\":\"string\",\"configurable\":false},\"password\":{\"type\":\"password\",\"minLength\":6,\"configurable\":false,\"private\":true},\"resetPasswordToken\":{\"type\":\"string\",\"configurable\":false,\"private\":true},\"confirmationToken\":{\"type\":\"string\",\"configurable\":false,\"private\":true},\"confirmed\":{\"type\":\"boolean\",\"default\":false,\"configurable\":false},\"blocked\":{\"type\":\"boolean\",\"default\":false,\"configurable\":false},\"role\":{\"type\":\"relation\",\"relation\":\"manyToOne\",\"target\":\"plugin::users-permissions.role\",\"inversedBy\":\"users\",\"configurable\":false},\"reviews\":{\"type\":\"relation\",\"relation\":\"oneToMany\",\"target\":\"api::review.review\",\"mappedBy\":\"author\"},\"articles\":{\"type\":\"relation\",\"relation\":\"oneToMany\",\"target\":\"api::article.article\",\"mappedBy\":\"author\"},\"picture\":{\"allowedTypes\":[\"images\",\"files\",\"videos\"],\"type\":\"media\",\"multiple\":false},\"job\":{\"type\":\"string\",\"required\":true},\"createdAt\":{\"type\":\"datetime\"},\"updatedAt\":{\"type\":\"datetime\"},\"createdBy\":{\"type\":\"relation\",\"relation\":\"oneToOne\",\"target\":\"admin::user\",\"configurable\":false,\"writable\":false,\"visible\":false,\"useJoinTable\":false,\"private\":true},\"updatedBy\":{\"type\":\"relation\",\"relation\":\"oneToOne\",\"target\":\"admin::user\",\"configurable\":false,\"writable\":false,\"visible\":false,\"useJoinTable\":false,\"private\":true},\"sitemap_exclude\":{\"writable\":true,\"private\":true,\"configurable\":false,\"visible\":false,\"default\":false,\"type\":\"boolean\"}},\"config\":{\"attributes\":{\"resetPasswordToken\":{\"hidden\":true},\"confirmationToken\":{\"hidden\":true},\"provider\":{\"hidden\":true}}},\"kind\":\"collectionType\",\"__filename__\":\"schema.json\",\"__schema__\":{\"collectionName\":\"up_users\",\"info\":{\"name\":\"user\",\"description\":\"\",\"singularName\":\"user\",\"pluralName\":\"users\",\"displayName\":\"User\"},\"options\":{\"draftAndPublish\":false,\"timestamps\":true},\"attributes\":{\"username\":{\"type\":\"string\",\"minLength\":3,\"unique\":true,\"configurable\":false,\"required\":true},\"email\":{\"type\":\"email\",\"minLength\":6,\"configurable\":false,\"required\":true},\"provider\":{\"type\":\"string\",\"configurable\":false},\"password\":{\"type\":\"password\",\"minLength\":6,\"configurable\":false,\"private\":true},\"resetPasswordToken\":{\"type\":\"string\",\"configurable\":false,\"private\":true},\"confirmationToken\":{\"type\":\"string\",\"configurable\":false,\"private\":true},\"confirmed\":{\"type\":\"boolean\",\"default\":false,\"configurable\":false},\"blocked\":{\"type\":\"boolean\",\"default\":false,\"configurable\":false},\"role\":{\"type\":\"relation\",\"relation\":\"manyToOne\",\"target\":\"plugin::users-permissions.role\",\"inversedBy\":\"users\",\"configurable\":false},\"reviews\":{\"type\":\"relation\",\"relation\":\"oneToMany\",\"target\":\"api::review.review\",\"mappedBy\":\"author\"},\"articles\":{\"type\":\"relation\",\"relation\":\"oneToMany\",\"target\":\"api::article.article\",\"mappedBy\":\"author\"},\"picture\":{\"allowedTypes\":[\"images\",\"files\",\"videos\"],\"type\":\"media\",\"multiple\":false},\"job\":{\"type\":\"string\",\"required\":true}},\"kind\":\"collectionType\"},\"modelType\":\"contentType\",\"modelName\":\"user\",\"connection\":\"default\",\"uid\":\"plugin::users-permissions.user\",\"plugin\":\"users-permissions\",\"globalId\":\"UsersPermissionsUser\"},\"plugin::todo.task\":{\"info\":{\"tableName\":\"task\",\"singularName\":\"task\",\"pluralName\":\"tasks\",\"displayName\":\"Task\",\"description\":\"A task in Strapi\",\"kind\":\"collectionType\"},\"options\":{\"draftAndPublish\":false},\"pluginOptions\":{\"content-manager\":{\"visible\":false},\"content-type-builder\":{\"visible\":false}},\"attributes\":{\"name\":{\"type\":\"string\",\"required\":true,\"maxLength\":40},\"isDone\":{\"type\":\"boolean\",\"default\":false},\"related\":{\"type\":\"relation\",\"relation\":\"morphToOne\"},\"createdAt\":{\"type\":\"datetime\"},\"updatedAt\":{\"type\":\"datetime\"},\"createdBy\":{\"type\":\"relation\",\"relation\":\"oneToOne\",\"target\":\"admin::user\",\"configurable\":false,\"writable\":false,\"visible\":false,\"useJoinTable\":false,\"private\":true},\"updatedBy\":{\"type\":\"relation\",\"relation\":\"oneToOne\",\"target\":\"admin::user\",\"configurable\":false,\"writable\":false,\"visible\":false,\"useJoinTable\":false,\"private\":true},\"sitemap_exclude\":{\"writable\":true,\"private\":true,\"configurable\":false,\"visible\":false,\"default\":false,\"type\":\"boolean\"}},\"kind\":\"collectionType\",\"__schema__\":{\"info\":{\"tableName\":\"task\",\"singularName\":\"task\",\"pluralName\":\"tasks\",\"displayName\":\"Task\",\"description\":\"A task in Strapi\",\"kind\":\"collectionType\"},\"options\":{\"draftAndPublish\":false},\"pluginOptions\":{\"content-manager\":{\"visible\":false},\"content-type-builder\":{\"visible\":false}},\"attributes\":{\"name\":{\"type\":\"string\",\"required\":true,\"maxLength\":40},\"isDone\":{\"type\":\"boolean\",\"default\":false},\"related\":{\"type\":\"relation\",\"relation\":\"morphToOne\"}},\"kind\":\"collectionType\"},\"modelType\":\"contentType\",\"modelName\":\"task\",\"connection\":\"default\",\"uid\":\"plugin::todo.task\",\"plugin\":\"todo\",\"collectionName\":\"todo_task\",\"globalId\":\"TodoTask\"},\"api::article.article\":{\"kind\":\"collectionType\",\"collectionName\":\"articles\",\"info\":{\"singularName\":\"article\",\"pluralName\":\"articles\",\"displayName\":\"article\",\"description\":\"\"},\"options\":{\"draftAndPublish\":true},\"pluginOptions\":{\"i18n\":{\"localized\":true}},\"attributes\":{\"title\":{\"pluginOptions\":{\"i18n\":{\"localized\":true}},\"type\":\"string\",\"required\":true},\"slug\":{\"pluginOptions\":{\"i18n\":{\"localized\":true}},\"type\":\"uid\",\"targetField\":\"title\"},\"image\":{\"type\":\"media\",\"multiple\":false,\"required\":false,\"allowedTypes\":[\"images\",\"files\",\"videos\"],\"pluginOptions\":{\"i18n\":{\"localized\":false}}},\"blocks\":{\"pluginOptions\":{\"i18n\":{\"localized\":true}},\"type\":\"dynamiczone\",\"components\":[\"blocks.related-articles\",\"blocks.faq\",\"blocks.cta-command-line\"],\"required\":false},\"seo\":{\"type\":\"component\",\"repeatable\":false,\"pluginOptions\":{\"i18n\":{\"localized\":true}},\"component\":\"shared.seo\"},\"publicationState\":{\"pluginOptions\":{\"i18n\":{\"localized\":false}},\"type\":\"enumeration\",\"enum\":[\"Draft\",\"In review\",\"Changes requested\",\"Publication scheduled\",\"Published\"],\"default\":\"Draft\"},\"category\":{\"type\":\"relation\",\"relation\":\"manyToOne\",\"target\":\"api::category.category\",\"inversedBy\":\"articles\"},\"editors\":{\"type\":\"relation\",\"relation\":\"oneToMany\",\"target\":\"admin::user\"},\"publicationStages\":{\"pluginOptions\":{\"i18n\":{\"localized\":false}},\"type\":\"json\"},\"ckeditor_content\":{\"pluginOptions\":{\"i18n\":{\"localized\":true}},\"type\":\"richtext\",\"options\":{\"preset\":\"rich\"},\"customField\":\"plugin::ckeditor.CKEditor\",\"required\":true},\"createdAt\":{\"type\":\"datetime\"},\"updatedAt\":{\"type\":\"datetime\"},\"publishedAt\":{\"type\":\"datetime\",\"configurable\":false,\"writable\":true,\"visible\":false},\"createdBy\":{\"type\":\"relation\",\"relation\":\"oneToOne\",\"target\":\"admin::user\",\"configurable\":false,\"writable\":false,\"visible\":false,\"useJoinTable\":false,\"private\":true},\"updatedBy\":{\"type\":\"relation\",\"relation\":\"oneToOne\",\"target\":\"admin::user\",\"configurable\":false,\"writable\":false,\"visible\":false,\"useJoinTable\":false,\"private\":true},\"localizations\":{\"writable\":true,\"private\":false,\"configurable\":false,\"visible\":false,\"type\":\"relation\",\"relation\":\"oneToMany\",\"target\":\"api::article.article\"},\"locale\":{\"writable\":true,\"private\":false,\"configurable\":false,\"visible\":false,\"type\":\"string\"},\"sitemap_exclude\":{\"writable\":true,\"private\":true,\"configurable\":false,\"visible\":false,\"default\":false,\"type\":\"boolean\"}},\"__schema__\":{\"collectionName\":\"articles\",\"info\":{\"singularName\":\"article\",\"pluralName\":\"articles\",\"displayName\":\"article\",\"description\":\"\"},\"options\":{\"draftAndPublish\":true},\"pluginOptions\":{\"i18n\":{\"localized\":true}},\"attributes\":{\"title\":{\"pluginOptions\":{\"i18n\":{\"localized\":true}},\"type\":\"string\",\"required\":true},\"slug\":{\"pluginOptions\":{\"i18n\":{\"localized\":true}},\"type\":\"uid\",\"targetField\":\"title\"},\"image\":{\"type\":\"media\",\"multiple\":false,\"required\":false,\"allowedTypes\":[\"images\",\"files\",\"videos\"],\"pluginOptions\":{\"i18n\":{\"localized\":false}}},\"blocks\":{\"pluginOptions\":{\"i18n\":{\"localized\":true}},\"type\":\"dynamiczone\",\"components\":[\"blocks.related-articles\",\"blocks.faq\",\"blocks.cta-command-line\"],\"required\":false},\"seo\":{\"type\":\"component\",\"repeatable\":false,\"pluginOptions\":{\"i18n\":{\"localized\":true}},\"component\":\"shared.seo\"},\"publicationState\":{\"pluginOptions\":{\"i18n\":{\"localized\":false}},\"type\":\"enumeration\",\"enum\":[\"Draft\",\"In review\",\"Changes requested\",\"Publication scheduled\",\"Published\"],\"default\":\"Draft\"},\"category\":{\"type\":\"relation\",\"relation\":\"manyToOne\",\"target\":\"api::category.category\",\"inversedBy\":\"articles\"},\"editors\":{\"type\":\"relation\",\"relation\":\"oneToMany\",\"target\":\"admin::user\"},\"publicationStages\":{\"pluginOptions\":{\"i18n\":{\"localized\":false}},\"type\":\"json\"},\"ckeditor_content\":{\"pluginOptions\":{\"i18n\":{\"localized\":true}},\"type\":\"customField\",\"options\":{\"preset\":\"rich\"},\"customField\":\"plugin::ckeditor.CKEditor\",\"required\":true}},\"kind\":\"collectionType\"},\"modelType\":\"contentType\",\"modelName\":\"article\",\"connection\":\"default\",\"uid\":\"api::article.article\",\"apiName\":\"article\",\"globalId\":\"Article\",\"actions\":{},\"lifecycles\":{}},\"api::blog-page.blog-page\":{\"kind\":\"singleType\",\"collectionName\":\"blog_pages\",\"info\":{\"singularName\":\"blog-page\",\"pluralName\":\"blog-pages\",\"displayName\":\"BlogPage\"},\"options\":{\"draftAndPublish\":true},\"pluginOptions\":{\"i18n\":{\"localized\":true}},\"attributes\":{\"header\":{\"type\":\"component\",\"repeatable\":false,\"pluginOptions\":{\"i18n\":{\"localized\":true}},\"component\":\"shared.header\"},\"slug\":{\"pluginOptions\":{\"i18n\":{\"localized\":false}},\"type\":\"string\",\"required\":true},\"categoryText\":{\"pluginOptions\":{\"i18n\":{\"localized\":true}},\"type\":\"string\"},\"articlesPerPage\":{\"pluginOptions\":{\"i18n\":{\"localized\":false}},\"type\":\"integer\",\"required\":true},\"blocks\":{\"pluginOptions\":{\"i18n\":{\"localized\":true}},\"type\":\"dynamiczone\",\"components\":[\"blocks.cta-command-line\",\"blocks.cta\"]},\"seo\":{\"type\":\"component\",\"repeatable\":false,\"pluginOptions\":{\"i18n\":{\"localized\":true}},\"component\":\"shared.seo\"},\"createdAt\":{\"type\":\"datetime\"},\"updatedAt\":{\"type\":\"datetime\"},\"publishedAt\":{\"type\":\"datetime\",\"configurable\":false,\"writable\":true,\"visible\":false},\"createdBy\":{\"type\":\"relation\",\"relation\":\"oneToOne\",\"target\":\"admin::user\",\"configurable\":false,\"writable\":false,\"visible\":false,\"useJoinTable\":false,\"private\":true},\"updatedBy\":{\"type\":\"relation\",\"relation\":\"oneToOne\",\"target\":\"admin::user\",\"configurable\":false,\"writable\":false,\"visible\":false,\"useJoinTable\":false,\"private\":true},\"localizations\":{\"writable\":true,\"private\":false,\"configurable\":false,\"visible\":false,\"type\":\"relation\",\"relation\":\"oneToMany\",\"target\":\"api::blog-page.blog-page\"},\"locale\":{\"writable\":true,\"private\":false,\"configurable\":false,\"visible\":false,\"type\":\"string\"},\"sitemap_exclude\":{\"writable\":true,\"private\":true,\"configurable\":false,\"visible\":false,\"default\":false,\"type\":\"boolean\"}},\"__schema__\":{\"collectionName\":\"blog_pages\",\"info\":{\"singularName\":\"blog-page\",\"pluralName\":\"blog-pages\",\"displayName\":\"BlogPage\"},\"options\":{\"draftAndPublish\":true},\"pluginOptions\":{\"i18n\":{\"localized\":true}},\"attributes\":{\"header\":{\"type\":\"component\",\"repeatable\":false,\"pluginOptions\":{\"i18n\":{\"localized\":true}},\"component\":\"shared.header\"},\"slug\":{\"pluginOptions\":{\"i18n\":{\"localized\":false}},\"type\":\"string\",\"required\":true},\"categoryText\":{\"pluginOptions\":{\"i18n\":{\"localized\":true}},\"type\":\"string\"},\"articlesPerPage\":{\"pluginOptions\":{\"i18n\":{\"localized\":false}},\"type\":\"integer\",\"required\":true},\"blocks\":{\"pluginOptions\":{\"i18n\":{\"localized\":true}},\"type\":\"dynamiczone\",\"components\":[\"blocks.cta-command-line\",\"blocks.cta\"]},\"seo\":{\"type\":\"component\",\"repeatable\":false,\"pluginOptions\":{\"i18n\":{\"localized\":true}},\"component\":\"shared.seo\"}},\"kind\":\"singleType\"},\"modelType\":\"contentType\",\"modelName\":\"blog-page\",\"connection\":\"default\",\"uid\":\"api::blog-page.blog-page\",\"apiName\":\"blog-page\",\"globalId\":\"BlogPage\",\"actions\":{},\"lifecycles\":{}},\"api::category.category\":{\"kind\":\"collectionType\",\"collectionName\":\"categories\",\"info\":{\"singularName\":\"category\",\"pluralName\":\"categories\",\"displayName\":\"category\"},\"options\":{\"draftAndPublish\":false},\"pluginOptions\":{},\"attributes\":{\"name\":{\"type\":\"string\",\"required\":true},\"slug\":{\"type\":\"uid\",\"targetField\":\"name\"},\"restaurants\":{\"type\":\"relation\",\"relation\":\"oneToMany\",\"target\":\"api::restaurant.restaurant\",\"mappedBy\":\"category\"},\"articles\":{\"type\":\"relation\",\"relation\":\"oneToMany\",\"target\":\"api::article.article\",\"mappedBy\":\"category\"},\"createdAt\":{\"type\":\"datetime\"},\"updatedAt\":{\"type\":\"datetime\"},\"createdBy\":{\"type\":\"relation\",\"relation\":\"oneToOne\",\"target\":\"admin::user\",\"configurable\":false,\"writable\":false,\"visible\":false,\"useJoinTable\":false,\"private\":true},\"updatedBy\":{\"type\":\"relation\",\"relation\":\"oneToOne\",\"target\":\"admin::user\",\"configurable\":false,\"writable\":false,\"visible\":false,\"useJoinTable\":false,\"private\":true},\"sitemap_exclude\":{\"writable\":true,\"private\":true,\"configurable\":false,\"visible\":false,\"default\":false,\"type\":\"boolean\"}},\"__schema__\":{\"collectionName\":\"categories\",\"info\":{\"singularName\":\"category\",\"pluralName\":\"categories\",\"displayName\":\"category\"},\"options\":{\"draftAndPublish\":false},\"pluginOptions\":{},\"attributes\":{\"name\":{\"type\":\"string\",\"required\":true},\"slug\":{\"type\":\"uid\",\"targetField\":\"name\"},\"restaurants\":{\"type\":\"relation\",\"relation\":\"oneToMany\",\"target\":\"api::restaurant.restaurant\",\"mappedBy\":\"category\"},\"articles\":{\"type\":\"relation\",\"relation\":\"oneToMany\",\"target\":\"api::article.article\",\"mappedBy\":\"category\"}},\"kind\":\"collectionType\"},\"modelType\":\"contentType\",\"modelName\":\"category\",\"connection\":\"default\",\"uid\":\"api::category.category\",\"apiName\":\"category\",\"globalId\":\"Category\",\"actions\":{},\"lifecycles\":{}},\"api::cookie.cookie\":{\"kind\":\"collectionType\",\"collectionName\":\"cookies\",\"info\":{\"singularName\":\"cookie\",\"pluralName\":\"cookies\",\"displayName\":\"Cookies\"},\"options\":{\"draftAndPublish\":false},\"pluginOptions\":{\"i18n\":{\"localized\":true},\"content-manager\":{\"visible\":false}},\"attributes\":{\"name\":{\"pluginOptions\":{\"i18n\":{\"localized\":true}},\"type\":\"string\",\"required\":true},\"description\":{\"pluginOptions\":{\"i18n\":{\"localized\":true}},\"type\":\"text\",\"required\":true},\"host\":{\"type\":\"string\",\"required\":true},\"category\":{\"type\":\"relation\",\"relation\":\"manyToOne\",\"target\":\"api::cookie-category.cookie-category\",\"inversedBy\":\"cookies\",\"required\":true},\"party\":{\"type\":\"enumeration\",\"enum\":[\"First-party\",\"Second-party\",\"Third-party\"],\"required\":true},\"isVisible\":{\"pluginOptions\":{\"i18n\":{\"localized\":true}},\"type\":\"boolean\",\"default\":true,\"required\":true},\"duration\":{\"type\":\"json\",\"required\":false},\"createdAt\":{\"type\":\"datetime\"},\"updatedAt\":{\"type\":\"datetime\"},\"createdBy\":{\"type\":\"relation\",\"relation\":\"oneToOne\",\"target\":\"admin::user\",\"configurable\":false,\"writable\":false,\"visible\":false,\"useJoinTable\":false,\"private\":true},\"updatedBy\":{\"type\":\"relation\",\"relation\":\"oneToOne\",\"target\":\"admin::user\",\"configurable\":false,\"writable\":false,\"visible\":false,\"useJoinTable\":false,\"private\":true},\"localizations\":{\"writable\":true,\"private\":false,\"configurable\":false,\"visible\":false,\"type\":\"relation\",\"relation\":\"oneToMany\",\"target\":\"api::cookie.cookie\"},\"locale\":{\"writable\":true,\"private\":false,\"configurable\":false,\"visible\":false,\"type\":\"string\"},\"sitemap_exclude\":{\"writable\":true,\"private\":true,\"configurable\":false,\"visible\":false,\"default\":false,\"type\":\"boolean\"}},\"__schema__\":{\"collectionName\":\"cookies\",\"info\":{\"singularName\":\"cookie\",\"pluralName\":\"cookies\",\"displayName\":\"Cookies\"},\"options\":{\"draftAndPublish\":false},\"pluginOptions\":{\"i18n\":{\"localized\":true},\"content-manager\":{\"visible\":false}},\"attributes\":{\"name\":{\"pluginOptions\":{\"i18n\":{\"localized\":true}},\"type\":\"string\",\"required\":true},\"description\":{\"pluginOptions\":{\"i18n\":{\"localized\":true}},\"type\":\"text\",\"required\":true},\"host\":{\"type\":\"string\",\"required\":true},\"category\":{\"type\":\"relation\",\"relation\":\"manyToOne\",\"target\":\"api::cookie-category.cookie-category\",\"inversedBy\":\"cookies\",\"required\":true},\"party\":{\"type\":\"enumeration\",\"enum\":[\"First-party\",\"Second-party\",\"Third-party\"],\"required\":true},\"isVisible\":{\"pluginOptions\":{\"i18n\":{\"localized\":true}},\"type\":\"boolean\",\"default\":true,\"required\":true},\"duration\":{\"type\":\"json\",\"required\":false}},\"kind\":\"collectionType\"},\"modelType\":\"contentType\",\"modelName\":\"cookie\",\"connection\":\"default\",\"uid\":\"api::cookie.cookie\",\"apiName\":\"cookie\",\"globalId\":\"Cookie\",\"actions\":{},\"lifecycles\":{}},\"api::cookie-category.cookie-category\":{\"kind\":\"collectionType\",\"collectionName\":\"cookie_categories\",\"info\":{\"singularName\":\"cookie-category\",\"pluralName\":\"cookie-categories\",\"displayName\":\"Cookie Categories\"},\"options\":{\"draftAndPublish\":false},\"pluginOptions\":{\"i18n\":{\"localized\":true},\"content-manager\":{\"visible\":false}},\"attributes\":{\"name\":{\"pluginOptions\":{\"i18n\":{\"localized\":true}},\"type\":\"string\",\"required\":true},\"description\":{\"pluginOptions\":{\"i18n\":{\"localized\":true}},\"type\":\"text\",\"required\":true},\"cookies\":{\"type\":\"relation\",\"relation\":\"oneToMany\",\"target\":\"api::cookie.cookie\",\"mappedBy\":\"category\"},\"createdAt\":{\"type\":\"datetime\"},\"updatedAt\":{\"type\":\"datetime\"},\"createdBy\":{\"type\":\"relation\",\"relation\":\"oneToOne\",\"target\":\"admin::user\",\"configurable\":false,\"writable\":false,\"visible\":false,\"useJoinTable\":false,\"private\":true},\"updatedBy\":{\"type\":\"relation\",\"relation\":\"oneToOne\",\"target\":\"admin::user\",\"configurable\":false,\"writable\":false,\"visible\":false,\"useJoinTable\":false,\"private\":true},\"localizations\":{\"writable\":true,\"private\":false,\"configurable\":false,\"visible\":false,\"type\":\"relation\",\"relation\":\"oneToMany\",\"target\":\"api::cookie-category.cookie-category\"},\"locale\":{\"writable\":true,\"private\":false,\"configurable\":false,\"visible\":false,\"type\":\"string\"},\"sitemap_exclude\":{\"writable\":true,\"private\":true,\"configurable\":false,\"visible\":false,\"default\":false,\"type\":\"boolean\"}},\"__schema__\":{\"collectionName\":\"cookie_categories\",\"info\":{\"singularName\":\"cookie-category\",\"pluralName\":\"cookie-categories\",\"displayName\":\"Cookie Categories\"},\"options\":{\"draftAndPublish\":false},\"pluginOptions\":{\"i18n\":{\"localized\":true},\"content-manager\":{\"visible\":false}},\"attributes\":{\"name\":{\"pluginOptions\":{\"i18n\":{\"localized\":true}},\"type\":\"string\",\"required\":true},\"description\":{\"pluginOptions\":{\"i18n\":{\"localized\":true}},\"type\":\"text\",\"required\":true},\"cookies\":{\"type\":\"relation\",\"relation\":\"oneToMany\",\"target\":\"api::cookie.cookie\",\"mappedBy\":\"category\"}},\"kind\":\"collectionType\"},\"modelType\":\"contentType\",\"modelName\":\"cookie-category\",\"connection\":\"default\",\"uid\":\"api::cookie-category.cookie-category\",\"apiName\":\"cookie-category\",\"globalId\":\"CookieCategory\",\"actions\":{},\"lifecycles\":{}},\"api::global.global\":{\"kind\":\"singleType\",\"collectionName\":\"globals\",\"info\":{\"singularName\":\"global\",\"pluralName\":\"globals\",\"displayName\":\"Global\",\"description\":\"\"},\"options\":{\"draftAndPublish\":true},\"pluginOptions\":{\"i18n\":{\"localized\":true},\"versions\":{\"versioned\":true}},\"attributes\":{\"navigation\":{\"type\":\"component\",\"repeatable\":false,\"pluginOptions\":{\"i18n\":{\"localized\":true}},\"component\":\"global.navigation\"},\"footer\":{\"type\":\"component\",\"repeatable\":false,\"pluginOptions\":{\"i18n\":{\"localized\":true}},\"component\":\"global.footer\"},\"createdAt\":{\"type\":\"datetime\"},\"updatedAt\":{\"type\":\"datetime\"},\"publishedAt\":{\"type\":\"datetime\",\"configurable\":false,\"writable\":true,\"visible\":false},\"createdBy\":{\"type\":\"relation\",\"relation\":\"oneToOne\",\"target\":\"admin::user\",\"configurable\":false,\"writable\":false,\"visible\":false,\"useJoinTable\":false,\"private\":true},\"updatedBy\":{\"type\":\"relation\",\"relation\":\"oneToOne\",\"target\":\"admin::user\",\"configurable\":false,\"writable\":false,\"visible\":false,\"useJoinTable\":false,\"private\":true},\"localizations\":{\"writable\":true,\"private\":false,\"configurable\":false,\"visible\":false,\"type\":\"relation\",\"relation\":\"oneToMany\",\"target\":\"api::global.global\"},\"locale\":{\"writable\":true,\"private\":false,\"configurable\":false,\"visible\":false,\"type\":\"string\"},\"sitemap_exclude\":{\"writable\":true,\"private\":true,\"configurable\":false,\"visible\":false,\"default\":false,\"type\":\"boolean\"}},\"__schema__\":{\"collectionName\":\"globals\",\"info\":{\"singularName\":\"global\",\"pluralName\":\"globals\",\"displayName\":\"Global\",\"description\":\"\"},\"options\":{\"draftAndPublish\":true},\"pluginOptions\":{\"i18n\":{\"localized\":true},\"versions\":{\"versioned\":true}},\"attributes\":{\"navigation\":{\"type\":\"component\",\"repeatable\":false,\"pluginOptions\":{\"i18n\":{\"localized\":true}},\"component\":\"global.navigation\"},\"footer\":{\"type\":\"component\",\"repeatable\":false,\"pluginOptions\":{\"i18n\":{\"localized\":true}},\"component\":\"global.footer\"}},\"kind\":\"singleType\"},\"modelType\":\"contentType\",\"modelName\":\"global\",\"connection\":\"default\",\"uid\":\"api::global.global\",\"apiName\":\"global\",\"globalId\":\"Global\",\"actions\":{},\"lifecycles\":{}},\"api::page.page\":{\"kind\":\"collectionType\",\"collectionName\":\"pages\",\"info\":{\"singularName\":\"page\",\"pluralName\":\"pages\",\"displayName\":\"page\",\"description\":\"\"},\"options\":{\"draftAndPublish\":true},\"pluginOptions\":{\"i18n\":{\"localized\":true}},\"attributes\":{\"title\":{\"type\":\"string\",\"required\":true,\"pluginOptions\":{\"i18n\":{\"localized\":true}}},\"slug\":{\"pluginOptions\":{\"i18n\":{\"localized\":false}},\"type\":\"string\",\"required\":false},\"blocks\":{\"type\":\"dynamiczone\",\"components\":[\"blocks.cta-command-line\",\"blocks.cta\",\"blocks.faq\",\"blocks.features-with-images\",\"blocks.features\",\"blocks.hero\",\"blocks.pricing\",\"blocks.related-articles\",\"blocks.related-restaurants\",\"blocks.team\",\"blocks.testimonial\"],\"pluginOptions\":{\"i18n\":{\"localized\":true}}},\"seo\":{\"type\":\"component\",\"repeatable\":false,\"pluginOptions\":{\"i18n\":{\"localized\":true}},\"component\":\"shared.seo\"},\"editors\":{\"type\":\"relation\",\"relation\":\"oneToMany\",\"target\":\"admin::user\"},\"createdAt\":{\"type\":\"datetime\"},\"updatedAt\":{\"type\":\"datetime\"},\"publishedAt\":{\"type\":\"datetime\",\"configurable\":false,\"writable\":true,\"visible\":false},\"createdBy\":{\"type\":\"relation\",\"relation\":\"oneToOne\",\"target\":\"admin::user\",\"configurable\":false,\"writable\":false,\"visible\":false,\"useJoinTable\":false,\"private\":true},\"updatedBy\":{\"type\":\"relation\",\"relation\":\"oneToOne\",\"target\":\"admin::user\",\"configurable\":false,\"writable\":false,\"visible\":false,\"useJoinTable\":false,\"private\":true},\"localizations\":{\"writable\":true,\"private\":false,\"configurable\":false,\"visible\":false,\"type\":\"relation\",\"relation\":\"oneToMany\",\"target\":\"api::page.page\"},\"locale\":{\"writable\":true,\"private\":false,\"configurable\":false,\"visible\":false,\"type\":\"string\"},\"sitemap_exclude\":{\"writable\":true,\"private\":true,\"configurable\":false,\"visible\":false,\"default\":false,\"type\":\"boolean\"}},\"__schema__\":{\"collectionName\":\"pages\",\"info\":{\"singularName\":\"page\",\"pluralName\":\"pages\",\"displayName\":\"page\",\"description\":\"\"},\"options\":{\"draftAndPublish\":true},\"pluginOptions\":{\"i18n\":{\"localized\":true}},\"attributes\":{\"title\":{\"type\":\"string\",\"required\":true,\"pluginOptions\":{\"i18n\":{\"localized\":true}}},\"slug\":{\"pluginOptions\":{\"i18n\":{\"localized\":false}},\"type\":\"string\",\"required\":false},\"blocks\":{\"type\":\"dynamiczone\",\"components\":[\"blocks.cta-command-line\",\"blocks.cta\",\"blocks.faq\",\"blocks.features-with-images\",\"blocks.features\",\"blocks.hero\",\"blocks.pricing\",\"blocks.related-articles\",\"blocks.related-restaurants\",\"blocks.team\",\"blocks.testimonial\"],\"pluginOptions\":{\"i18n\":{\"localized\":true}}},\"seo\":{\"type\":\"component\",\"repeatable\":false,\"pluginOptions\":{\"i18n\":{\"localized\":true}},\"component\":\"shared.seo\"},\"editors\":{\"type\":\"relation\",\"relation\":\"oneToMany\",\"target\":\"admin::user\"}},\"kind\":\"collectionType\"},\"modelType\":\"contentType\",\"modelName\":\"page\",\"connection\":\"default\",\"uid\":\"api::page.page\",\"apiName\":\"page\",\"globalId\":\"Page\",\"actions\":{},\"lifecycles\":{}},\"api::place.place\":{\"kind\":\"collectionType\",\"collectionName\":\"places\",\"info\":{\"singularName\":\"place\",\"pluralName\":\"places\",\"displayName\":\"place\"},\"options\":{\"draftAndPublish\":false},\"pluginOptions\":{},\"attributes\":{\"name\":{\"type\":\"string\",\"required\":true,\"unique\":true},\"restaurants\":{\"type\":\"relation\",\"relation\":\"oneToMany\",\"target\":\"api::restaurant.restaurant\",\"mappedBy\":\"place\"},\"createdAt\":{\"type\":\"datetime\"},\"updatedAt\":{\"type\":\"datetime\"},\"createdBy\":{\"type\":\"relation\",\"relation\":\"oneToOne\",\"target\":\"admin::user\",\"configurable\":false,\"writable\":false,\"visible\":false,\"useJoinTable\":false,\"private\":true},\"updatedBy\":{\"type\":\"relation\",\"relation\":\"oneToOne\",\"target\":\"admin::user\",\"configurable\":false,\"writable\":false,\"visible\":false,\"useJoinTable\":false,\"private\":true},\"sitemap_exclude\":{\"writable\":true,\"private\":true,\"configurable\":false,\"visible\":false,\"default\":false,\"type\":\"boolean\"}},\"__schema__\":{\"collectionName\":\"places\",\"info\":{\"singularName\":\"place\",\"pluralName\":\"places\",\"displayName\":\"place\"},\"options\":{\"draftAndPublish\":false},\"pluginOptions\":{},\"attributes\":{\"name\":{\"type\":\"string\",\"required\":true,\"unique\":true},\"restaurants\":{\"type\":\"relation\",\"relation\":\"oneToMany\",\"target\":\"api::restaurant.restaurant\",\"mappedBy\":\"place\"}},\"kind\":\"collectionType\"},\"modelType\":\"contentType\",\"modelName\":\"place\",\"connection\":\"default\",\"uid\":\"api::place.place\",\"apiName\":\"place\",\"globalId\":\"Place\",\"actions\":{},\"lifecycles\":{}},\"api::restaurant.restaurant\":{\"kind\":\"collectionType\",\"collectionName\":\"restaurants\",\"info\":{\"singularName\":\"restaurant\",\"pluralName\":\"restaurants\",\"displayName\":\"restaurant\",\"description\":\"\"},\"options\":{\"draftAndPublish\":true},\"pluginOptions\":{\"i18n\":{\"localized\":true}},\"attributes\":{\"name\":{\"pluginOptions\":{\"i18n\":{\"localized\":true}},\"type\":\"string\",\"required\":true},\"slug\":{\"pluginOptions\":{\"i18n\":{\"localized\":true}},\"type\":\"uid\",\"targetField\":\"name\"},\"images\":{\"type\":\"media\",\"multiple\":true,\"required\":true,\"allowedTypes\":[\"images\",\"files\",\"videos\"],\"pluginOptions\":{\"i18n\":{\"localized\":false}}},\"price\":{\"pluginOptions\":{\"i18n\":{\"localized\":false}},\"type\":\"enumeration\",\"enum\":[\"p1\",\"p2\",\"p3\",\"p4\"],\"required\":true},\"information\":{\"type\":\"component\",\"repeatable\":false,\"pluginOptions\":{\"i18n\":{\"localized\":true}},\"component\":\"restaurant.information\"},\"socialNetworks\":{\"type\":\"component\",\"repeatable\":true,\"pluginOptions\":{\"i18n\":{\"localized\":false}},\"component\":\"shared.social-networks\"},\"blocks\":{\"pluginOptions\":{\"i18n\":{\"localized\":true}},\"type\":\"dynamiczone\",\"components\":[\"restaurant.rich-content\",\"blocks.related-restaurants\",\"blocks.faq\",\"blocks.cta\",\"blocks.cta-command-line\"]},\"seo\":{\"type\":\"component\",\"repeatable\":false,\"pluginOptions\":{\"i18n\":{\"localized\":true}},\"component\":\"shared.seo\"},\"category\":{\"type\":\"relation\",\"relation\":\"manyToOne\",\"target\":\"api::category.category\",\"inversedBy\":\"restaurants\"},\"place\":{\"type\":\"relation\",\"relation\":\"manyToOne\",\"target\":\"api::place.place\",\"inversedBy\":\"restaurants\"},\"reviews\":{\"type\":\"relation\",\"relation\":\"oneToMany\",\"target\":\"api::review.review\",\"mappedBy\":\"restaurant\"},\"createdAt\":{\"type\":\"datetime\"},\"updatedAt\":{\"type\":\"datetime\"},\"publishedAt\":{\"type\":\"datetime\",\"configurable\":false,\"writable\":true,\"visible\":false},\"createdBy\":{\"type\":\"relation\",\"relation\":\"oneToOne\",\"target\":\"admin::user\",\"configurable\":false,\"writable\":false,\"visible\":false,\"useJoinTable\":false,\"private\":true},\"updatedBy\":{\"type\":\"relation\",\"relation\":\"oneToOne\",\"target\":\"admin::user\",\"configurable\":false,\"writable\":false,\"visible\":false,\"useJoinTable\":false,\"private\":true},\"localizations\":{\"writable\":true,\"private\":false,\"configurable\":false,\"visible\":false,\"type\":\"relation\",\"relation\":\"oneToMany\",\"target\":\"api::restaurant.restaurant\"},\"locale\":{\"writable\":true,\"private\":false,\"configurable\":false,\"visible\":false,\"type\":\"string\"},\"sitemap_exclude\":{\"writable\":true,\"private\":true,\"configurable\":false,\"visible\":false,\"default\":false,\"type\":\"boolean\"}},\"__schema__\":{\"collectionName\":\"restaurants\",\"info\":{\"singularName\":\"restaurant\",\"pluralName\":\"restaurants\",\"displayName\":\"restaurant\",\"description\":\"\"},\"options\":{\"draftAndPublish\":true},\"pluginOptions\":{\"i18n\":{\"localized\":true}},\"attributes\":{\"name\":{\"pluginOptions\":{\"i18n\":{\"localized\":true}},\"type\":\"string\",\"required\":true},\"slug\":{\"pluginOptions\":{\"i18n\":{\"localized\":true}},\"type\":\"uid\",\"targetField\":\"name\"},\"images\":{\"type\":\"media\",\"multiple\":true,\"required\":true,\"allowedTypes\":[\"images\",\"files\",\"videos\"],\"pluginOptions\":{\"i18n\":{\"localized\":false}}},\"price\":{\"pluginOptions\":{\"i18n\":{\"localized\":false}},\"type\":\"enumeration\",\"enum\":[\"p1\",\"p2\",\"p3\",\"p4\"],\"required\":true},\"information\":{\"type\":\"component\",\"repeatable\":false,\"pluginOptions\":{\"i18n\":{\"localized\":true}},\"component\":\"restaurant.information\"},\"socialNetworks\":{\"type\":\"component\",\"repeatable\":true,\"pluginOptions\":{\"i18n\":{\"localized\":false}},\"component\":\"shared.social-networks\"},\"blocks\":{\"pluginOptions\":{\"i18n\":{\"localized\":true}},\"type\":\"dynamiczone\",\"components\":[\"restaurant.rich-content\",\"blocks.related-restaurants\",\"blocks.faq\",\"blocks.cta\",\"blocks.cta-command-line\"]},\"seo\":{\"type\":\"component\",\"repeatable\":false,\"pluginOptions\":{\"i18n\":{\"localized\":true}},\"component\":\"shared.seo\"},\"category\":{\"type\":\"relation\",\"relation\":\"manyToOne\",\"target\":\"api::category.category\",\"inversedBy\":\"restaurants\"},\"place\":{\"type\":\"relation\",\"relation\":\"manyToOne\",\"target\":\"api::place.place\",\"inversedBy\":\"restaurants\"},\"reviews\":{\"type\":\"relation\",\"relation\":\"oneToMany\",\"target\":\"api::review.review\",\"mappedBy\":\"restaurant\"}},\"kind\":\"collectionType\"},\"modelType\":\"contentType\",\"modelName\":\"restaurant\",\"connection\":\"default\",\"uid\":\"api::restaurant.restaurant\",\"apiName\":\"restaurant\",\"globalId\":\"Restaurant\",\"actions\":{},\"lifecycles\":{}},\"api::restaurant-page.restaurant-page\":{\"kind\":\"singleType\",\"collectionName\":\"restaurant_pages\",\"info\":{\"singularName\":\"restaurant-page\",\"pluralName\":\"restaurant-pages\",\"displayName\":\"RestaurantPage\"},\"options\":{\"draftAndPublish\":true},\"pluginOptions\":{\"i18n\":{\"localized\":true}},\"attributes\":{\"header\":{\"type\":\"component\",\"repeatable\":false,\"pluginOptions\":{\"i18n\":{\"localized\":true}},\"component\":\"shared.header\"},\"slug\":{\"pluginOptions\":{\"i18n\":{\"localized\":false}},\"type\":\"string\",\"required\":true},\"categoryText\":{\"pluginOptions\":{\"i18n\":{\"localized\":true}},\"type\":\"string\",\"required\":true},\"PlaceText\":{\"pluginOptions\":{\"i18n\":{\"localized\":true}},\"type\":\"string\",\"required\":true},\"restaurantsPerPage\":{\"pluginOptions\":{\"i18n\":{\"localized\":false}},\"type\":\"integer\",\"required\":true},\"blocks\":{\"pluginOptions\":{\"i18n\":{\"localized\":true}},\"type\":\"dynamiczone\",\"components\":[\"blocks.cta\"]},\"seo\":{\"type\":\"component\",\"repeatable\":false,\"pluginOptions\":{\"i18n\":{\"localized\":true}},\"component\":\"shared.seo\"},\"createdAt\":{\"type\":\"datetime\"},\"updatedAt\":{\"type\":\"datetime\"},\"publishedAt\":{\"type\":\"datetime\",\"configurable\":false,\"writable\":true,\"visible\":false},\"createdBy\":{\"type\":\"relation\",\"relation\":\"oneToOne\",\"target\":\"admin::user\",\"configurable\":false,\"writable\":false,\"visible\":false,\"useJoinTable\":false,\"private\":true},\"updatedBy\":{\"type\":\"relation\",\"relation\":\"oneToOne\",\"target\":\"admin::user\",\"configurable\":false,\"writable\":false,\"visible\":false,\"useJoinTable\":false,\"private\":true},\"localizations\":{\"writable\":true,\"private\":false,\"configurable\":false,\"visible\":false,\"type\":\"relation\",\"relation\":\"oneToMany\",\"target\":\"api::restaurant-page.restaurant-page\"},\"locale\":{\"writable\":true,\"private\":false,\"configurable\":false,\"visible\":false,\"type\":\"string\"},\"sitemap_exclude\":{\"writable\":true,\"private\":true,\"configurable\":false,\"visible\":false,\"default\":false,\"type\":\"boolean\"}},\"__schema__\":{\"collectionName\":\"restaurant_pages\",\"info\":{\"singularName\":\"restaurant-page\",\"pluralName\":\"restaurant-pages\",\"displayName\":\"RestaurantPage\"},\"options\":{\"draftAndPublish\":true},\"pluginOptions\":{\"i18n\":{\"localized\":true}},\"attributes\":{\"header\":{\"type\":\"component\",\"repeatable\":false,\"pluginOptions\":{\"i18n\":{\"localized\":true}},\"component\":\"shared.header\"},\"slug\":{\"pluginOptions\":{\"i18n\":{\"localized\":false}},\"type\":\"string\",\"required\":true},\"categoryText\":{\"pluginOptions\":{\"i18n\":{\"localized\":true}},\"type\":\"string\",\"required\":true},\"PlaceText\":{\"pluginOptions\":{\"i18n\":{\"localized\":true}},\"type\":\"string\",\"required\":true},\"restaurantsPerPage\":{\"pluginOptions\":{\"i18n\":{\"localized\":false}},\"type\":\"integer\",\"required\":true},\"blocks\":{\"pluginOptions\":{\"i18n\":{\"localized\":true}},\"type\":\"dynamiczone\",\"components\":[\"blocks.cta\"]},\"seo\":{\"type\":\"component\",\"repeatable\":false,\"pluginOptions\":{\"i18n\":{\"localized\":true}},\"component\":\"shared.seo\"}},\"kind\":\"singleType\"},\"modelType\":\"contentType\",\"modelName\":\"restaurant-page\",\"connection\":\"default\",\"uid\":\"api::restaurant-page.restaurant-page\",\"apiName\":\"restaurant-page\",\"globalId\":\"RestaurantPage\",\"actions\":{},\"lifecycles\":{}},\"api::review.review\":{\"kind\":\"collectionType\",\"collectionName\":\"reviews\",\"info\":{\"singularName\":\"review\",\"pluralName\":\"reviews\",\"displayName\":\"review\"},\"options\":{\"draftAndPublish\":false},\"pluginOptions\":{\"i18n\":{\"localized\":true}},\"attributes\":{\"content\":{\"pluginOptions\":{\"i18n\":{\"localized\":true}},\"type\":\"text\"},\"note\":{\"pluginOptions\":{\"i18n\":{\"localized\":false}},\"type\":\"integer\",\"required\":true,\"max\":5,\"min\":1},\"author\":{\"type\":\"relation\",\"relation\":\"manyToOne\",\"target\":\"plugin::users-permissions.user\",\"inversedBy\":\"reviews\"},\"restaurant\":{\"type\":\"relation\",\"relation\":\"manyToOne\",\"target\":\"api::restaurant.restaurant\",\"inversedBy\":\"reviews\"},\"createdAt\":{\"type\":\"datetime\"},\"updatedAt\":{\"type\":\"datetime\"},\"createdBy\":{\"type\":\"relation\",\"relation\":\"oneToOne\",\"target\":\"admin::user\",\"configurable\":false,\"writable\":false,\"visible\":false,\"useJoinTable\":false,\"private\":true},\"updatedBy\":{\"type\":\"relation\",\"relation\":\"oneToOne\",\"target\":\"admin::user\",\"configurable\":false,\"writable\":false,\"visible\":false,\"useJoinTable\":false,\"private\":true},\"localizations\":{\"writable\":true,\"private\":false,\"configurable\":false,\"visible\":false,\"type\":\"relation\",\"relation\":\"oneToMany\",\"target\":\"api::review.review\"},\"locale\":{\"writable\":true,\"private\":false,\"configurable\":false,\"visible\":false,\"type\":\"string\"},\"sitemap_exclude\":{\"writable\":true,\"private\":true,\"configurable\":false,\"visible\":false,\"default\":false,\"type\":\"boolean\"}},\"__schema__\":{\"collectionName\":\"reviews\",\"info\":{\"singularName\":\"review\",\"pluralName\":\"reviews\",\"displayName\":\"review\"},\"options\":{\"draftAndPublish\":false},\"pluginOptions\":{\"i18n\":{\"localized\":true}},\"attributes\":{\"content\":{\"pluginOptions\":{\"i18n\":{\"localized\":true}},\"type\":\"text\"},\"note\":{\"pluginOptions\":{\"i18n\":{\"localized\":false}},\"type\":\"integer\",\"required\":true,\"max\":5,\"min\":1},\"author\":{\"type\":\"relation\",\"relation\":\"manyToOne\",\"target\":\"plugin::users-permissions.user\",\"inversedBy\":\"reviews\"},\"restaurant\":{\"type\":\"relation\",\"relation\":\"manyToOne\",\"target\":\"api::restaurant.restaurant\",\"inversedBy\":\"reviews\"}},\"kind\":\"collectionType\"},\"modelType\":\"contentType\",\"modelName\":\"review\",\"connection\":\"default\",\"uid\":\"api::review.review\",\"apiName\":\"review\",\"globalId\":\"Review\",\"actions\":{},\"lifecycles\":{}}}','object','',''),(2,'plugin_content_manager_configuration_components::blocks.cta-command-line','{\"uid\":\"blocks.cta-command-line\",\"settings\":{\"bulkable\":true,\"filterable\":true,\"searchable\":true,\"pageSize\":10,\"mainField\":\"title\",\"defaultSortBy\":\"title\",\"defaultSortOrder\":\"ASC\"},\"metadatas\":{\"id\":{\"edit\":{},\"list\":{\"label\":\"Id\",\"searchable\":false,\"sortable\":false}},\"theme\":{\"edit\":{\"label\":\"Theme\",\"description\":\"\",\"placeholder\":\"\",\"visible\":true,\"editable\":true},\"list\":{\"label\":\"Theme\",\"searchable\":true,\"sortable\":true}},\"title\":{\"edit\":{\"label\":\"Title\",\"description\":\"\",\"placeholder\":\"\",\"visible\":true,\"editable\":true},\"list\":{\"label\":\"Title\",\"searchable\":true,\"sortable\":true}},\"text\":{\"edit\":{\"label\":\"Text\",\"description\":\"\",\"placeholder\":\"\",\"visible\":true,\"editable\":true},\"list\":{\"label\":\"Text\",\"searchable\":true,\"sortable\":true}},\"commandLine\":{\"edit\":{\"label\":\"CommandLine\",\"description\":\"\",\"placeholder\":\"\",\"visible\":true,\"editable\":true},\"list\":{\"label\":\"CommandLine\",\"searchable\":true,\"sortable\":true}}},\"layouts\":{\"list\":[\"id\",\"theme\",\"title\",\"text\"],\"edit\":[[{\"name\":\"theme\",\"size\":6},{\"name\":\"title\",\"size\":6}],[{\"name\":\"text\",\"size\":6},{\"name\":\"commandLine\",\"size\":6}]]},\"isComponent\":true}','object','',''),(3,'plugin_content_manager_configuration_components::blocks.cta','{\"uid\":\"blocks.cta\",\"settings\":{\"bulkable\":true,\"filterable\":true,\"searchable\":true,\"pageSize\":10,\"mainField\":\"title\",\"defaultSortBy\":\"title\",\"defaultSortOrder\":\"ASC\"},\"metadatas\":{\"id\":{\"edit\":{},\"list\":{\"label\":\"Id\",\"searchable\":false,\"sortable\":false}},\"theme\":{\"edit\":{\"label\":\"Theme\",\"description\":\"\",\"placeholder\":\"\",\"visible\":true,\"editable\":true},\"list\":{\"label\":\"Theme\",\"searchable\":true,\"sortable\":true}},\"title\":{\"edit\":{\"label\":\"Title\",\"description\":\"\",\"placeholder\":\"\",\"visible\":true,\"editable\":true},\"list\":{\"label\":\"Title\",\"searchable\":true,\"sortable\":true}},\"text\":{\"edit\":{\"label\":\"Text\",\"description\":\"\",\"placeholder\":\"\",\"visible\":true,\"editable\":true},\"list\":{\"label\":\"Text\",\"searchable\":true,\"sortable\":true}},\"buttons\":{\"edit\":{\"label\":\"Buttons\",\"description\":\"\",\"placeholder\":\"\",\"visible\":true,\"editable\":true},\"list\":{\"label\":\"Buttons\",\"searchable\":false,\"sortable\":false}}},\"layouts\":{\"list\":[\"id\",\"theme\",\"title\",\"text\"],\"edit\":[[{\"name\":\"theme\",\"size\":6},{\"name\":\"title\",\"size\":6}],[{\"name\":\"text\",\"size\":6}],[{\"name\":\"buttons\",\"size\":12}]]},\"isComponent\":true}','object','',''),(4,'plugin_content_manager_configuration_components::blocks.faq','{\"uid\":\"blocks.faq\",\"settings\":{\"bulkable\":true,\"filterable\":true,\"searchable\":true,\"pageSize\":10,\"mainField\":\"title\",\"defaultSortBy\":\"title\",\"defaultSortOrder\":\"ASC\"},\"metadatas\":{\"id\":{\"edit\":{},\"list\":{\"label\":\"Id\",\"searchable\":false,\"sortable\":false}},\"title\":{\"edit\":{\"label\":\"Title\",\"description\":\"\",\"placeholder\":\"\",\"visible\":true,\"editable\":true},\"list\":{\"label\":\"Title\",\"searchable\":true,\"sortable\":true}},\"theme\":{\"edit\":{\"label\":\"Theme\",\"description\":\"\",\"placeholder\":\"\",\"visible\":true,\"editable\":true},\"list\":{\"label\":\"Theme\",\"searchable\":true,\"sortable\":true}},\"faq\":{\"edit\":{\"label\":\"Faq\",\"description\":\"\",\"placeholder\":\"\",\"visible\":true,\"editable\":true},\"list\":{\"label\":\"Faq\",\"searchable\":false,\"sortable\":false}}},\"layouts\":{\"list\":[\"id\",\"title\",\"theme\"],\"edit\":[[{\"name\":\"title\",\"size\":6},{\"name\":\"theme\",\"size\":6}],[{\"name\":\"faq\",\"size\":12}]]},\"isComponent\":true}','object','',''),(5,'plugin_content_manager_configuration_components::blocks.features-with-images','{\"uid\":\"blocks.features-with-images\",\"settings\":{\"bulkable\":true,\"filterable\":true,\"searchable\":true,\"pageSize\":10,\"mainField\":\"id\",\"defaultSortBy\":\"id\",\"defaultSortOrder\":\"ASC\"},\"metadatas\":{\"id\":{\"edit\":{},\"list\":{\"label\":\"Id\",\"searchable\":false,\"sortable\":false}},\"header\":{\"edit\":{\"label\":\"Header\",\"description\":\"\",\"placeholder\":\"\",\"visible\":true,\"editable\":true},\"list\":{\"label\":\"Header\",\"searchable\":false,\"sortable\":false}},\"text\":{\"edit\":{\"label\":\"Text\",\"description\":\"\",\"placeholder\":\"\",\"visible\":true,\"editable\":true},\"list\":{\"label\":\"Text\",\"searchable\":true,\"sortable\":true}},\"theme\":{\"edit\":{\"label\":\"Theme\",\"description\":\"\",\"placeholder\":\"\",\"visible\":true,\"editable\":true},\"list\":{\"label\":\"Theme\",\"searchable\":true,\"sortable\":true}},\"image\":{\"edit\":{\"label\":\"Image\",\"description\":\"\",\"placeholder\":\"\",\"visible\":true,\"editable\":true},\"list\":{\"label\":\"Image\",\"searchable\":false,\"sortable\":false}},\"featuresCheck\":{\"edit\":{\"label\":\"FeaturesCheck\",\"description\":\"\",\"placeholder\":\"\",\"visible\":true,\"editable\":true},\"list\":{\"label\":\"FeaturesCheck\",\"searchable\":false,\"sortable\":false}}},\"layouts\":{\"list\":[\"id\",\"text\",\"theme\",\"image\"],\"edit\":[[{\"name\":\"header\",\"size\":12}],[{\"name\":\"text\",\"size\":6},{\"name\":\"theme\",\"size\":6}],[{\"name\":\"image\",\"size\":6}],[{\"name\":\"featuresCheck\",\"size\":12}]]},\"isComponent\":true}','object','',''),(6,'plugin_content_manager_configuration_components::blocks.features','{\"uid\":\"blocks.features\",\"settings\":{\"bulkable\":true,\"filterable\":true,\"searchable\":true,\"pageSize\":10,\"mainField\":\"id\",\"defaultSortBy\":\"id\",\"defaultSortOrder\":\"ASC\"},\"metadatas\":{\"id\":{\"edit\":{},\"list\":{\"label\":\"Id\",\"searchable\":false,\"sortable\":false}},\"theme\":{\"edit\":{\"label\":\"Theme\",\"description\":\"\",\"placeholder\":\"\",\"visible\":true,\"editable\":true},\"list\":{\"label\":\"Theme\",\"searchable\":true,\"sortable\":true}},\"header\":{\"edit\":{\"label\":\"Header\",\"description\":\"\",\"placeholder\":\"\",\"visible\":true,\"editable\":true},\"list\":{\"label\":\"Header\",\"searchable\":false,\"sortable\":false}},\"cards\":{\"edit\":{\"label\":\"Cards\",\"description\":\"\",\"placeholder\":\"\",\"visible\":true,\"editable\":true},\"list\":{\"label\":\"Cards\",\"searchable\":false,\"sortable\":false}}},\"layouts\":{\"list\":[\"id\",\"theme\"],\"edit\":[[{\"name\":\"theme\",\"size\":6}],[{\"name\":\"header\",\"size\":12}],[{\"name\":\"cards\",\"size\":12}]]},\"isComponent\":true}','object','',''),(7,'plugin_content_manager_configuration_components::blocks.hero','{\"uid\":\"blocks.hero\",\"settings\":{\"bulkable\":true,\"filterable\":true,\"searchable\":true,\"pageSize\":10,\"mainField\":\"text\",\"defaultSortBy\":\"text\",\"defaultSortOrder\":\"ASC\"},\"metadatas\":{\"id\":{\"edit\":{},\"list\":{\"label\":\"Id\",\"searchable\":false,\"sortable\":false}},\"images\":{\"edit\":{\"label\":\"Images\",\"description\":\"\",\"placeholder\":\"\",\"visible\":true,\"editable\":true},\"list\":{\"label\":\"Images\",\"searchable\":false,\"sortable\":false}},\"header\":{\"edit\":{\"label\":\"Header\",\"description\":\"\",\"placeholder\":\"\",\"visible\":true,\"editable\":true},\"list\":{\"label\":\"Header\",\"searchable\":false,\"sortable\":false}},\"text\":{\"edit\":{\"label\":\"Text\",\"description\":\"\",\"placeholder\":\"\",\"visible\":true,\"editable\":true},\"list\":{\"label\":\"Text\",\"searchable\":true,\"sortable\":true}},\"buttons\":{\"edit\":{\"label\":\"Buttons\",\"description\":\"\",\"placeholder\":\"\",\"visible\":true,\"editable\":true},\"list\":{\"label\":\"Buttons\",\"searchable\":false,\"sortable\":false}}},\"layouts\":{\"list\":[\"id\",\"images\",\"text\"],\"edit\":[[{\"name\":\"images\",\"size\":6}],[{\"name\":\"header\",\"size\":12}],[{\"name\":\"text\",\"size\":6}],[{\"name\":\"buttons\",\"size\":12}]]},\"isComponent\":true}','object','',''),(8,'plugin_content_manager_configuration_components::blocks.pricing','{\"uid\":\"blocks.pricing\",\"settings\":{\"bulkable\":true,\"filterable\":true,\"searchable\":true,\"pageSize\":10,\"mainField\":\"id\",\"defaultSortBy\":\"id\",\"defaultSortOrder\":\"ASC\"},\"metadatas\":{\"id\":{\"edit\":{},\"list\":{\"label\":\"Id\",\"searchable\":false,\"sortable\":false}},\"header\":{\"edit\":{\"label\":\"Header\",\"description\":\"\",\"placeholder\":\"\",\"visible\":true,\"editable\":true},\"list\":{\"label\":\"Header\",\"searchable\":false,\"sortable\":false}},\"pricingCards\":{\"edit\":{\"label\":\"PricingCards\",\"description\":\"\",\"placeholder\":\"\",\"visible\":true,\"editable\":true},\"list\":{\"label\":\"PricingCards\",\"searchable\":false,\"sortable\":false}}},\"layouts\":{\"list\":[\"id\"],\"edit\":[[{\"name\":\"header\",\"size\":12}],[{\"name\":\"pricingCards\",\"size\":12}]]},\"isComponent\":true}','object','',''),(9,'plugin_content_manager_configuration_components::blocks.related-articles','{\"uid\":\"blocks.related-articles\",\"settings\":{\"bulkable\":true,\"filterable\":true,\"searchable\":true,\"pageSize\":10,\"mainField\":\"id\",\"defaultSortBy\":\"id\",\"defaultSortOrder\":\"ASC\"},\"metadatas\":{\"id\":{\"edit\":{},\"list\":{\"label\":\"Id\",\"searchable\":false,\"sortable\":false}},\"header\":{\"edit\":{\"label\":\"Header\",\"description\":\"\",\"placeholder\":\"\",\"visible\":true,\"editable\":true},\"list\":{\"label\":\"Header\",\"searchable\":false,\"sortable\":false}},\"articles\":{\"edit\":{\"label\":\"Articles\",\"description\":\"\",\"placeholder\":\"\",\"visible\":true,\"editable\":true,\"mainField\":\"title\"},\"list\":{\"label\":\"Articles\",\"searchable\":false,\"sortable\":false}}},\"layouts\":{\"list\":[\"id\",\"articles\"],\"edit\":[[{\"name\":\"header\",\"size\":12}],[{\"name\":\"articles\",\"size\":6}]]},\"isComponent\":true}','object','',''),(10,'plugin_content_manager_configuration_components::blocks.related-restaurants','{\"uid\":\"blocks.related-restaurants\",\"settings\":{\"bulkable\":true,\"filterable\":true,\"searchable\":true,\"pageSize\":10,\"mainField\":\"id\",\"defaultSortBy\":\"id\",\"defaultSortOrder\":\"ASC\"},\"metadatas\":{\"id\":{\"edit\":{},\"list\":{\"label\":\"Id\",\"searchable\":false,\"sortable\":false}},\"header\":{\"edit\":{\"label\":\"Header\",\"description\":\"\",\"placeholder\":\"\",\"visible\":true,\"editable\":true},\"list\":{\"label\":\"Header\",\"searchable\":false,\"sortable\":false}},\"restaurants\":{\"edit\":{\"label\":\"Restaurants\",\"description\":\"\",\"placeholder\":\"\",\"visible\":true,\"editable\":true,\"mainField\":\"name\"},\"list\":{\"label\":\"Restaurants\",\"searchable\":false,\"sortable\":false}}},\"layouts\":{\"list\":[\"id\",\"restaurants\"],\"edit\":[[{\"name\":\"restaurants\",\"size\":6}],[{\"name\":\"header\",\"size\":12}]]},\"isComponent\":true}','object','',''),(11,'plugin_content_manager_configuration_components::blocks.team','{\"uid\":\"blocks.team\",\"settings\":{\"bulkable\":true,\"filterable\":true,\"searchable\":true,\"pageSize\":10,\"mainField\":\"id\",\"defaultSortBy\":\"id\",\"defaultSortOrder\":\"ASC\"},\"metadatas\":{\"id\":{\"edit\":{},\"list\":{\"label\":\"Id\",\"searchable\":false,\"sortable\":false}},\"header\":{\"edit\":{\"label\":\"Header\",\"description\":\"\",\"placeholder\":\"\",\"visible\":true,\"editable\":true},\"list\":{\"label\":\"Header\",\"searchable\":false,\"sortable\":false}},\"members\":{\"edit\":{\"label\":\"Members\",\"description\":\"\",\"placeholder\":\"\",\"visible\":true,\"editable\":true,\"mainField\":\"username\"},\"list\":{\"label\":\"Members\",\"searchable\":false,\"sortable\":false}}},\"layouts\":{\"list\":[\"id\",\"members\"],\"edit\":[[{\"name\":\"header\",\"size\":12}],[{\"name\":\"members\",\"size\":6}]]},\"isComponent\":true}','object','',''),(12,'plugin_content_manager_configuration_components::blocks.testimonial','{\"uid\":\"blocks.testimonial\",\"settings\":{\"bulkable\":true,\"filterable\":true,\"searchable\":true,\"pageSize\":10,\"mainField\":\"id\",\"defaultSortBy\":\"id\",\"defaultSortOrder\":\"ASC\"},\"metadatas\":{\"id\":{\"edit\":{},\"list\":{\"label\":\"Id\",\"searchable\":false,\"sortable\":false}},\"theme\":{\"edit\":{\"label\":\"Theme\",\"description\":\"\",\"placeholder\":\"\",\"visible\":true,\"editable\":true},\"list\":{\"label\":\"Theme\",\"searchable\":true,\"sortable\":true}},\"text\":{\"edit\":{\"label\":\"Text\",\"description\":\"\",\"placeholder\":\"\",\"visible\":true,\"editable\":true},\"list\":{\"label\":\"Text\",\"searchable\":true,\"sortable\":true}},\"author\":{\"edit\":{\"label\":\"Author\",\"description\":\"\",\"placeholder\":\"\",\"visible\":true,\"editable\":true,\"mainField\":\"username\"},\"list\":{\"label\":\"Author\",\"searchable\":true,\"sortable\":true}}},\"layouts\":{\"list\":[\"id\",\"theme\",\"text\",\"author\"],\"edit\":[[{\"name\":\"theme\",\"size\":6},{\"name\":\"text\",\"size\":6}],[{\"name\":\"author\",\"size\":6}]]},\"isComponent\":true}','object','',''),(13,'plugin_content_manager_configuration_components::global.footer','{\"uid\":\"global.footer\",\"settings\":{\"bulkable\":true,\"filterable\":true,\"searchable\":true,\"pageSize\":10,\"mainField\":\"label\",\"defaultSortBy\":\"label\",\"defaultSortOrder\":\"ASC\"},\"metadatas\":{\"id\":{\"edit\":{},\"list\":{\"label\":\"Id\",\"searchable\":false,\"sortable\":false}},\"footerColumns\":{\"edit\":{\"label\":\"FooterColumns\",\"description\":\"\",\"placeholder\":\"\",\"visible\":true,\"editable\":true},\"list\":{\"label\":\"FooterColumns\",\"searchable\":false,\"sortable\":false}},\"socialNetworks\":{\"edit\":{\"label\":\"SocialNetworks\",\"description\":\"\",\"placeholder\":\"\",\"visible\":true,\"editable\":true},\"list\":{\"label\":\"SocialNetworks\",\"searchable\":false,\"sortable\":false}},\"button\":{\"edit\":{\"label\":\"button\",\"description\":\"\",\"placeholder\":\"\",\"visible\":true,\"editable\":true},\"list\":{\"label\":\"button\",\"searchable\":false,\"sortable\":false}},\"label\":{\"edit\":{\"label\":\"Label\",\"description\":\"\",\"placeholder\":\"\",\"visible\":true,\"editable\":true},\"list\":{\"label\":\"Label\",\"searchable\":true,\"sortable\":true}}},\"layouts\":{\"list\":[\"id\",\"label\",\"button\"],\"edit\":[[{\"name\":\"footerColumns\",\"size\":12}],[{\"name\":\"socialNetworks\",\"size\":12}],[{\"name\":\"label\",\"size\":6}],[{\"name\":\"button\",\"size\":12}]]},\"isComponent\":true}','object','',''),(14,'plugin_content_manager_configuration_components::global.navigation','{\"uid\":\"global.navigation\",\"settings\":{\"bulkable\":true,\"filterable\":true,\"searchable\":true,\"pageSize\":10,\"mainField\":\"id\",\"defaultSortBy\":\"id\",\"defaultSortOrder\":\"ASC\"},\"metadatas\":{\"id\":{\"edit\":{},\"list\":{\"label\":\"Id\",\"searchable\":false,\"sortable\":false}},\"links\":{\"edit\":{\"label\":\"Links\",\"description\":\"\",\"placeholder\":\"\",\"visible\":true,\"editable\":true},\"list\":{\"label\":\"Links\",\"searchable\":false,\"sortable\":false}},\"leftButton\":{\"edit\":{\"label\":\"LeftButton\",\"description\":\"\",\"placeholder\":\"\",\"visible\":true,\"editable\":true},\"list\":{\"label\":\"LeftButton\",\"searchable\":false,\"sortable\":false}},\"rightButton\":{\"edit\":{\"label\":\"RightButton\",\"description\":\"\",\"placeholder\":\"\",\"visible\":true,\"editable\":true},\"list\":{\"label\":\"RightButton\",\"searchable\":false,\"sortable\":false}}},\"layouts\":{\"list\":[\"id\"],\"edit\":[[{\"name\":\"links\",\"size\":12}],[{\"name\":\"leftButton\",\"size\":12}],[{\"name\":\"rightButton\",\"size\":12}]]},\"isComponent\":true}','object','',''),(15,'plugin_content_manager_configuration_components::pricing.perks','{\"uid\":\"pricing.perks\",\"settings\":{\"bulkable\":true,\"filterable\":true,\"searchable\":true,\"pageSize\":10,\"mainField\":\"name\",\"defaultSortBy\":\"name\",\"defaultSortOrder\":\"ASC\"},\"metadatas\":{\"id\":{\"edit\":{},\"list\":{\"label\":\"Id\",\"searchable\":false,\"sortable\":false}},\"name\":{\"edit\":{\"label\":\"Name\",\"description\":\"\",\"placeholder\":\"\",\"visible\":true,\"editable\":true},\"list\":{\"label\":\"Name\",\"searchable\":true,\"sortable\":true}},\"included\":{\"edit\":{\"label\":\"Included\",\"description\":\"\",\"placeholder\":\"\",\"visible\":true,\"editable\":true},\"list\":{\"label\":\"Included\",\"searchable\":true,\"sortable\":true}}},\"layouts\":{\"list\":[\"id\",\"name\",\"included\"],\"edit\":[[{\"name\":\"name\",\"size\":6},{\"name\":\"included\",\"size\":4}]]},\"isComponent\":true}','object','',''),(16,'plugin_content_manager_configuration_components::pricing.pricing-cards','{\"uid\":\"pricing.pricing-cards\",\"settings\":{\"bulkable\":true,\"filterable\":true,\"searchable\":true,\"pageSize\":10,\"mainField\":\"title\",\"defaultSortBy\":\"title\",\"defaultSortOrder\":\"ASC\"},\"metadatas\":{\"id\":{\"edit\":{},\"list\":{\"label\":\"Id\",\"searchable\":false,\"sortable\":false}},\"title\":{\"edit\":{\"label\":\"Title\",\"description\":\"\",\"placeholder\":\"\",\"visible\":true,\"editable\":true},\"list\":{\"label\":\"Title\",\"searchable\":true,\"sortable\":true}},\"description\":{\"edit\":{\"label\":\"Description\",\"description\":\"\",\"placeholder\":\"\",\"visible\":true,\"editable\":true},\"list\":{\"label\":\"Description\",\"searchable\":true,\"sortable\":true}},\"price\":{\"edit\":{\"label\":\"Price\",\"description\":\"\",\"placeholder\":\"\",\"visible\":true,\"editable\":true},\"list\":{\"label\":\"Price\",\"searchable\":true,\"sortable\":true}},\"perks\":{\"edit\":{\"label\":\"Perks\",\"description\":\"\",\"placeholder\":\"\",\"visible\":true,\"editable\":true},\"list\":{\"label\":\"Perks\",\"searchable\":false,\"sortable\":false}}},\"layouts\":{\"list\":[\"id\",\"title\",\"description\",\"price\"],\"edit\":[[{\"name\":\"title\",\"size\":6},{\"name\":\"description\",\"size\":6}],[{\"name\":\"price\",\"size\":4}],[{\"name\":\"perks\",\"size\":12}]]},\"isComponent\":true}','object','',''),(17,'plugin_content_manager_configuration_components::restaurant.information','{\"uid\":\"restaurant.information\",\"settings\":{\"bulkable\":true,\"filterable\":true,\"searchable\":true,\"pageSize\":10,\"mainField\":\"id\",\"defaultSortBy\":\"id\",\"defaultSortOrder\":\"ASC\"},\"metadatas\":{\"id\":{\"edit\":{},\"list\":{\"label\":\"Id\",\"searchable\":false,\"sortable\":false}},\"description\":{\"edit\":{\"label\":\"Description\",\"description\":\"\",\"placeholder\":\"\",\"visible\":true,\"editable\":true},\"list\":{\"label\":\"Description\",\"searchable\":true,\"sortable\":true}},\"opening_hours\":{\"edit\":{\"label\":\"Opening_hours\",\"description\":\"\",\"placeholder\":\"\",\"visible\":true,\"editable\":true},\"list\":{\"label\":\"Opening_hours\",\"searchable\":false,\"sortable\":false}},\"location\":{\"edit\":{\"label\":\"Location\",\"description\":\"\",\"placeholder\":\"\",\"visible\":true,\"editable\":true},\"list\":{\"label\":\"Location\",\"searchable\":false,\"sortable\":false}}},\"layouts\":{\"list\":[\"id\",\"description\"],\"edit\":[[{\"name\":\"description\",\"size\":6}],[{\"name\":\"opening_hours\",\"size\":12}],[{\"name\":\"location\",\"size\":12}]]},\"isComponent\":true}','object','',''),(18,'plugin_content_manager_configuration_components::restaurant.location','{\"uid\":\"restaurant.location\",\"settings\":{\"bulkable\":true,\"filterable\":true,\"searchable\":true,\"pageSize\":10,\"mainField\":\"address\",\"defaultSortBy\":\"address\",\"defaultSortOrder\":\"ASC\"},\"metadatas\":{\"id\":{\"edit\":{},\"list\":{\"label\":\"Id\",\"searchable\":false,\"sortable\":false}},\"address\":{\"edit\":{\"label\":\"Address\",\"description\":\"\",\"placeholder\":\"\",\"visible\":true,\"editable\":true},\"list\":{\"label\":\"Address\",\"searchable\":true,\"sortable\":true}},\"website\":{\"edit\":{\"label\":\"Website\",\"description\":\"\",\"placeholder\":\"\",\"visible\":true,\"editable\":true},\"list\":{\"label\":\"Website\",\"searchable\":true,\"sortable\":true}},\"phone\":{\"edit\":{\"label\":\"Phone\",\"description\":\"\",\"placeholder\":\"\",\"visible\":true,\"editable\":true},\"list\":{\"label\":\"Phone\",\"searchable\":true,\"sortable\":true}}},\"layouts\":{\"list\":[\"id\",\"address\",\"website\",\"phone\"],\"edit\":[[{\"name\":\"address\",\"size\":6},{\"name\":\"website\",\"size\":6}],[{\"name\":\"phone\",\"size\":6}]]},\"isComponent\":true}','object','',''),(19,'plugin_content_manager_configuration_components::restaurant.opening-hours','{\"uid\":\"restaurant.opening-hours\",\"settings\":{\"bulkable\":true,\"filterable\":true,\"searchable\":true,\"pageSize\":10,\"mainField\":\"day_interval\",\"defaultSortBy\":\"day_interval\",\"defaultSortOrder\":\"ASC\"},\"metadatas\":{\"id\":{\"edit\":{},\"list\":{\"label\":\"Id\",\"searchable\":false,\"sortable\":false}},\"day_interval\":{\"edit\":{\"label\":\"Day_interval\",\"description\":\"\",\"placeholder\":\"\",\"visible\":true,\"editable\":true},\"list\":{\"label\":\"Day_interval\",\"searchable\":true,\"sortable\":true}},\"opening_hour\":{\"edit\":{\"label\":\"Opening_hour\",\"description\":\"\",\"placeholder\":\"\",\"visible\":true,\"editable\":true},\"list\":{\"label\":\"Opening_hour\",\"searchable\":true,\"sortable\":true}},\"closing_hour\":{\"edit\":{\"label\":\"Closing_hour\",\"description\":\"\",\"placeholder\":\"\",\"visible\":true,\"editable\":true},\"list\":{\"label\":\"Closing_hour\",\"searchable\":true,\"sortable\":true}}},\"layouts\":{\"list\":[\"id\",\"day_interval\",\"opening_hour\",\"closing_hour\"],\"edit\":[[{\"name\":\"day_interval\",\"size\":6},{\"name\":\"opening_hour\",\"size\":6}],[{\"name\":\"closing_hour\",\"size\":6}]]},\"isComponent\":true}','object','',''),(20,'plugin_content_manager_configuration_components::restaurant.rich-content','{\"uid\":\"restaurant.rich-content\",\"settings\":{\"bulkable\":true,\"filterable\":true,\"searchable\":true,\"pageSize\":10,\"mainField\":\"id\",\"defaultSortBy\":\"id\",\"defaultSortOrder\":\"ASC\"},\"metadatas\":{\"id\":{\"edit\":{},\"list\":{\"label\":\"Id\",\"searchable\":false,\"sortable\":false}},\"content\":{\"edit\":{\"label\":\"Content\",\"description\":\"\",\"placeholder\":\"\",\"visible\":true,\"editable\":true},\"list\":{\"label\":\"Content\",\"searchable\":false,\"sortable\":false}}},\"layouts\":{\"list\":[\"id\"],\"edit\":[[{\"name\":\"content\",\"size\":12}]]},\"isComponent\":true}','object','',''),(21,'plugin_content_manager_configuration_components::shared.button','{\"uid\":\"shared.button\",\"settings\":{\"bulkable\":true,\"filterable\":true,\"searchable\":true,\"pageSize\":10,\"mainField\":\"id\",\"defaultSortBy\":\"id\",\"defaultSortOrder\":\"ASC\"},\"metadatas\":{\"id\":{\"edit\":{},\"list\":{\"label\":\"Id\",\"searchable\":false,\"sortable\":false}},\"theme\":{\"edit\":{\"label\":\"Theme\",\"description\":\"\",\"placeholder\":\"\",\"visible\":true,\"editable\":true},\"list\":{\"label\":\"Theme\",\"searchable\":true,\"sortable\":true}},\"link\":{\"edit\":{\"label\":\"Link\",\"description\":\"\",\"placeholder\":\"\",\"visible\":true,\"editable\":true},\"list\":{\"label\":\"Link\",\"searchable\":false,\"sortable\":false}}},\"layouts\":{\"list\":[\"id\",\"theme\"],\"edit\":[[{\"name\":\"theme\",\"size\":6}],[{\"name\":\"link\",\"size\":12}]]},\"isComponent\":true}','object','',''),(22,'plugin_content_manager_configuration_components::shared.card','{\"uid\":\"shared.card\",\"settings\":{\"bulkable\":true,\"filterable\":true,\"searchable\":true,\"pageSize\":10,\"mainField\":\"title\",\"defaultSortBy\":\"title\",\"defaultSortOrder\":\"ASC\"},\"metadatas\":{\"id\":{\"edit\":{},\"list\":{\"label\":\"Id\",\"searchable\":false,\"sortable\":false}},\"title\":{\"edit\":{\"label\":\"Title\",\"description\":\"\",\"placeholder\":\"\",\"visible\":true,\"editable\":true},\"list\":{\"label\":\"Title\",\"searchable\":true,\"sortable\":true}},\"text\":{\"edit\":{\"label\":\"Text\",\"description\":\"\",\"placeholder\":\"\",\"visible\":true,\"editable\":true},\"list\":{\"label\":\"Text\",\"searchable\":true,\"sortable\":true}},\"image\":{\"edit\":{\"label\":\"Image\",\"description\":\"\",\"placeholder\":\"\",\"visible\":true,\"editable\":true},\"list\":{\"label\":\"Image\",\"searchable\":false,\"sortable\":false}}},\"layouts\":{\"list\":[\"id\",\"title\",\"text\",\"image\"],\"edit\":[[{\"name\":\"title\",\"size\":6},{\"name\":\"text\",\"size\":6}],[{\"name\":\"image\",\"size\":6}]]},\"isComponent\":true}','object','',''),(23,'plugin_content_manager_configuration_components::shared.features-check','{\"uid\":\"shared.features-check\",\"settings\":{\"bulkable\":true,\"filterable\":true,\"searchable\":true,\"pageSize\":10,\"mainField\":\"text\",\"defaultSortBy\":\"text\",\"defaultSortOrder\":\"ASC\"},\"metadatas\":{\"id\":{\"edit\":{},\"list\":{\"label\":\"Id\",\"searchable\":false,\"sortable\":false}},\"text\":{\"edit\":{\"label\":\"Text\",\"description\":\"\",\"placeholder\":\"\",\"visible\":true,\"editable\":true},\"list\":{\"label\":\"Text\",\"searchable\":true,\"sortable\":true}}},\"layouts\":{\"list\":[\"id\",\"text\"],\"edit\":[[{\"name\":\"text\",\"size\":6}]]},\"isComponent\":true}','object','',''),(24,'plugin_content_manager_configuration_components::shared.footer-columns','{\"uid\":\"shared.footer-columns\",\"settings\":{\"bulkable\":true,\"filterable\":true,\"searchable\":true,\"pageSize\":10,\"mainField\":\"id\",\"defaultSortBy\":\"id\",\"defaultSortOrder\":\"ASC\"},\"metadatas\":{\"id\":{\"edit\":{},\"list\":{\"label\":\"Id\",\"searchable\":false,\"sortable\":false}},\"links\":{\"edit\":{\"label\":\"Links\",\"description\":\"\",\"placeholder\":\"\",\"visible\":true,\"editable\":true},\"list\":{\"label\":\"Links\",\"searchable\":false,\"sortable\":false}}},\"layouts\":{\"list\":[\"id\"],\"edit\":[[{\"name\":\"links\",\"size\":12}]]},\"isComponent\":true}','object','',''),(25,'plugin_content_manager_configuration_components::shared.header','{\"uid\":\"shared.header\",\"settings\":{\"bulkable\":true,\"filterable\":true,\"searchable\":true,\"pageSize\":10,\"mainField\":\"label\",\"defaultSortBy\":\"label\",\"defaultSortOrder\":\"ASC\"},\"metadatas\":{\"id\":{\"edit\":{},\"list\":{\"label\":\"Id\",\"searchable\":false,\"sortable\":false}},\"theme\":{\"edit\":{\"label\":\"Theme\",\"description\":\"\",\"placeholder\":\"\",\"visible\":true,\"editable\":true},\"list\":{\"label\":\"Theme\",\"searchable\":true,\"sortable\":true}},\"label\":{\"edit\":{\"label\":\"Label\",\"description\":\"\",\"placeholder\":\"\",\"visible\":true,\"editable\":true},\"list\":{\"label\":\"Label\",\"searchable\":true,\"sortable\":true}},\"title\":{\"edit\":{\"label\":\"Title\",\"description\":\"\",\"placeholder\":\"\",\"visible\":true,\"editable\":true},\"list\":{\"label\":\"Title\",\"searchable\":true,\"sortable\":true}}},\"layouts\":{\"list\":[\"id\",\"theme\",\"label\",\"title\"],\"edit\":[[{\"name\":\"theme\",\"size\":6},{\"name\":\"label\",\"size\":6}],[{\"name\":\"title\",\"size\":6}]]},\"isComponent\":true}','object','',''),(26,'plugin_content_manager_configuration_components::shared.link','{\"uid\":\"shared.link\",\"settings\":{\"bulkable\":true,\"filterable\":true,\"searchable\":true,\"pageSize\":10,\"mainField\":\"href\",\"defaultSortBy\":\"href\",\"defaultSortOrder\":\"ASC\"},\"metadatas\":{\"id\":{\"edit\":{},\"list\":{\"label\":\"Id\",\"searchable\":false,\"sortable\":false}},\"href\":{\"edit\":{\"label\":\"Href\",\"description\":\"\",\"placeholder\":\"\",\"visible\":true,\"editable\":true},\"list\":{\"label\":\"Href\",\"searchable\":true,\"sortable\":true}},\"label\":{\"edit\":{\"label\":\"Label\",\"description\":\"\",\"placeholder\":\"\",\"visible\":true,\"editable\":true},\"list\":{\"label\":\"Label\",\"searchable\":true,\"sortable\":true}},\"target\":{\"edit\":{\"label\":\"Target\",\"description\":\"\",\"placeholder\":\"\",\"visible\":true,\"editable\":true},\"list\":{\"label\":\"Target\",\"searchable\":true,\"sortable\":true}},\"isExternal\":{\"edit\":{\"label\":\"IsExternal\",\"description\":\"\",\"placeholder\":\"\",\"visible\":true,\"editable\":true},\"list\":{\"label\":\"IsExternal\",\"searchable\":true,\"sortable\":true}}},\"layouts\":{\"list\":[\"id\",\"href\",\"label\",\"target\"],\"edit\":[[{\"name\":\"href\",\"size\":6},{\"name\":\"label\",\"size\":6}],[{\"name\":\"target\",\"size\":6},{\"name\":\"isExternal\",\"size\":4}]]},\"isComponent\":true}','object','',''),(28,'plugin_content_manager_configuration_components::shared.publication','{\"uid\":\"shared.publication\",\"settings\":{\"bulkable\":true,\"filterable\":true,\"searchable\":true,\"pageSize\":10,\"mainField\":\"id\",\"defaultSortBy\":\"id\",\"defaultSortOrder\":\"ASC\"},\"metadatas\":{\"id\":{\"edit\":{},\"list\":{\"label\":\"Id\",\"searchable\":false,\"sortable\":false}},\"publish_at\":{\"edit\":{\"label\":\"Publish_at\",\"description\":\"\",\"placeholder\":\"\",\"visible\":true,\"editable\":true},\"list\":{\"label\":\"Publish_at\",\"searchable\":true,\"sortable\":true}},\"ready\":{\"edit\":{\"label\":\"Ready\",\"description\":\"\",\"placeholder\":\"\",\"visible\":true,\"editable\":true},\"list\":{\"label\":\"Ready\",\"searchable\":true,\"sortable\":true}}},\"layouts\":{\"list\":[\"id\",\"publish_at\",\"ready\"],\"edit\":[[{\"name\":\"publish_at\",\"size\":6},{\"name\":\"ready\",\"size\":4}]]},\"isComponent\":true}','object','',''),(29,'plugin_content_manager_configuration_components::shared.question-answer','{\"uid\":\"shared.question-answer\",\"settings\":{\"bulkable\":true,\"filterable\":true,\"searchable\":true,\"pageSize\":10,\"mainField\":\"question\",\"defaultSortBy\":\"question\",\"defaultSortOrder\":\"ASC\"},\"metadatas\":{\"id\":{\"edit\":{},\"list\":{\"label\":\"Id\",\"searchable\":false,\"sortable\":false}},\"question\":{\"edit\":{\"label\":\"Question\",\"description\":\"\",\"placeholder\":\"\",\"visible\":true,\"editable\":true},\"list\":{\"label\":\"Question\",\"searchable\":true,\"sortable\":true}},\"answer\":{\"edit\":{\"label\":\"Answer\",\"description\":\"\",\"placeholder\":\"\",\"visible\":true,\"editable\":true},\"list\":{\"label\":\"Answer\",\"searchable\":false,\"sortable\":false}}},\"layouts\":{\"list\":[\"id\",\"question\"],\"edit\":[[{\"name\":\"question\",\"size\":6}],[{\"name\":\"answer\",\"size\":12}]]},\"isComponent\":true}','object','',''),(32,'plugin_content_manager_configuration_components::shared.social-networks','{\"uid\":\"shared.social-networks\",\"settings\":{\"bulkable\":true,\"filterable\":true,\"searchable\":true,\"pageSize\":10,\"mainField\":\"url\",\"defaultSortBy\":\"url\",\"defaultSortOrder\":\"ASC\"},\"metadatas\":{\"id\":{\"edit\":{},\"list\":{\"label\":\"Id\",\"searchable\":false,\"sortable\":false}},\"url\":{\"edit\":{\"label\":\"Url\",\"description\":\"\",\"placeholder\":\"\",\"visible\":true,\"editable\":true},\"list\":{\"label\":\"Url\",\"searchable\":true,\"sortable\":true}}},\"layouts\":{\"list\":[\"id\",\"url\"],\"edit\":[[{\"name\":\"url\",\"size\":6}]]},\"isComponent\":true}','object','',''),(33,'plugin_content_manager_configuration_components::shared.team-card','{\"uid\":\"shared.team-card\",\"settings\":{\"bulkable\":true,\"filterable\":true,\"searchable\":true,\"pageSize\":10,\"mainField\":\"fullname\",\"defaultSortBy\":\"fullname\",\"defaultSortOrder\":\"ASC\"},\"metadatas\":{\"id\":{\"edit\":{},\"list\":{\"label\":\"Id\",\"searchable\":false,\"sortable\":false}},\"fullname\":{\"edit\":{\"label\":\"Fullname\",\"description\":\"\",\"placeholder\":\"\",\"visible\":true,\"editable\":true},\"list\":{\"label\":\"Fullname\",\"searchable\":true,\"sortable\":true}},\"job\":{\"edit\":{\"label\":\"Job\",\"description\":\"\",\"placeholder\":\"\",\"visible\":true,\"editable\":true},\"list\":{\"label\":\"Job\",\"searchable\":true,\"sortable\":true}},\"description\":{\"edit\":{\"label\":\"Description\",\"description\":\"\",\"placeholder\":\"\",\"visible\":true,\"editable\":true},\"list\":{\"label\":\"Description\",\"searchable\":true,\"sortable\":true}},\"socialNetworks\":{\"edit\":{\"label\":\"SocialNetworks\",\"description\":\"\",\"placeholder\":\"\",\"visible\":true,\"editable\":true},\"list\":{\"label\":\"SocialNetworks\",\"searchable\":false,\"sortable\":false}}},\"layouts\":{\"list\":[\"id\",\"fullname\",\"job\",\"description\"],\"edit\":[[{\"name\":\"fullname\",\"size\":6},{\"name\":\"job\",\"size\":6}],[{\"name\":\"description\",\"size\":6}],[{\"name\":\"socialNetworks\",\"size\":12}]]},\"isComponent\":true}','object','',''),(34,'plugin_content_manager_configuration_content_types::admin::permission','{\"uid\":\"admin::permission\",\"settings\":{\"bulkable\":true,\"filterable\":true,\"searchable\":true,\"pageSize\":10,\"mainField\":\"action\",\"defaultSortBy\":\"action\",\"defaultSortOrder\":\"ASC\"},\"metadatas\":{\"id\":{\"edit\":{},\"list\":{\"label\":\"Id\",\"searchable\":true,\"sortable\":true}},\"action\":{\"edit\":{\"label\":\"Action\",\"description\":\"\",\"placeholder\":\"\",\"visible\":true,\"editable\":true},\"list\":{\"label\":\"Action\",\"searchable\":true,\"sortable\":true}},\"subject\":{\"edit\":{\"label\":\"Subject\",\"description\":\"\",\"placeholder\":\"\",\"visible\":true,\"editable\":true},\"list\":{\"label\":\"Subject\",\"searchable\":true,\"sortable\":true}},\"properties\":{\"edit\":{\"label\":\"Properties\",\"description\":\"\",\"placeholder\":\"\",\"visible\":true,\"editable\":true},\"list\":{\"label\":\"Properties\",\"searchable\":false,\"sortable\":false}},\"conditions\":{\"edit\":{\"label\":\"Conditions\",\"description\":\"\",\"placeholder\":\"\",\"visible\":true,\"editable\":true},\"list\":{\"label\":\"Conditions\",\"searchable\":false,\"sortable\":false}},\"role\":{\"edit\":{\"label\":\"Role\",\"description\":\"\",\"placeholder\":\"\",\"visible\":true,\"editable\":true,\"mainField\":\"name\"},\"list\":{\"label\":\"Role\",\"searchable\":true,\"sortable\":true}},\"createdAt\":{\"edit\":{\"label\":\"CreatedAt\",\"description\":\"\",\"placeholder\":\"\",\"visible\":false,\"editable\":true},\"list\":{\"label\":\"CreatedAt\",\"searchable\":true,\"sortable\":true}},\"updatedAt\":{\"edit\":{\"label\":\"UpdatedAt\",\"description\":\"\",\"placeholder\":\"\",\"visible\":false,\"editable\":true},\"list\":{\"label\":\"UpdatedAt\",\"searchable\":true,\"sortable\":true}}},\"layouts\":{\"list\":[\"id\",\"action\",\"subject\",\"role\"],\"edit\":[[{\"name\":\"action\",\"size\":6},{\"name\":\"subject\",\"size\":6}],[{\"name\":\"properties\",\"size\":12}],[{\"name\":\"conditions\",\"size\":12}],[{\"name\":\"role\",\"size\":6}]]}}','object','',''),(35,'plugin_content_manager_configuration_content_types::admin::user','{\"uid\":\"admin::user\",\"settings\":{\"bulkable\":true,\"filterable\":true,\"searchable\":true,\"pageSize\":10,\"mainField\":\"firstname\",\"defaultSortBy\":\"firstname\",\"defaultSortOrder\":\"ASC\"},\"metadatas\":{\"id\":{\"edit\":{},\"list\":{\"label\":\"Id\",\"searchable\":true,\"sortable\":true}},\"firstname\":{\"edit\":{\"label\":\"Firstname\",\"description\":\"\",\"placeholder\":\"\",\"visible\":true,\"editable\":true},\"list\":{\"label\":\"Firstname\",\"searchable\":true,\"sortable\":true}},\"lastname\":{\"edit\":{\"label\":\"Lastname\",\"description\":\"\",\"placeholder\":\"\",\"visible\":true,\"editable\":true},\"list\":{\"label\":\"Lastname\",\"searchable\":true,\"sortable\":true}},\"username\":{\"edit\":{\"label\":\"Username\",\"description\":\"\",\"placeholder\":\"\",\"visible\":true,\"editable\":true},\"list\":{\"label\":\"Username\",\"searchable\":true,\"sortable\":true}},\"email\":{\"edit\":{\"label\":\"Email\",\"description\":\"\",\"placeholder\":\"\",\"visible\":true,\"editable\":true},\"list\":{\"label\":\"Email\",\"searchable\":true,\"sortable\":true}},\"password\":{\"edit\":{\"label\":\"Password\",\"description\":\"\",\"placeholder\":\"\",\"visible\":true,\"editable\":true},\"list\":{\"label\":\"Password\",\"searchable\":true,\"sortable\":true}},\"resetPasswordToken\":{\"edit\":{\"label\":\"ResetPasswordToken\",\"description\":\"\",\"placeholder\":\"\",\"visible\":true,\"editable\":true},\"list\":{\"label\":\"ResetPasswordToken\",\"searchable\":true,\"sortable\":true}},\"registrationToken\":{\"edit\":{\"label\":\"RegistrationToken\",\"description\":\"\",\"placeholder\":\"\",\"visible\":true,\"editable\":true},\"list\":{\"label\":\"RegistrationToken\",\"searchable\":true,\"sortable\":true}},\"isActive\":{\"edit\":{\"label\":\"IsActive\",\"description\":\"\",\"placeholder\":\"\",\"visible\":true,\"editable\":true},\"list\":{\"label\":\"IsActive\",\"searchable\":true,\"sortable\":true}},\"roles\":{\"edit\":{\"label\":\"Roles\",\"description\":\"\",\"placeholder\":\"\",\"visible\":true,\"editable\":true,\"mainField\":\"name\"},\"list\":{\"label\":\"Roles\",\"searchable\":false,\"sortable\":false}},\"blocked\":{\"edit\":{\"label\":\"Blocked\",\"description\":\"\",\"placeholder\":\"\",\"visible\":true,\"editable\":true},\"list\":{\"label\":\"Blocked\",\"searchable\":true,\"sortable\":true}},\"preferedLanguage\":{\"edit\":{\"label\":\"PreferedLanguage\",\"description\":\"\",\"placeholder\":\"\",\"visible\":true,\"editable\":true},\"list\":{\"label\":\"PreferedLanguage\",\"searchable\":true,\"sortable\":true}},\"createdAt\":{\"edit\":{\"label\":\"CreatedAt\",\"description\":\"\",\"placeholder\":\"\",\"visible\":false,\"editable\":true},\"list\":{\"label\":\"CreatedAt\",\"searchable\":true,\"sortable\":true}},\"updatedAt\":{\"edit\":{\"label\":\"UpdatedAt\",\"description\":\"\",\"placeholder\":\"\",\"visible\":false,\"editable\":true},\"list\":{\"label\":\"UpdatedAt\",\"searchable\":true,\"sortable\":true}}},\"layouts\":{\"list\":[\"id\",\"firstname\",\"lastname\",\"username\"],\"edit\":[[{\"name\":\"firstname\",\"size\":6},{\"name\":\"lastname\",\"size\":6}],[{\"name\":\"username\",\"size\":6},{\"name\":\"email\",\"size\":6}],[{\"name\":\"password\",\"size\":6},{\"name\":\"resetPasswordToken\",\"size\":6}],[{\"name\":\"registrationToken\",\"size\":6},{\"name\":\"isActive\",\"size\":4}],[{\"name\":\"blocked\",\"size\":4},{\"name\":\"preferedLanguage\",\"size\":6}],[{\"name\":\"roles\",\"size\":6}]]}}','object','',''),(36,'plugin_content_manager_configuration_content_types::admin::role','{\"uid\":\"admin::role\",\"settings\":{\"bulkable\":true,\"filterable\":true,\"searchable\":true,\"pageSize\":10,\"mainField\":\"name\",\"defaultSortBy\":\"name\",\"defaultSortOrder\":\"ASC\"},\"metadatas\":{\"id\":{\"edit\":{},\"list\":{\"label\":\"Id\",\"searchable\":true,\"sortable\":true}},\"name\":{\"edit\":{\"label\":\"Name\",\"description\":\"\",\"placeholder\":\"\",\"visible\":true,\"editable\":true},\"list\":{\"label\":\"Name\",\"searchable\":true,\"sortable\":true}},\"code\":{\"edit\":{\"label\":\"Code\",\"description\":\"\",\"placeholder\":\"\",\"visible\":true,\"editable\":true},\"list\":{\"label\":\"Code\",\"searchable\":true,\"sortable\":true}},\"description\":{\"edit\":{\"label\":\"Description\",\"description\":\"\",\"placeholder\":\"\",\"visible\":true,\"editable\":true},\"list\":{\"label\":\"Description\",\"searchable\":true,\"sortable\":true}},\"users\":{\"edit\":{\"label\":\"Users\",\"description\":\"\",\"placeholder\":\"\",\"visible\":true,\"editable\":true,\"mainField\":\"firstname\"},\"list\":{\"label\":\"Users\",\"searchable\":false,\"sortable\":false}},\"permissions\":{\"edit\":{\"label\":\"Permissions\",\"description\":\"\",\"placeholder\":\"\",\"visible\":true,\"editable\":true,\"mainField\":\"action\"},\"list\":{\"label\":\"Permissions\",\"searchable\":false,\"sortable\":false}},\"createdAt\":{\"edit\":{\"label\":\"CreatedAt\",\"description\":\"\",\"placeholder\":\"\",\"visible\":false,\"editable\":true},\"list\":{\"label\":\"CreatedAt\",\"searchable\":true,\"sortable\":true}},\"updatedAt\":{\"edit\":{\"label\":\"UpdatedAt\",\"description\":\"\",\"placeholder\":\"\",\"visible\":false,\"editable\":true},\"list\":{\"label\":\"UpdatedAt\",\"searchable\":true,\"sortable\":true}}},\"layouts\":{\"list\":[\"id\",\"name\",\"code\",\"description\"],\"edit\":[[{\"name\":\"name\",\"size\":6},{\"name\":\"code\",\"size\":6}],[{\"name\":\"description\",\"size\":6},{\"name\":\"users\",\"size\":6}],[{\"name\":\"permissions\",\"size\":6}]]}}','object','',''),(37,'plugin_content_manager_configuration_content_types::admin::api-token','{\"uid\":\"admin::api-token\",\"settings\":{\"bulkable\":true,\"filterable\":true,\"searchable\":true,\"pageSize\":10,\"mainField\":\"name\",\"defaultSortBy\":\"name\",\"defaultSortOrder\":\"ASC\"},\"metadatas\":{\"id\":{\"edit\":{},\"list\":{\"label\":\"Id\",\"searchable\":true,\"sortable\":true}},\"name\":{\"edit\":{\"label\":\"Name\",\"description\":\"\",\"placeholder\":\"\",\"visible\":true,\"editable\":true},\"list\":{\"label\":\"Name\",\"searchable\":true,\"sortable\":true}},\"description\":{\"edit\":{\"label\":\"Description\",\"description\":\"\",\"placeholder\":\"\",\"visible\":true,\"editable\":true},\"list\":{\"label\":\"Description\",\"searchable\":true,\"sortable\":true}},\"type\":{\"edit\":{\"label\":\"Type\",\"description\":\"\",\"placeholder\":\"\",\"visible\":true,\"editable\":true},\"list\":{\"label\":\"Type\",\"searchable\":true,\"sortable\":true}},\"accessKey\":{\"edit\":{\"label\":\"AccessKey\",\"description\":\"\",\"placeholder\":\"\",\"visible\":true,\"editable\":true},\"list\":{\"label\":\"AccessKey\",\"searchable\":true,\"sortable\":true}},\"lastUsedAt\":{\"edit\":{\"label\":\"lastUsedAt\",\"description\":\"\",\"placeholder\":\"\",\"visible\":true,\"editable\":true},\"list\":{\"label\":\"lastUsedAt\",\"searchable\":true,\"sortable\":true}},\"permissions\":{\"edit\":{\"label\":\"permissions\",\"description\":\"\",\"placeholder\":\"\",\"visible\":true,\"editable\":true,\"mainField\":\"action\"},\"list\":{\"label\":\"permissions\",\"searchable\":false,\"sortable\":false}},\"expiresAt\":{\"edit\":{\"label\":\"expiresAt\",\"description\":\"\",\"placeholder\":\"\",\"visible\":true,\"editable\":true},\"list\":{\"label\":\"expiresAt\",\"searchable\":true,\"sortable\":true}},\"lifespan\":{\"edit\":{\"label\":\"lifespan\",\"description\":\"\",\"placeholder\":\"\",\"visible\":true,\"editable\":true},\"list\":{\"label\":\"lifespan\",\"searchable\":true,\"sortable\":true}},\"createdAt\":{\"edit\":{\"label\":\"CreatedAt\",\"description\":\"\",\"placeholder\":\"\",\"visible\":false,\"editable\":true},\"list\":{\"label\":\"CreatedAt\",\"searchable\":true,\"sortable\":true}},\"updatedAt\":{\"edit\":{\"label\":\"UpdatedAt\",\"description\":\"\",\"placeholder\":\"\",\"visible\":false,\"editable\":true},\"list\":{\"label\":\"UpdatedAt\",\"searchable\":true,\"sortable\":true}}},\"layouts\":{\"list\":[\"id\",\"name\",\"description\",\"type\"],\"edit\":[[{\"name\":\"name\",\"size\":6},{\"name\":\"description\",\"size\":6}],[{\"name\":\"type\",\"size\":6},{\"name\":\"accessKey\",\"size\":6}],[{\"name\":\"lastUsedAt\",\"size\":6},{\"name\":\"expiresAt\",\"size\":6}],[{\"name\":\"lifespan\",\"size\":4},{\"name\":\"permissions\",\"size\":6}]]}}','object','',''),(38,'plugin_content_manager_configuration_content_types::plugin::upload.file','{\"uid\":\"plugin::upload.file\",\"settings\":{\"bulkable\":true,\"filterable\":true,\"searchable\":true,\"pageSize\":10,\"mainField\":\"name\",\"defaultSortBy\":\"name\",\"defaultSortOrder\":\"ASC\"},\"metadatas\":{\"id\":{\"edit\":{},\"list\":{\"label\":\"Id\",\"searchable\":true,\"sortable\":true}},\"name\":{\"edit\":{\"label\":\"Name\",\"description\":\"\",\"placeholder\":\"\",\"visible\":true,\"editable\":true},\"list\":{\"label\":\"Name\",\"searchable\":true,\"sortable\":true}},\"alternativeText\":{\"edit\":{\"label\":\"AlternativeText\",\"description\":\"\",\"placeholder\":\"\",\"visible\":true,\"editable\":true},\"list\":{\"label\":\"AlternativeText\",\"searchable\":true,\"sortable\":true}},\"caption\":{\"edit\":{\"label\":\"Caption\",\"description\":\"\",\"placeholder\":\"\",\"visible\":true,\"editable\":true},\"list\":{\"label\":\"Caption\",\"searchable\":true,\"sortable\":true}},\"width\":{\"edit\":{\"label\":\"Width\",\"description\":\"\",\"placeholder\":\"\",\"visible\":true,\"editable\":true},\"list\":{\"label\":\"Width\",\"searchable\":true,\"sortable\":true}},\"height\":{\"edit\":{\"label\":\"Height\",\"description\":\"\",\"placeholder\":\"\",\"visible\":true,\"editable\":true},\"list\":{\"label\":\"Height\",\"searchable\":true,\"sortable\":true}},\"formats\":{\"edit\":{\"label\":\"Formats\",\"description\":\"\",\"placeholder\":\"\",\"visible\":true,\"editable\":true},\"list\":{\"label\":\"Formats\",\"searchable\":false,\"sortable\":false}},\"hash\":{\"edit\":{\"label\":\"Hash\",\"description\":\"\",\"placeholder\":\"\",\"visible\":true,\"editable\":true},\"list\":{\"label\":\"Hash\",\"searchable\":true,\"sortable\":true}},\"ext\":{\"edit\":{\"label\":\"Ext\",\"description\":\"\",\"placeholder\":\"\",\"visible\":true,\"editable\":true},\"list\":{\"label\":\"Ext\",\"searchable\":true,\"sortable\":true}},\"mime\":{\"edit\":{\"label\":\"Mime\",\"description\":\"\",\"placeholder\":\"\",\"visible\":true,\"editable\":true},\"list\":{\"label\":\"Mime\",\"searchable\":true,\"sortable\":true}},\"size\":{\"edit\":{\"label\":\"Size\",\"description\":\"\",\"placeholder\":\"\",\"visible\":true,\"editable\":true},\"list\":{\"label\":\"Size\",\"searchable\":true,\"sortable\":true}},\"url\":{\"edit\":{\"label\":\"Url\",\"description\":\"\",\"placeholder\":\"\",\"visible\":true,\"editable\":true},\"list\":{\"label\":\"Url\",\"searchable\":true,\"sortable\":true}},\"previewUrl\":{\"edit\":{\"label\":\"PreviewUrl\",\"description\":\"\",\"placeholder\":\"\",\"visible\":true,\"editable\":true},\"list\":{\"label\":\"PreviewUrl\",\"searchable\":true,\"sortable\":true}},\"provider\":{\"edit\":{\"label\":\"Provider\",\"description\":\"\",\"placeholder\":\"\",\"visible\":true,\"editable\":true},\"list\":{\"label\":\"Provider\",\"searchable\":true,\"sortable\":true}},\"provider_metadata\":{\"edit\":{\"label\":\"Provider_metadata\",\"description\":\"\",\"placeholder\":\"\",\"visible\":true,\"editable\":true},\"list\":{\"label\":\"Provider_metadata\",\"searchable\":false,\"sortable\":false}},\"folder\":{\"edit\":{\"label\":\"folder\",\"description\":\"\",\"placeholder\":\"\",\"visible\":true,\"editable\":true,\"mainField\":\"name\"},\"list\":{\"label\":\"folder\",\"searchable\":true,\"sortable\":true}},\"folderPath\":{\"edit\":{\"label\":\"folderPath\",\"description\":\"\",\"placeholder\":\"\",\"visible\":true,\"editable\":true},\"list\":{\"label\":\"folderPath\",\"searchable\":true,\"sortable\":true}},\"createdAt\":{\"edit\":{\"label\":\"CreatedAt\",\"description\":\"\",\"placeholder\":\"\",\"visible\":false,\"editable\":true},\"list\":{\"label\":\"CreatedAt\",\"searchable\":true,\"sortable\":true}},\"updatedAt\":{\"edit\":{\"label\":\"UpdatedAt\",\"description\":\"\",\"placeholder\":\"\",\"visible\":false,\"editable\":true},\"list\":{\"label\":\"UpdatedAt\",\"searchable\":true,\"sortable\":true}}},\"layouts\":{\"list\":[\"id\",\"name\",\"alternativeText\",\"caption\"],\"edit\":[[{\"name\":\"name\",\"size\":6},{\"name\":\"alternativeText\",\"size\":6}],[{\"name\":\"caption\",\"size\":6},{\"name\":\"width\",\"size\":4}],[{\"name\":\"height\",\"size\":4}],[{\"name\":\"formats\",\"size\":12}],[{\"name\":\"hash\",\"size\":6},{\"name\":\"ext\",\"size\":6}],[{\"name\":\"mime\",\"size\":6},{\"name\":\"size\",\"size\":4}],[{\"name\":\"url\",\"size\":6},{\"name\":\"previewUrl\",\"size\":6}],[{\"name\":\"provider\",\"size\":6}],[{\"name\":\"provider_metadata\",\"size\":12}],[{\"name\":\"folderPath\",\"size\":6},{\"name\":\"folder\",\"size\":6}]]}}','object','',''),(39,'plugin_content_manager_configuration_content_types::plugin::i18n.locale','{\"uid\":\"plugin::i18n.locale\",\"settings\":{\"bulkable\":true,\"filterable\":true,\"searchable\":true,\"pageSize\":10,\"mainField\":\"name\",\"defaultSortBy\":\"name\",\"defaultSortOrder\":\"ASC\"},\"metadatas\":{\"id\":{\"edit\":{},\"list\":{\"label\":\"Id\",\"searchable\":true,\"sortable\":true}},\"name\":{\"edit\":{\"label\":\"Name\",\"description\":\"\",\"placeholder\":\"\",\"visible\":true,\"editable\":true},\"list\":{\"label\":\"Name\",\"searchable\":true,\"sortable\":true}},\"code\":{\"edit\":{\"label\":\"Code\",\"description\":\"\",\"placeholder\":\"\",\"visible\":true,\"editable\":true},\"list\":{\"label\":\"Code\",\"searchable\":true,\"sortable\":true}},\"createdAt\":{\"edit\":{\"label\":\"CreatedAt\",\"description\":\"\",\"placeholder\":\"\",\"visible\":false,\"editable\":true},\"list\":{\"label\":\"CreatedAt\",\"searchable\":true,\"sortable\":true}},\"updatedAt\":{\"edit\":{\"label\":\"UpdatedAt\",\"description\":\"\",\"placeholder\":\"\",\"visible\":false,\"editable\":true},\"list\":{\"label\":\"UpdatedAt\",\"searchable\":true,\"sortable\":true}}},\"layouts\":{\"list\":[\"id\",\"name\",\"code\",\"createdAt\"],\"edit\":[[{\"name\":\"name\",\"size\":6},{\"name\":\"code\",\"size\":6}]]}}','object','',''),(40,'plugin_content_manager_configuration_content_types::plugin::users-permissions.permission','{\"uid\":\"plugin::users-permissions.permission\",\"settings\":{\"bulkable\":true,\"filterable\":true,\"searchable\":true,\"pageSize\":10,\"mainField\":\"action\",\"defaultSortBy\":\"action\",\"defaultSortOrder\":\"ASC\"},\"metadatas\":{\"id\":{\"edit\":{},\"list\":{\"label\":\"Id\",\"searchable\":true,\"sortable\":true}},\"action\":{\"edit\":{\"label\":\"Action\",\"description\":\"\",\"placeholder\":\"\",\"visible\":true,\"editable\":true},\"list\":{\"label\":\"Action\",\"searchable\":true,\"sortable\":true}},\"role\":{\"edit\":{\"label\":\"Role\",\"description\":\"\",\"placeholder\":\"\",\"visible\":true,\"editable\":true,\"mainField\":\"name\"},\"list\":{\"label\":\"Role\",\"searchable\":true,\"sortable\":true}},\"createdAt\":{\"edit\":{\"label\":\"CreatedAt\",\"description\":\"\",\"placeholder\":\"\",\"visible\":false,\"editable\":true},\"list\":{\"label\":\"CreatedAt\",\"searchable\":true,\"sortable\":true}},\"updatedAt\":{\"edit\":{\"label\":\"UpdatedAt\",\"description\":\"\",\"placeholder\":\"\",\"visible\":false,\"editable\":true},\"list\":{\"label\":\"UpdatedAt\",\"searchable\":true,\"sortable\":true}}},\"layouts\":{\"list\":[\"id\",\"action\",\"role\",\"createdAt\"],\"edit\":[[{\"name\":\"action\",\"size\":6},{\"name\":\"role\",\"size\":6}]]}}','object','',''),(41,'plugin_content_manager_configuration_content_types::plugin::users-permissions.role','{\"uid\":\"plugin::users-permissions.role\",\"settings\":{\"bulkable\":true,\"filterable\":true,\"searchable\":true,\"pageSize\":10,\"mainField\":\"name\",\"defaultSortBy\":\"name\",\"defaultSortOrder\":\"ASC\"},\"metadatas\":{\"id\":{\"edit\":{},\"list\":{\"label\":\"Id\",\"searchable\":true,\"sortable\":true}},\"name\":{\"edit\":{\"label\":\"Name\",\"description\":\"\",\"placeholder\":\"\",\"visible\":true,\"editable\":true},\"list\":{\"label\":\"Name\",\"searchable\":true,\"sortable\":true}},\"description\":{\"edit\":{\"label\":\"Description\",\"description\":\"\",\"placeholder\":\"\",\"visible\":true,\"editable\":true},\"list\":{\"label\":\"Description\",\"searchable\":true,\"sortable\":true}},\"type\":{\"edit\":{\"label\":\"Type\",\"description\":\"\",\"placeholder\":\"\",\"visible\":true,\"editable\":true},\"list\":{\"label\":\"Type\",\"searchable\":true,\"sortable\":true}},\"permissions\":{\"edit\":{\"label\":\"Permissions\",\"description\":\"\",\"placeholder\":\"\",\"visible\":true,\"editable\":true,\"mainField\":\"action\"},\"list\":{\"label\":\"Permissions\",\"searchable\":false,\"sortable\":false}},\"users\":{\"edit\":{\"label\":\"Users\",\"description\":\"\",\"placeholder\":\"\",\"visible\":true,\"editable\":true,\"mainField\":\"username\"},\"list\":{\"label\":\"Users\",\"searchable\":false,\"sortable\":false}},\"createdAt\":{\"edit\":{\"label\":\"CreatedAt\",\"description\":\"\",\"placeholder\":\"\",\"visible\":false,\"editable\":true},\"list\":{\"label\":\"CreatedAt\",\"searchable\":true,\"sortable\":true}},\"updatedAt\":{\"edit\":{\"label\":\"UpdatedAt\",\"description\":\"\",\"placeholder\":\"\",\"visible\":false,\"editable\":true},\"list\":{\"label\":\"UpdatedAt\",\"searchable\":true,\"sortable\":true}}},\"layouts\":{\"list\":[\"id\",\"name\",\"description\",\"type\"],\"edit\":[[{\"name\":\"name\",\"size\":6},{\"name\":\"description\",\"size\":6}],[{\"name\":\"type\",\"size\":6},{\"name\":\"permissions\",\"size\":6}],[{\"name\":\"users\",\"size\":6}]]}}','object','',''),(42,'plugin_content_manager_configuration_content_types::plugin::users-permissions.user','{\"uid\":\"plugin::users-permissions.user\",\"settings\":{\"bulkable\":true,\"filterable\":true,\"searchable\":true,\"pageSize\":10,\"mainField\":\"username\",\"defaultSortBy\":\"username\",\"defaultSortOrder\":\"ASC\"},\"metadatas\":{\"id\":{\"edit\":{},\"list\":{\"label\":\"Id\",\"searchable\":true,\"sortable\":true}},\"username\":{\"edit\":{\"label\":\"Username\",\"description\":\"\",\"placeholder\":\"\",\"visible\":true,\"editable\":true},\"list\":{\"label\":\"Username\",\"searchable\":true,\"sortable\":true}},\"email\":{\"edit\":{\"label\":\"Email\",\"description\":\"\",\"placeholder\":\"\",\"visible\":true,\"editable\":true},\"list\":{\"label\":\"Email\",\"searchable\":true,\"sortable\":true}},\"provider\":{\"edit\":{\"label\":\"Provider\",\"description\":\"\",\"placeholder\":\"\",\"visible\":true,\"editable\":true},\"list\":{\"label\":\"Provider\",\"searchable\":true,\"sortable\":true}},\"password\":{\"edit\":{\"label\":\"Password\",\"description\":\"\",\"placeholder\":\"\",\"visible\":true,\"editable\":true},\"list\":{\"label\":\"Password\",\"searchable\":true,\"sortable\":true}},\"resetPasswordToken\":{\"edit\":{\"label\":\"ResetPasswordToken\",\"description\":\"\",\"placeholder\":\"\",\"visible\":true,\"editable\":true},\"list\":{\"label\":\"ResetPasswordToken\",\"searchable\":true,\"sortable\":true}},\"confirmationToken\":{\"edit\":{\"label\":\"ConfirmationToken\",\"description\":\"\",\"placeholder\":\"\",\"visible\":true,\"editable\":true},\"list\":{\"label\":\"ConfirmationToken\",\"searchable\":true,\"sortable\":true}},\"confirmed\":{\"edit\":{\"label\":\"Confirmed\",\"description\":\"\",\"placeholder\":\"\",\"visible\":true,\"editable\":true},\"list\":{\"label\":\"Confirmed\",\"searchable\":true,\"sortable\":true}},\"blocked\":{\"edit\":{\"label\":\"Blocked\",\"description\":\"\",\"placeholder\":\"\",\"visible\":true,\"editable\":true},\"list\":{\"label\":\"Blocked\",\"searchable\":true,\"sortable\":true}},\"role\":{\"edit\":{\"label\":\"Role\",\"description\":\"\",\"placeholder\":\"\",\"visible\":true,\"editable\":true,\"mainField\":\"name\"},\"list\":{\"label\":\"Role\",\"searchable\":true,\"sortable\":true}},\"reviews\":{\"edit\":{\"label\":\"Reviews\",\"description\":\"\",\"placeholder\":\"\",\"visible\":true,\"editable\":true,\"mainField\":\"id\"},\"list\":{\"label\":\"Reviews\",\"searchable\":false,\"sortable\":false}},\"articles\":{\"edit\":{\"label\":\"Articles\",\"description\":\"\",\"placeholder\":\"\",\"visible\":true,\"editable\":true,\"mainField\":\"title\"},\"list\":{\"label\":\"Articles\",\"searchable\":false,\"sortable\":false}},\"picture\":{\"edit\":{\"label\":\"Picture\",\"description\":\"\",\"placeholder\":\"\",\"visible\":true,\"editable\":true},\"list\":{\"label\":\"Picture\",\"searchable\":false,\"sortable\":false}},\"job\":{\"edit\":{\"label\":\"Job\",\"description\":\"\",\"placeholder\":\"\",\"visible\":true,\"editable\":true},\"list\":{\"label\":\"Job\",\"searchable\":true,\"sortable\":true}},\"createdAt\":{\"edit\":{\"label\":\"CreatedAt\",\"description\":\"\",\"placeholder\":\"\",\"visible\":false,\"editable\":true},\"list\":{\"label\":\"CreatedAt\",\"searchable\":true,\"sortable\":true}},\"updatedAt\":{\"edit\":{\"label\":\"UpdatedAt\",\"description\":\"\",\"placeholder\":\"\",\"visible\":false,\"editable\":true},\"list\":{\"label\":\"UpdatedAt\",\"searchable\":true,\"sortable\":true}}},\"layouts\":{\"list\":[\"id\",\"username\",\"email\"],\"edit\":[[{\"name\":\"username\",\"size\":6},{\"name\":\"email\",\"size\":6}],[{\"name\":\"password\",\"size\":6}],[{\"name\":\"confirmed\",\"size\":4},{\"name\":\"blocked\",\"size\":4}],[{\"name\":\"picture\",\"size\":6},{\"name\":\"job\",\"size\":6}],[{\"name\":\"role\",\"size\":6},{\"name\":\"reviews\",\"size\":6}],[{\"name\":\"articles\",\"size\":6}]]}}','object','',''),(43,'plugin_content_manager_configuration_content_types::api::article.article','{\"uid\":\"api::article.article\",\"settings\":{\"bulkable\":true,\"filterable\":true,\"searchable\":true,\"pageSize\":10,\"mainField\":\"title\",\"defaultSortBy\":\"title\",\"defaultSortOrder\":\"ASC\"},\"metadatas\":{\"id\":{\"edit\":{},\"list\":{\"label\":\"Id\",\"searchable\":true,\"sortable\":true}},\"title\":{\"edit\":{\"label\":\"Title\",\"description\":\"\",\"placeholder\":\"\",\"visible\":true,\"editable\":true},\"list\":{\"label\":\"Title\",\"searchable\":true,\"sortable\":true}},\"slug\":{\"edit\":{\"label\":\"Slug\",\"description\":\"\",\"placeholder\":\"\",\"visible\":true,\"editable\":true},\"list\":{\"label\":\"Slug\",\"searchable\":true,\"sortable\":true}},\"image\":{\"edit\":{\"label\":\"Image\",\"description\":\"\",\"placeholder\":\"\",\"visible\":true,\"editable\":true},\"list\":{\"label\":\"Image\",\"searchable\":false,\"sortable\":false}},\"blocks\":{\"edit\":{\"label\":\"Blocks\",\"description\":\"\",\"placeholder\":\"\",\"visible\":true,\"editable\":true},\"list\":{\"label\":\"Blocks\",\"searchable\":false,\"sortable\":false}},\"seo\":{\"edit\":{\"label\":\"Seo\",\"description\":\"\",\"placeholder\":\"\",\"visible\":true,\"editable\":true},\"list\":{\"label\":\"Seo\",\"searchable\":false,\"sortable\":false}},\"publicationState\":{\"edit\":{\"label\":\"publicationState\",\"description\":\"\",\"placeholder\":\"\",\"visible\":true,\"editable\":true},\"list\":{\"label\":\"publicationState\",\"searchable\":true,\"sortable\":true}},\"category\":{\"edit\":{\"label\":\"Category\",\"description\":\"\",\"placeholder\":\"\",\"visible\":true,\"editable\":true,\"mainField\":\"name\"},\"list\":{\"label\":\"Category\",\"searchable\":true,\"sortable\":true}},\"editors\":{\"edit\":{\"label\":\"editors\",\"description\":\"\",\"placeholder\":\"\",\"visible\":true,\"editable\":true,\"mainField\":\"firstname\"},\"list\":{\"label\":\"editors\",\"searchable\":false,\"sortable\":false}},\"publicationStages\":{\"edit\":{\"label\":\"publicationStages\",\"description\":\"\",\"placeholder\":\"\",\"visible\":true,\"editable\":true},\"list\":{\"label\":\"publicationStages\",\"searchable\":false,\"sortable\":false}},\"ckeditor_content\":{\"edit\":{\"label\":\"ckeditor_content\",\"description\":\"\",\"placeholder\":\"\",\"visible\":true,\"editable\":true},\"list\":{\"label\":\"ckeditor_content\",\"searchable\":false,\"sortable\":false}},\"createdAt\":{\"edit\":{\"label\":\"CreatedAt\",\"description\":\"\",\"placeholder\":\"\",\"visible\":false,\"editable\":true},\"list\":{\"label\":\"CreatedAt\",\"searchable\":true,\"sortable\":true}},\"updatedAt\":{\"edit\":{\"label\":\"UpdatedAt\",\"description\":\"\",\"placeholder\":\"\",\"visible\":false,\"editable\":true},\"list\":{\"label\":\"UpdatedAt\",\"searchable\":true,\"sortable\":true}}},\"layouts\":{\"list\":[\"id\",\"title\",\"image\",\"publicationState\"],\"edit\":[[{\"name\":\"title\",\"size\":6},{\"name\":\"slug\",\"size\":6}],[{\"name\":\"image\",\"size\":6}],[{\"name\":\"blocks\",\"size\":12}],[{\"name\":\"seo\",\"size\":12}],[{\"name\":\"publicationState\",\"size\":6},{\"name\":\"category\",\"size\":6}],[{\"name\":\"editors\",\"size\":6}],[{\"name\":\"ckeditor_content\",\"size\":12}]]}}','object','',''),(44,'plugin_content_manager_configuration_content_types::api::category.category','{\"uid\":\"api::category.category\",\"settings\":{\"bulkable\":true,\"filterable\":true,\"searchable\":true,\"pageSize\":10,\"mainField\":\"name\",\"defaultSortBy\":\"name\",\"defaultSortOrder\":\"ASC\"},\"metadatas\":{\"id\":{\"edit\":{},\"list\":{\"label\":\"Id\",\"searchable\":true,\"sortable\":true}},\"name\":{\"edit\":{\"label\":\"Name\",\"description\":\"\",\"placeholder\":\"\",\"visible\":true,\"editable\":true},\"list\":{\"label\":\"Name\",\"searchable\":true,\"sortable\":true}},\"slug\":{\"edit\":{\"label\":\"Slug\",\"description\":\"\",\"placeholder\":\"\",\"visible\":true,\"editable\":true},\"list\":{\"label\":\"Slug\",\"searchable\":true,\"sortable\":true}},\"restaurants\":{\"edit\":{\"label\":\"Restaurants\",\"description\":\"\",\"placeholder\":\"\",\"visible\":true,\"editable\":true,\"mainField\":\"name\"},\"list\":{\"label\":\"Restaurants\",\"searchable\":false,\"sortable\":false}},\"articles\":{\"edit\":{\"label\":\"Articles\",\"description\":\"\",\"placeholder\":\"\",\"visible\":true,\"editable\":true,\"mainField\":\"title\"},\"list\":{\"label\":\"Articles\",\"searchable\":false,\"sortable\":false}},\"createdAt\":{\"edit\":{\"label\":\"CreatedAt\",\"description\":\"\",\"placeholder\":\"\",\"visible\":false,\"editable\":true},\"list\":{\"label\":\"CreatedAt\",\"searchable\":true,\"sortable\":true}},\"updatedAt\":{\"edit\":{\"label\":\"UpdatedAt\",\"description\":\"\",\"placeholder\":\"\",\"visible\":false,\"editable\":true},\"list\":{\"label\":\"UpdatedAt\",\"searchable\":true,\"sortable\":true}}},\"layouts\":{\"list\":[\"id\",\"name\",\"slug\",\"restaurants\"],\"edit\":[[{\"name\":\"name\",\"size\":6},{\"name\":\"slug\",\"size\":6}],[{\"name\":\"restaurants\",\"size\":6},{\"name\":\"articles\",\"size\":6}]]}}','object','',''),(46,'plugin_content_manager_configuration_content_types::api::page.page','{\"uid\":\"api::page.page\",\"settings\":{\"bulkable\":true,\"filterable\":true,\"searchable\":true,\"pageSize\":10,\"mainField\":\"title\",\"defaultSortBy\":\"title\",\"defaultSortOrder\":\"ASC\"},\"metadatas\":{\"id\":{\"edit\":{},\"list\":{\"label\":\"Id\",\"searchable\":true,\"sortable\":true}},\"title\":{\"edit\":{\"label\":\"Title\",\"description\":\"\",\"placeholder\":\"\",\"visible\":true,\"editable\":true},\"list\":{\"label\":\"Title\",\"searchable\":true,\"sortable\":true}},\"slug\":{\"edit\":{\"label\":\"Slug\",\"description\":\"\",\"placeholder\":\"\",\"visible\":true,\"editable\":true},\"list\":{\"label\":\"Slug\",\"searchable\":true,\"sortable\":true}},\"blocks\":{\"edit\":{\"label\":\"Blocks\",\"description\":\"\",\"placeholder\":\"\",\"visible\":true,\"editable\":true},\"list\":{\"label\":\"Blocks\",\"searchable\":false,\"sortable\":false}},\"seo\":{\"edit\":{\"label\":\"Seo\",\"description\":\"\",\"placeholder\":\"\",\"visible\":true,\"editable\":true},\"list\":{\"label\":\"Seo\",\"searchable\":false,\"sortable\":false}},\"editors\":{\"edit\":{\"label\":\"editors\",\"description\":\"\",\"placeholder\":\"\",\"visible\":true,\"editable\":true,\"mainField\":\"firstname\"},\"list\":{\"label\":\"editors\",\"searchable\":false,\"sortable\":false}},\"createdAt\":{\"edit\":{\"label\":\"CreatedAt\",\"description\":\"\",\"placeholder\":\"\",\"visible\":false,\"editable\":true},\"list\":{\"label\":\"CreatedAt\",\"searchable\":true,\"sortable\":true}},\"updatedAt\":{\"edit\":{\"label\":\"UpdatedAt\",\"description\":\"\",\"placeholder\":\"\",\"visible\":false,\"editable\":true},\"list\":{\"label\":\"UpdatedAt\",\"searchable\":true,\"sortable\":true}}},\"layouts\":{\"list\":[\"id\",\"title\",\"slug\"],\"edit\":[[{\"name\":\"title\",\"size\":6},{\"name\":\"slug\",\"size\":6}],[{\"name\":\"blocks\",\"size\":12}],[{\"name\":\"seo\",\"size\":12}],[{\"name\":\"editors\",\"size\":6}]]}}','object','',''),(47,'plugin_content_manager_configuration_content_types::api::place.place','{\"uid\":\"api::place.place\",\"settings\":{\"bulkable\":true,\"filterable\":true,\"searchable\":true,\"pageSize\":10,\"mainField\":\"name\",\"defaultSortBy\":\"name\",\"defaultSortOrder\":\"ASC\"},\"metadatas\":{\"id\":{\"edit\":{},\"list\":{\"label\":\"Id\",\"searchable\":true,\"sortable\":true}},\"name\":{\"edit\":{\"label\":\"Name\",\"description\":\"\",\"placeholder\":\"\",\"visible\":true,\"editable\":true},\"list\":{\"label\":\"Name\",\"searchable\":true,\"sortable\":true}},\"restaurants\":{\"edit\":{\"label\":\"Restaurants\",\"description\":\"\",\"placeholder\":\"\",\"visible\":true,\"editable\":true,\"mainField\":\"name\"},\"list\":{\"label\":\"Restaurants\",\"searchable\":false,\"sortable\":false}},\"createdAt\":{\"edit\":{\"label\":\"CreatedAt\",\"description\":\"\",\"placeholder\":\"\",\"visible\":false,\"editable\":true},\"list\":{\"label\":\"CreatedAt\",\"searchable\":true,\"sortable\":true}},\"updatedAt\":{\"edit\":{\"label\":\"UpdatedAt\",\"description\":\"\",\"placeholder\":\"\",\"visible\":false,\"editable\":true},\"list\":{\"label\":\"UpdatedAt\",\"searchable\":true,\"sortable\":true}}},\"layouts\":{\"list\":[\"id\",\"name\",\"restaurants\",\"createdAt\"],\"edit\":[[{\"name\":\"name\",\"size\":6},{\"name\":\"restaurants\",\"size\":6}]]}}','object','',''),(48,'plugin_content_manager_configuration_content_types::api::restaurant.restaurant','{\"uid\":\"api::restaurant.restaurant\",\"settings\":{\"bulkable\":true,\"filterable\":true,\"searchable\":true,\"pageSize\":10,\"mainField\":\"name\",\"defaultSortBy\":\"name\",\"defaultSortOrder\":\"ASC\"},\"metadatas\":{\"id\":{\"edit\":{},\"list\":{\"label\":\"Id\",\"searchable\":true,\"sortable\":true}},\"name\":{\"edit\":{\"label\":\"Name\",\"description\":\"\",\"placeholder\":\"\",\"visible\":true,\"editable\":true},\"list\":{\"label\":\"Name\",\"searchable\":true,\"sortable\":true}},\"slug\":{\"edit\":{\"label\":\"Slug\",\"description\":\"\",\"placeholder\":\"\",\"visible\":true,\"editable\":true},\"list\":{\"label\":\"Slug\",\"searchable\":true,\"sortable\":true}},\"images\":{\"edit\":{\"label\":\"Images\",\"description\":\"\",\"placeholder\":\"\",\"visible\":true,\"editable\":true},\"list\":{\"label\":\"Images\",\"searchable\":false,\"sortable\":false}},\"price\":{\"edit\":{\"label\":\"Price\",\"description\":\"\",\"placeholder\":\"\",\"visible\":true,\"editable\":true},\"list\":{\"label\":\"Price\",\"searchable\":true,\"sortable\":true}},\"information\":{\"edit\":{\"label\":\"Information\",\"description\":\"\",\"placeholder\":\"\",\"visible\":true,\"editable\":true},\"list\":{\"label\":\"Information\",\"searchable\":false,\"sortable\":false}},\"socialNetworks\":{\"edit\":{\"label\":\"SocialNetworks\",\"description\":\"\",\"placeholder\":\"\",\"visible\":true,\"editable\":true},\"list\":{\"label\":\"SocialNetworks\",\"searchable\":false,\"sortable\":false}},\"blocks\":{\"edit\":{\"label\":\"Blocks\",\"description\":\"\",\"placeholder\":\"\",\"visible\":true,\"editable\":true},\"list\":{\"label\":\"Blocks\",\"searchable\":false,\"sortable\":false}},\"seo\":{\"edit\":{\"label\":\"Seo\",\"description\":\"\",\"placeholder\":\"\",\"visible\":true,\"editable\":true},\"list\":{\"label\":\"Seo\",\"searchable\":false,\"sortable\":false}},\"category\":{\"edit\":{\"label\":\"Category\",\"description\":\"\",\"placeholder\":\"\",\"visible\":true,\"editable\":true,\"mainField\":\"name\"},\"list\":{\"label\":\"Category\",\"searchable\":true,\"sortable\":true}},\"place\":{\"edit\":{\"label\":\"Place\",\"description\":\"\",\"placeholder\":\"\",\"visible\":true,\"editable\":true,\"mainField\":\"name\"},\"list\":{\"label\":\"Place\",\"searchable\":true,\"sortable\":true}},\"reviews\":{\"edit\":{\"label\":\"Reviews\",\"description\":\"\",\"placeholder\":\"\",\"visible\":true,\"editable\":true,\"mainField\":\"id\"},\"list\":{\"label\":\"Reviews\",\"searchable\":false,\"sortable\":false}},\"createdAt\":{\"edit\":{\"label\":\"CreatedAt\",\"description\":\"\",\"placeholder\":\"\",\"visible\":false,\"editable\":true},\"list\":{\"label\":\"CreatedAt\",\"searchable\":true,\"sortable\":true}},\"updatedAt\":{\"edit\":{\"label\":\"UpdatedAt\",\"description\":\"\",\"placeholder\":\"\",\"visible\":false,\"editable\":true},\"list\":{\"label\":\"UpdatedAt\",\"searchable\":true,\"sortable\":true}}},\"layouts\":{\"list\":[\"id\",\"name\",\"images\"],\"edit\":[[{\"name\":\"name\",\"size\":6},{\"name\":\"slug\",\"size\":6}],[{\"name\":\"images\",\"size\":6},{\"name\":\"price\",\"size\":6}],[{\"name\":\"information\",\"size\":12}],[{\"name\":\"socialNetworks\",\"size\":12}],[{\"name\":\"blocks\",\"size\":12}],[{\"name\":\"seo\",\"size\":12}],[{\"name\":\"category\",\"size\":6},{\"name\":\"place\",\"size\":6}],[{\"name\":\"reviews\",\"size\":6}]]}}','object','',''),(49,'plugin_content_manager_configuration_content_types::api::review.review','{\"uid\":\"api::review.review\",\"settings\":{\"bulkable\":true,\"filterable\":true,\"searchable\":true,\"pageSize\":10,\"mainField\":\"id\",\"defaultSortBy\":\"id\",\"defaultSortOrder\":\"ASC\"},\"metadatas\":{\"id\":{\"edit\":{},\"list\":{\"label\":\"Id\",\"searchable\":true,\"sortable\":true}},\"content\":{\"edit\":{\"label\":\"Content\",\"description\":\"\",\"placeholder\":\"\",\"visible\":true,\"editable\":true},\"list\":{\"label\":\"Content\",\"searchable\":true,\"sortable\":true}},\"note\":{\"edit\":{\"label\":\"Note\",\"description\":\"\",\"placeholder\":\"\",\"visible\":true,\"editable\":true},\"list\":{\"label\":\"Note\",\"searchable\":true,\"sortable\":true}},\"author\":{\"edit\":{\"label\":\"Author\",\"description\":\"\",\"placeholder\":\"\",\"visible\":true,\"editable\":true,\"mainField\":\"username\"},\"list\":{\"label\":\"Author\",\"searchable\":true,\"sortable\":true}},\"restaurant\":{\"edit\":{\"label\":\"Restaurant\",\"description\":\"\",\"placeholder\":\"\",\"visible\":true,\"editable\":true,\"mainField\":\"name\"},\"list\":{\"label\":\"Restaurant\",\"searchable\":true,\"sortable\":true}},\"createdAt\":{\"edit\":{\"label\":\"CreatedAt\",\"description\":\"\",\"placeholder\":\"\",\"visible\":false,\"editable\":true},\"list\":{\"label\":\"CreatedAt\",\"searchable\":true,\"sortable\":true}},\"updatedAt\":{\"edit\":{\"label\":\"UpdatedAt\",\"description\":\"\",\"placeholder\":\"\",\"visible\":false,\"editable\":true},\"list\":{\"label\":\"UpdatedAt\",\"searchable\":true,\"sortable\":true}}},\"layouts\":{\"list\":[\"id\",\"content\",\"note\",\"author\"],\"edit\":[[{\"name\":\"content\",\"size\":6},{\"name\":\"note\",\"size\":4}],[{\"name\":\"author\",\"size\":6},{\"name\":\"restaurant\",\"size\":6}]]}}','object','',''),(50,'plugin_upload_settings','{\"sizeOptimization\":true,\"responsiveDimensions\":true,\"autoOrientation\":false}','object','',''),(51,'plugin_i18n_default_locale','\"en\"','string','',''),(52,'plugin_users-permissions_grant','{\"email\":{\"enabled\":true,\"icon\":\"envelope\"},\"discord\":{\"enabled\":false,\"icon\":\"discord\",\"key\":\"\",\"secret\":\"\",\"callback\":\"//api/auth/discord/callback\",\"scope\":[\"identify\",\"email\"]},\"facebook\":{\"enabled\":false,\"icon\":\"facebook-square\",\"key\":\"\",\"secret\":\"\",\"callback\":\"//api/auth/facebook/callback\",\"scope\":[\"email\"]},\"google\":{\"enabled\":false,\"icon\":\"google\",\"key\":\"\",\"secret\":\"\",\"callback\":\"//api/auth/google/callback\",\"scope\":[\"email\"]},\"github\":{\"enabled\":false,\"icon\":\"github\",\"key\":\"\",\"secret\":\"\",\"callback\":\"//api/auth/github/callback\",\"scope\":[\"user\",\"user:email\"]},\"microsoft\":{\"enabled\":false,\"icon\":\"windows\",\"key\":\"\",\"secret\":\"\",\"callback\":\"//api/auth/microsoft/callback\",\"scope\":[\"user.read\"]},\"twitter\":{\"enabled\":false,\"icon\":\"twitter\",\"key\":\"\",\"secret\":\"\",\"callback\":\"//api/auth/twitter/callback\"},\"instagram\":{\"enabled\":false,\"icon\":\"instagram\",\"key\":\"\",\"secret\":\"\",\"callback\":\"//api/auth/instagram/callback\",\"scope\":[\"user_profile\"]},\"vk\":{\"enabled\":false,\"icon\":\"vk\",\"key\":\"\",\"secret\":\"\",\"callback\":\"//api/auth/vk/callback\",\"scope\":[\"email\"]},\"twitch\":{\"enabled\":false,\"icon\":\"twitch\",\"key\":\"\",\"secret\":\"\",\"callback\":\"//api/auth/twitch/callback\",\"scope\":[\"user:read:email\"]},\"linkedin\":{\"enabled\":false,\"icon\":\"linkedin\",\"key\":\"\",\"secret\":\"\",\"callback\":\"//api/auth/linkedin/callback\",\"scope\":[\"r_liteprofile\",\"r_emailaddress\"]},\"cognito\":{\"enabled\":false,\"icon\":\"aws\",\"key\":\"\",\"secret\":\"\",\"subdomain\":\"my.subdomain.com\",\"callback\":\"//api/auth/cognito/callback\",\"scope\":[\"email\",\"openid\",\"profile\"]},\"reddit\":{\"enabled\":false,\"icon\":\"reddit\",\"key\":\"\",\"secret\":\"\",\"state\":true,\"callback\":\"//api/auth/reddit/callback\",\"scope\":[\"identity\"]},\"auth0\":{\"enabled\":false,\"icon\":\"\",\"key\":\"\",\"secret\":\"\",\"subdomain\":\"my-tenant.eu\",\"callback\":\"//api/auth/auth0/callback\",\"scope\":[\"openid\",\"email\",\"profile\"]},\"cas\":{\"enabled\":false,\"icon\":\"book\",\"key\":\"\",\"secret\":\"\",\"callback\":\"//api/auth/cas/callback\",\"scope\":[\"openid email\"],\"subdomain\":\"my.subdomain.com/cas\"}}','object','',''),(53,'plugin_users-permissions_email','{\"reset_password\":{\"display\":\"Email.template.reset_password\",\"icon\":\"sync\",\"options\":{\"from\":{\"name\":\"Administration Panel\",\"email\":\"no-reply@strapi.io\"},\"response_email\":\"\",\"object\":\"Reset password\",\"message\":\"<p>We heard that you lost your password. Sorry about that!</p>\n\n<p>But dont worry! You can use the following link to reset your password:</p>\n<p><%= URL %>?code=<%= TOKEN %></p>\n\n<p>Thanks.</p>\"}},\"email_confirmation\":{\"display\":\"Email.template.email_confirmation\",\"icon\":\"check-square\",\"options\":{\"from\":{\"name\":\"Administration Panel\",\"email\":\"no-reply@strapi.io\"},\"response_email\":\"\",\"object\":\"Account confirmation\",\"message\":\"<p>Thank you for registering!</p>\n\n<p>You have to confirm your email address. Please click on the link below.</p>\n\n<p><%= URL %>?confirmation=<%= CODE %></p>\n\n<p>Thanks.</p>\"}}}','object','',''),(54,'plugin_users-permissions_advanced','{\"unique_email\":true,\"allow_register\":true,\"email_confirmation\":false,\"email_reset_password\":null,\"email_confirmation_redirection\":null,\"default_role\":\"authenticated\"}','object','',''),(55,'core_admin_auth','{\"providers\":{\"autoRegister\":false,\"defaultRole\":null}}','object','',''),(56,'plugin_content_manager_configuration_content_types::api::blog-page.blog-page','{\"uid\":\"api::blog-page.blog-page\",\"settings\":{\"bulkable\":true,\"filterable\":true,\"searchable\":true,\"pageSize\":10,\"mainField\":\"slug\",\"defaultSortBy\":\"slug\",\"defaultSortOrder\":\"ASC\"},\"metadatas\":{\"id\":{\"edit\":{},\"list\":{\"label\":\"Id\",\"searchable\":true,\"sortable\":true}},\"header\":{\"edit\":{\"label\":\"Header\",\"description\":\"\",\"placeholder\":\"\",\"visible\":true,\"editable\":true},\"list\":{\"label\":\"Header\",\"searchable\":false,\"sortable\":false}},\"slug\":{\"edit\":{\"label\":\"Slug\",\"description\":\"\",\"placeholder\":\"\",\"visible\":true,\"editable\":true},\"list\":{\"label\":\"Slug\",\"searchable\":true,\"sortable\":true}},\"categoryText\":{\"edit\":{\"label\":\"CategoryText\",\"description\":\"\",\"placeholder\":\"\",\"visible\":true,\"editable\":true},\"list\":{\"label\":\"CategoryText\",\"searchable\":true,\"sortable\":true}},\"articlesPerPage\":{\"edit\":{\"label\":\"ArticlesPerPage\",\"description\":\"\",\"placeholder\":\"\",\"visible\":true,\"editable\":true},\"list\":{\"label\":\"ArticlesPerPage\",\"searchable\":true,\"sortable\":true}},\"blocks\":{\"edit\":{\"label\":\"Blocks\",\"description\":\"\",\"placeholder\":\"\",\"visible\":true,\"editable\":true},\"list\":{\"label\":\"Blocks\",\"searchable\":false,\"sortable\":false}},\"seo\":{\"edit\":{\"label\":\"Seo\",\"description\":\"\",\"placeholder\":\"\",\"visible\":true,\"editable\":true},\"list\":{\"label\":\"Seo\",\"searchable\":false,\"sortable\":false}},\"createdAt\":{\"edit\":{\"label\":\"CreatedAt\",\"description\":\"\",\"placeholder\":\"\",\"visible\":false,\"editable\":true},\"list\":{\"label\":\"CreatedAt\",\"searchable\":true,\"sortable\":true}},\"updatedAt\":{\"edit\":{\"label\":\"UpdatedAt\",\"description\":\"\",\"placeholder\":\"\",\"visible\":false,\"editable\":true},\"list\":{\"label\":\"UpdatedAt\",\"searchable\":true,\"sortable\":true}}},\"layouts\":{\"list\":[\"id\",\"slug\",\"categoryText\",\"articlesPerPage\"],\"edit\":[[{\"name\":\"header\",\"size\":12}],[{\"name\":\"slug\",\"size\":6},{\"name\":\"categoryText\",\"size\":6}],[{\"name\":\"articlesPerPage\",\"size\":4}],[{\"name\":\"blocks\",\"size\":12}],[{\"name\":\"seo\",\"size\":12}]]}}','object','',''),(57,'plugin_content_manager_configuration_content_types::api::global.global','{\"uid\":\"api::global.global\",\"settings\":{\"bulkable\":true,\"filterable\":true,\"searchable\":true,\"pageSize\":10,\"mainField\":\"id\",\"defaultSortBy\":\"id\",\"defaultSortOrder\":\"ASC\"},\"metadatas\":{\"id\":{\"edit\":{},\"list\":{\"label\":\"Id\",\"searchable\":true,\"sortable\":true}},\"navigation\":{\"edit\":{\"label\":\"Navigation\",\"description\":\"\",\"placeholder\":\"\",\"visible\":true,\"editable\":true},\"list\":{\"label\":\"Navigation\",\"searchable\":false,\"sortable\":false}},\"footer\":{\"edit\":{\"label\":\"Footer\",\"description\":\"\",\"placeholder\":\"\",\"visible\":true,\"editable\":true},\"list\":{\"label\":\"Footer\",\"searchable\":false,\"sortable\":false}},\"createdAt\":{\"edit\":{\"label\":\"CreatedAt\",\"description\":\"\",\"placeholder\":\"\",\"visible\":false,\"editable\":true},\"list\":{\"label\":\"CreatedAt\",\"searchable\":true,\"sortable\":true}},\"updatedAt\":{\"edit\":{\"label\":\"UpdatedAt\",\"description\":\"\",\"placeholder\":\"\",\"visible\":false,\"editable\":true},\"list\":{\"label\":\"UpdatedAt\",\"searchable\":true,\"sortable\":true}}},\"layouts\":{\"list\":[\"id\",\"createdAt\",\"updatedAt\"],\"edit\":[[{\"name\":\"navigation\",\"size\":12}],[{\"name\":\"footer\",\"size\":12}]]}}','object','',''),(58,'plugin_content_manager_configuration_content_types::api::restaurant-page.restaurant-page','{\"uid\":\"api::restaurant-page.restaurant-page\",\"settings\":{\"bulkable\":true,\"filterable\":true,\"searchable\":true,\"pageSize\":10,\"mainField\":\"slug\",\"defaultSortBy\":\"slug\",\"defaultSortOrder\":\"ASC\"},\"metadatas\":{\"id\":{\"edit\":{},\"list\":{\"label\":\"Id\",\"searchable\":true,\"sortable\":true}},\"header\":{\"edit\":{\"label\":\"Header\",\"description\":\"\",\"placeholder\":\"\",\"visible\":true,\"editable\":true},\"list\":{\"label\":\"Header\",\"searchable\":false,\"sortable\":false}},\"slug\":{\"edit\":{\"label\":\"Slug\",\"description\":\"\",\"placeholder\":\"\",\"visible\":true,\"editable\":true},\"list\":{\"label\":\"Slug\",\"searchable\":true,\"sortable\":true}},\"categoryText\":{\"edit\":{\"label\":\"CategoryText\",\"description\":\"\",\"placeholder\":\"\",\"visible\":true,\"editable\":true},\"list\":{\"label\":\"CategoryText\",\"searchable\":true,\"sortable\":true}},\"PlaceText\":{\"edit\":{\"label\":\"PlaceText\",\"description\":\"\",\"placeholder\":\"\",\"visible\":true,\"editable\":true},\"list\":{\"label\":\"PlaceText\",\"searchable\":true,\"sortable\":true}},\"restaurantsPerPage\":{\"edit\":{\"label\":\"RestaurantsPerPage\",\"description\":\"\",\"placeholder\":\"\",\"visible\":true,\"editable\":true},\"list\":{\"label\":\"RestaurantsPerPage\",\"searchable\":true,\"sortable\":true}},\"blocks\":{\"edit\":{\"label\":\"Blocks\",\"description\":\"\",\"placeholder\":\"\",\"visible\":true,\"editable\":true},\"list\":{\"label\":\"Blocks\",\"searchable\":false,\"sortable\":false}},\"seo\":{\"edit\":{\"label\":\"Seo\",\"description\":\"\",\"placeholder\":\"\",\"visible\":true,\"editable\":true},\"list\":{\"label\":\"Seo\",\"searchable\":false,\"sortable\":false}},\"createdAt\":{\"edit\":{\"label\":\"CreatedAt\",\"description\":\"\",\"placeholder\":\"\",\"visible\":false,\"editable\":true},\"list\":{\"label\":\"CreatedAt\",\"searchable\":true,\"sortable\":true}},\"updatedAt\":{\"edit\":{\"label\":\"UpdatedAt\",\"description\":\"\",\"placeholder\":\"\",\"visible\":false,\"editable\":true},\"list\":{\"label\":\"UpdatedAt\",\"searchable\":true,\"sortable\":true}}},\"layouts\":{\"list\":[\"id\",\"slug\",\"categoryText\",\"PlaceText\"],\"edit\":[[{\"name\":\"header\",\"size\":12}],[{\"name\":\"slug\",\"size\":6},{\"name\":\"categoryText\",\"size\":6}],[{\"name\":\"PlaceText\",\"size\":6},{\"name\":\"restaurantsPerPage\",\"size\":4}],[{\"name\":\"blocks\",\"size\":12}],[{\"name\":\"seo\",\"size\":12}]]}}','object','',''),(59,'plugin_content_manager_configuration_components::shared.comment','{\"uid\":\"shared.comment\",\"settings\":{\"bulkable\":true,\"filterable\":true,\"searchable\":true,\"pageSize\":10,\"mainField\":\"id\",\"defaultSortBy\":\"id\",\"defaultSortOrder\":\"ASC\"},\"metadatas\":{\"id\":{\"edit\":{},\"list\":{\"label\":\"Id\",\"searchable\":false,\"sortable\":false}},\"content\":{\"edit\":{\"label\":\"Content\",\"description\":\"\",\"placeholder\":\"\",\"visible\":true,\"editable\":true},\"list\":{\"label\":\"Content\",\"searchable\":true,\"sortable\":true}}},\"layouts\":{\"list\":[\"id\",\"content\"],\"edit\":[[{\"name\":\"content\",\"size\":6}]]},\"isComponent\":true}','object','',''),(60,'plugin_content_manager_configuration_components::shared.meta-social','{\"uid\":\"shared.meta-social\",\"settings\":{\"bulkable\":true,\"filterable\":true,\"searchable\":true,\"pageSize\":10,\"mainField\":\"title\",\"defaultSortBy\":\"title\",\"defaultSortOrder\":\"ASC\"},\"metadatas\":{\"id\":{\"edit\":{},\"list\":{\"label\":\"Id\",\"searchable\":false,\"sortable\":false}},\"socialNetwork\":{\"edit\":{\"label\":\"SocialNetwork\",\"description\":\"\",\"placeholder\":\"\",\"visible\":true,\"editable\":true},\"list\":{\"label\":\"SocialNetwork\",\"searchable\":true,\"sortable\":true}},\"title\":{\"edit\":{\"label\":\"Title\",\"description\":\"\",\"placeholder\":\"\",\"visible\":true,\"editable\":true},\"list\":{\"label\":\"Title\",\"searchable\":true,\"sortable\":true}},\"description\":{\"edit\":{\"label\":\"Description\",\"description\":\"\",\"placeholder\":\"\",\"visible\":true,\"editable\":true},\"list\":{\"label\":\"Description\",\"searchable\":true,\"sortable\":true}},\"image\":{\"edit\":{\"label\":\"Image\",\"description\":\"\",\"placeholder\":\"\",\"visible\":true,\"editable\":true},\"list\":{\"label\":\"Image\",\"searchable\":false,\"sortable\":false}}},\"layouts\":{\"list\":[\"id\",\"socialNetwork\",\"title\",\"description\"],\"edit\":[[{\"name\":\"socialNetwork\",\"size\":6},{\"name\":\"title\",\"size\":6}],[{\"name\":\"description\",\"size\":6},{\"name\":\"image\",\"size\":6}]]},\"isComponent\":true}','object','',''),(61,'plugin_content_manager_configuration_components::shared.seo','{\"uid\":\"shared.seo\",\"settings\":{\"bulkable\":true,\"filterable\":true,\"searchable\":true,\"pageSize\":10,\"mainField\":\"metaTitle\",\"defaultSortBy\":\"metaTitle\",\"defaultSortOrder\":\"ASC\"},\"metadatas\":{\"id\":{\"edit\":{},\"list\":{\"label\":\"Id\",\"searchable\":false,\"sortable\":false}},\"metaTitle\":{\"edit\":{\"label\":\"MetaTitle\",\"description\":\"\",\"placeholder\":\"\",\"visible\":true,\"editable\":true},\"list\":{\"label\":\"MetaTitle\",\"searchable\":true,\"sortable\":true}},\"metaDescription\":{\"edit\":{\"label\":\"MetaDescription\",\"description\":\"\",\"placeholder\":\"\",\"visible\":true,\"editable\":true},\"list\":{\"label\":\"MetaDescription\",\"searchable\":true,\"sortable\":true}},\"metaImage\":{\"edit\":{\"label\":\"MetaImage\",\"description\":\"\",\"placeholder\":\"\",\"visible\":true,\"editable\":true},\"list\":{\"label\":\"MetaImage\",\"searchable\":false,\"sortable\":false}},\"metaSocial\":{\"edit\":{\"label\":\"MetaSocial\",\"description\":\"\",\"placeholder\":\"\",\"visible\":true,\"editable\":true},\"list\":{\"label\":\"MetaSocial\",\"searchable\":false,\"sortable\":false}},\"keywords\":{\"edit\":{\"label\":\"Keywords\",\"description\":\"\",\"placeholder\":\"\",\"visible\":true,\"editable\":true},\"list\":{\"label\":\"Keywords\",\"searchable\":true,\"sortable\":true}},\"metaRobots\":{\"edit\":{\"label\":\"MetaRobots\",\"description\":\"\",\"placeholder\":\"\",\"visible\":true,\"editable\":true},\"list\":{\"label\":\"MetaRobots\",\"searchable\":true,\"sortable\":true}},\"structuredData\":{\"edit\":{\"label\":\"StructuredData\",\"description\":\"\",\"placeholder\":\"\",\"visible\":true,\"editable\":true},\"list\":{\"label\":\"StructuredData\",\"searchable\":false,\"sortable\":false}},\"metaViewport\":{\"edit\":{\"label\":\"MetaViewport\",\"description\":\"\",\"placeholder\":\"\",\"visible\":true,\"editable\":true},\"list\":{\"label\":\"MetaViewport\",\"searchable\":true,\"sortable\":true}},\"canonicalURL\":{\"edit\":{\"label\":\"CanonicalURL\",\"description\":\"\",\"placeholder\":\"\",\"visible\":true,\"editable\":true},\"list\":{\"label\":\"CanonicalURL\",\"searchable\":true,\"sortable\":true}}},\"layouts\":{\"list\":[\"id\",\"metaTitle\",\"metaDescription\",\"metaImage\"],\"edit\":[[{\"name\":\"metaTitle\",\"size\":6},{\"name\":\"metaDescription\",\"size\":6}],[{\"name\":\"metaImage\",\"size\":6}],[{\"name\":\"metaSocial\",\"size\":12}],[{\"name\":\"keywords\",\"size\":6},{\"name\":\"metaRobots\",\"size\":6}],[{\"name\":\"structuredData\",\"size\":12}],[{\"name\":\"metaViewport\",\"size\":6},{\"name\":\"canonicalURL\",\"size\":6}]]},\"isComponent\":true}','object','',''),(62,'plugin_content_manager_configuration_content_types::plugin::upload.folder','{\"uid\":\"plugin::upload.folder\",\"settings\":{\"bulkable\":true,\"filterable\":true,\"searchable\":true,\"pageSize\":10,\"mainField\":\"name\",\"defaultSortBy\":\"name\",\"defaultSortOrder\":\"ASC\"},\"metadatas\":{\"id\":{\"edit\":{},\"list\":{\"label\":\"id\",\"searchable\":true,\"sortable\":true}},\"name\":{\"edit\":{\"label\":\"name\",\"description\":\"\",\"placeholder\":\"\",\"visible\":true,\"editable\":true},\"list\":{\"label\":\"name\",\"searchable\":true,\"sortable\":true}},\"pathId\":{\"edit\":{\"label\":\"pathId\",\"description\":\"\",\"placeholder\":\"\",\"visible\":true,\"editable\":true},\"list\":{\"label\":\"pathId\",\"searchable\":true,\"sortable\":true}},\"parent\":{\"edit\":{\"label\":\"parent\",\"description\":\"\",\"placeholder\":\"\",\"visible\":true,\"editable\":true,\"mainField\":\"name\"},\"list\":{\"label\":\"parent\",\"searchable\":true,\"sortable\":true}},\"children\":{\"edit\":{\"label\":\"children\",\"description\":\"\",\"placeholder\":\"\",\"visible\":true,\"editable\":true,\"mainField\":\"name\"},\"list\":{\"label\":\"children\",\"searchable\":false,\"sortable\":false}},\"files\":{\"edit\":{\"label\":\"files\",\"description\":\"\",\"placeholder\":\"\",\"visible\":true,\"editable\":true,\"mainField\":\"name\"},\"list\":{\"label\":\"files\",\"searchable\":false,\"sortable\":false}},\"path\":{\"edit\":{\"label\":\"path\",\"description\":\"\",\"placeholder\":\"\",\"visible\":true,\"editable\":true},\"list\":{\"label\":\"path\",\"searchable\":true,\"sortable\":true}},\"createdAt\":{\"edit\":{\"label\":\"createdAt\",\"description\":\"\",\"placeholder\":\"\",\"visible\":false,\"editable\":true},\"list\":{\"label\":\"createdAt\",\"searchable\":true,\"sortable\":true}},\"updatedAt\":{\"edit\":{\"label\":\"updatedAt\",\"description\":\"\",\"placeholder\":\"\",\"visible\":false,\"editable\":true},\"list\":{\"label\":\"updatedAt\",\"searchable\":true,\"sortable\":true}}},\"layouts\":{\"list\":[\"id\",\"name\",\"pathId\",\"parent\"],\"edit\":[[{\"name\":\"name\",\"size\":6},{\"name\":\"pathId\",\"size\":4}],[{\"name\":\"path\",\"size\":6},{\"name\":\"parent\",\"size\":6}],[{\"name\":\"children\",\"size\":6},{\"name\":\"files\",\"size\":6}]]}}','object','',''),(63,'plugin_content_manager_configuration_content_types::plugin::todo.task','{\"uid\":\"plugin::todo.task\",\"settings\":{\"bulkable\":true,\"filterable\":true,\"searchable\":true,\"pageSize\":10,\"mainField\":\"name\",\"defaultSortBy\":\"name\",\"defaultSortOrder\":\"ASC\"},\"metadatas\":{\"id\":{\"edit\":{},\"list\":{\"label\":\"id\",\"searchable\":true,\"sortable\":true}},\"name\":{\"edit\":{\"label\":\"name\",\"description\":\"\",\"placeholder\":\"\",\"visible\":true,\"editable\":true},\"list\":{\"label\":\"name\",\"searchable\":true,\"sortable\":true}},\"isDone\":{\"edit\":{\"label\":\"isDone\",\"description\":\"\",\"placeholder\":\"\",\"visible\":true,\"editable\":true},\"list\":{\"label\":\"isDone\",\"searchable\":true,\"sortable\":true}},\"createdAt\":{\"edit\":{\"label\":\"createdAt\",\"description\":\"\",\"placeholder\":\"\",\"visible\":false,\"editable\":true},\"list\":{\"label\":\"createdAt\",\"searchable\":true,\"sortable\":true}},\"updatedAt\":{\"edit\":{\"label\":\"updatedAt\",\"description\":\"\",\"placeholder\":\"\",\"visible\":false,\"editable\":true},\"list\":{\"label\":\"updatedAt\",\"searchable\":true,\"sortable\":true}}},\"layouts\":{\"list\":[\"id\",\"name\",\"isDone\",\"createdAt\"],\"edit\":[[{\"name\":\"name\",\"size\":6},{\"name\":\"isDone\",\"size\":4}]]}}','object','',''),(64,'plugin_upload_metrics','{\"weeklySchedule\":\"49 52 11 * * 1\",\"lastWeeklyUpdate\":1668423169022}','object','',''),(65,'plugin_calendar_settings','{\"collection\":\"api::article.article\",\"startField\":\"createdAt\",\"endField\":\"publishedAt\",\"titleField\":\"title\",\"defaultDuration\":30,\"drafts\":true,\"startHour\":\"0:00\",\"endHour\":\"23:59\",\"defaultView\":\"Month\",\"monthView\":true,\"weekView\":false,\"dayView\":false,\"todayButton\":true,\"createButton\":true,\"primaryColor\":\"#4945ff\",\"eventColor\":\"#4945ff\"}','object','',''),(67,'plugin_content_manager_configuration_content_types::api::cookie.cookie','{\"uid\":\"api::cookie.cookie\",\"settings\":{\"bulkable\":true,\"filterable\":true,\"searchable\":true,\"pageSize\":10,\"mainField\":\"name\",\"defaultSortBy\":\"name\",\"defaultSortOrder\":\"ASC\"},\"metadatas\":{\"id\":{\"edit\":{},\"list\":{\"label\":\"id\",\"searchable\":true,\"sortable\":true}},\"name\":{\"edit\":{\"label\":\"name\",\"description\":\"\",\"placeholder\":\"\",\"visible\":true,\"editable\":true},\"list\":{\"label\":\"name\",\"searchable\":true,\"sortable\":true}},\"description\":{\"edit\":{\"label\":\"description\",\"description\":\"\",\"placeholder\":\"\",\"visible\":true,\"editable\":true},\"list\":{\"label\":\"description\",\"searchable\":true,\"sortable\":true}},\"host\":{\"edit\":{\"label\":\"host\",\"description\":\"\",\"placeholder\":\"\",\"visible\":true,\"editable\":true},\"list\":{\"label\":\"host\",\"searchable\":true,\"sortable\":true}},\"category\":{\"edit\":{\"label\":\"category\",\"description\":\"\",\"placeholder\":\"\",\"visible\":true,\"editable\":true,\"mainField\":\"name\"},\"list\":{\"label\":\"category\",\"searchable\":true,\"sortable\":true}},\"party\":{\"edit\":{\"label\":\"party\",\"description\":\"\",\"placeholder\":\"\",\"visible\":true,\"editable\":true},\"list\":{\"label\":\"party\",\"searchable\":true,\"sortable\":true}},\"isVisible\":{\"edit\":{\"label\":\"isVisible\",\"description\":\"\",\"placeholder\":\"\",\"visible\":true,\"editable\":true},\"list\":{\"label\":\"isVisible\",\"searchable\":true,\"sortable\":true}},\"duration\":{\"edit\":{\"label\":\"duration\",\"description\":\"\",\"placeholder\":\"\",\"visible\":true,\"editable\":true},\"list\":{\"label\":\"duration\",\"searchable\":false,\"sortable\":false}},\"createdAt\":{\"edit\":{\"label\":\"createdAt\",\"description\":\"\",\"placeholder\":\"\",\"visible\":false,\"editable\":true},\"list\":{\"label\":\"createdAt\",\"searchable\":true,\"sortable\":true}},\"updatedAt\":{\"edit\":{\"label\":\"updatedAt\",\"description\":\"\",\"placeholder\":\"\",\"visible\":false,\"editable\":true},\"list\":{\"label\":\"updatedAt\",\"searchable\":true,\"sortable\":true}}},\"layouts\":{\"list\":[\"id\",\"name\",\"description\",\"host\"],\"edit\":[[{\"name\":\"name\",\"size\":6},{\"name\":\"description\",\"size\":6}],[{\"name\":\"host\",\"size\":6},{\"name\":\"party\",\"size\":6}],[{\"name\":\"isVisible\",\"size\":4}],[{\"name\":\"duration\",\"size\":12}],[{\"name\":\"category\",\"size\":6}]]}}','object','',''),(68,'plugin_content_manager_configuration_content_types::api::cookie-category.cookie-category','{\"uid\":\"api::cookie-category.cookie-category\",\"settings\":{\"bulkable\":true,\"filterable\":true,\"searchable\":true,\"pageSize\":10,\"mainField\":\"name\",\"defaultSortBy\":\"name\",\"defaultSortOrder\":\"ASC\"},\"metadatas\":{\"id\":{\"edit\":{},\"list\":{\"label\":\"id\",\"searchable\":true,\"sortable\":true}},\"name\":{\"edit\":{\"label\":\"name\",\"description\":\"\",\"placeholder\":\"\",\"visible\":true,\"editable\":true},\"list\":{\"label\":\"name\",\"searchable\":true,\"sortable\":true}},\"description\":{\"edit\":{\"label\":\"description\",\"description\":\"\",\"placeholder\":\"\",\"visible\":true,\"editable\":true},\"list\":{\"label\":\"description\",\"searchable\":true,\"sortable\":true}},\"cookies\":{\"edit\":{\"label\":\"cookies\",\"description\":\"\",\"placeholder\":\"\",\"visible\":true,\"editable\":true,\"mainField\":\"name\"},\"list\":{\"label\":\"cookies\",\"searchable\":false,\"sortable\":false}},\"createdAt\":{\"edit\":{\"label\":\"createdAt\",\"description\":\"\",\"placeholder\":\"\",\"visible\":false,\"editable\":true},\"list\":{\"label\":\"createdAt\",\"searchable\":true,\"sortable\":true}},\"updatedAt\":{\"edit\":{\"label\":\"updatedAt\",\"description\":\"\",\"placeholder\":\"\",\"visible\":false,\"editable\":true},\"list\":{\"label\":\"updatedAt\",\"searchable\":true,\"sortable\":true}}},\"layouts\":{\"list\":[\"id\",\"name\",\"description\",\"cookies\"],\"edit\":[[{\"name\":\"name\",\"size\":6},{\"name\":\"description\",\"size\":6}],[{\"name\":\"cookies\",\"size\":6}]]}}','object','',''),(69,'plugin_content_manager_configuration_content_types::plugin::scheduler.scheduler','{\"uid\":\"plugin::scheduler.scheduler\",\"settings\":{\"bulkable\":true,\"filterable\":true,\"searchable\":true,\"pageSize\":10,\"mainField\":\"uid\",\"defaultSortBy\":\"uid\",\"defaultSortOrder\":\"ASC\"},\"metadatas\":{\"id\":{\"edit\":{},\"list\":{\"label\":\"id\",\"searchable\":true,\"sortable\":true}},\"scheduledDatetime\":{\"edit\":{\"label\":\"scheduledDatetime\",\"description\":\"\",\"placeholder\":\"\",\"visible\":true,\"editable\":true},\"list\":{\"label\":\"scheduledDatetime\",\"searchable\":true,\"sortable\":true}},\"uid\":{\"edit\":{\"label\":\"uid\",\"description\":\"\",\"placeholder\":\"\",\"visible\":true,\"editable\":true},\"list\":{\"label\":\"uid\",\"searchable\":true,\"sortable\":true}},\"contentId\":{\"edit\":{\"label\":\"contentId\",\"description\":\"\",\"placeholder\":\"\",\"visible\":true,\"editable\":true},\"list\":{\"label\":\"contentId\",\"searchable\":true,\"sortable\":true}},\"scheduleType\":{\"edit\":{\"label\":\"scheduleType\",\"description\":\"\",\"placeholder\":\"\",\"visible\":true,\"editable\":true},\"list\":{\"label\":\"scheduleType\",\"searchable\":true,\"sortable\":true}},\"createdAt\":{\"edit\":{\"label\":\"createdAt\",\"description\":\"\",\"placeholder\":\"\",\"visible\":false,\"editable\":true},\"list\":{\"label\":\"createdAt\",\"searchable\":true,\"sortable\":true}},\"updatedAt\":{\"edit\":{\"label\":\"updatedAt\",\"description\":\"\",\"placeholder\":\"\",\"visible\":false,\"editable\":true},\"list\":{\"label\":\"updatedAt\",\"searchable\":true,\"sortable\":true}}},\"layouts\":{\"list\":[\"id\",\"scheduledDatetime\",\"uid\",\"contentId\"],\"edit\":[[{\"name\":\"scheduledDatetime\",\"size\":6},{\"name\":\"uid\",\"size\":6}],[{\"name\":\"contentId\",\"size\":4},{\"name\":\"scheduleType\",\"size\":6}]]}}','object','',''),(70,'plugin_sitemap_settings','{\"hostname\":\"\",\"includeHomepage\":true,\"excludeDrafts\":true,\"hostname_overrides\":{},\"contentTypes\":{},\"customEntries\":{}}','object','',''),(71,'plugin_content_manager_configuration_content_types::admin::api-token-permission','{\"uid\":\"admin::api-token-permission\",\"settings\":{\"bulkable\":true,\"filterable\":true,\"searchable\":true,\"pageSize\":10,\"mainField\":\"action\",\"defaultSortBy\":\"action\",\"defaultSortOrder\":\"ASC\"},\"metadatas\":{\"id\":{\"edit\":{},\"list\":{\"label\":\"id\",\"searchable\":true,\"sortable\":true}},\"action\":{\"edit\":{\"label\":\"action\",\"description\":\"\",\"placeholder\":\"\",\"visible\":true,\"editable\":true},\"list\":{\"label\":\"action\",\"searchable\":true,\"sortable\":true}},\"token\":{\"edit\":{\"label\":\"token\",\"description\":\"\",\"placeholder\":\"\",\"visible\":true,\"editable\":true,\"mainField\":\"name\"},\"list\":{\"label\":\"token\",\"searchable\":true,\"sortable\":true}},\"createdAt\":{\"edit\":{\"label\":\"createdAt\",\"description\":\"\",\"placeholder\":\"\",\"visible\":false,\"editable\":true},\"list\":{\"label\":\"createdAt\",\"searchable\":true,\"sortable\":true}},\"updatedAt\":{\"edit\":{\"label\":\"updatedAt\",\"description\":\"\",\"placeholder\":\"\",\"visible\":false,\"editable\":true},\"list\":{\"label\":\"updatedAt\",\"searchable\":true,\"sortable\":true}}},\"layouts\":{\"list\":[\"id\",\"action\",\"token\",\"createdAt\"],\"edit\":[[{\"name\":\"action\",\"size\":6},{\"name\":\"token\",\"size\":6}]]}}','object','','');
/*!40000 ALTER TABLE `strapi_core_store_settings` ENABLE KEYS */;
UNLOCK TABLES;

--
-- Table structure for table `strapi_database_schema`
--

DROP TABLE IF EXISTS `strapi_database_schema`;
/*!40101 SET @saved_cs_client     = @@character_set_client */;
/*!40101 SET character_set_client = utf8 */;
CREATE TABLE `strapi_database_schema` (
  `id` tinyint(4) DEFAULT NULL,
  `schema` mediumtext,
  `time` varchar(10) DEFAULT NULL,
  `hash` varchar(32) DEFAULT NULL
) ENGINE=InnoDB DEFAULT CHARSET=utf8mb4;
/*!40101 SET character_set_client = @saved_cs_client */;

--
-- Dumping data for table `strapi_database_schema`
--

LOCK TABLES `strapi_database_schema` WRITE;
/*!40000 ALTER TABLE `strapi_database_schema` DISABLE KEYS */;
INSERT INTO `strapi_database_schema` VALUES (47,'{\"tables\":[{\"name\":\"strapi_core_store_settings\",\"indexes\":[],\"foreignKeys\":[],\"columns\":[{\"name\":\"id\",\"type\":\"increments\",\"args\":[{\"primary\":true,\"primaryKey\":true}],\"defaultTo\":null,\"notNullable\":true,\"unsigned\":false},{\"name\":\"key\",\"type\":\"string\",\"args\":[],\"defaultTo\":null,\"notNullable\":false,\"unsigned\":false},{\"name\":\"value\",\"type\":\"text\",\"args\":[\"longtext\"],\"defaultTo\":null,\"notNullable\":false,\"unsigned\":false},{\"name\":\"type\",\"type\":\"string\",\"args\":[],\"defaultTo\":null,\"notNullable\":false,\"unsigned\":false},{\"name\":\"environment\",\"type\":\"string\",\"args\":[],\"defaultTo\":null,\"notNullable\":false,\"unsigned\":false},{\"name\":\"tag\",\"type\":\"string\",\"args\":[],\"defaultTo\":null,\"notNullable\":false,\"unsigned\":false}]},{\"name\":\"strapi_webhooks\",\"indexes\":[],\"foreignKeys\":[],\"columns\":[{\"name\":\"id\",\"type\":\"increments\",\"args\":[{\"primary\":true,\"primaryKey\":true}],\"defaultTo\":null,\"notNullable\":true,\"unsigned\":false},{\"name\":\"name\",\"type\":\"string\",\"args\":[],\"defaultTo\":null,\"notNullable\":false,\"unsigned\":false},{\"name\":\"url\",\"type\":\"text\",\"args\":[\"longtext\"],\"defaultTo\":null,\"notNullable\":false,\"unsigned\":false},{\"name\":\"headers\",\"type\":\"jsonb\",\"args\":[],\"defaultTo\":null,\"notNullable\":false,\"unsigned\":false},{\"name\":\"events\",\"type\":\"jsonb\",\"args\":[],\"defaultTo\":null,\"notNullable\":false,\"unsigned\":false},{\"name\":\"enabled\",\"type\":\"boolean\",\"args\":[],\"defaultTo\":null,\"notNullable\":false,\"unsigned\":false}]},{\"name\":\"admin_permissions\",\"indexes\":[{\"name\":\"admin_permissions_created_by_id_fk\",\"columns\":[\"created_by_id\"]},{\"name\":\"admin_permissions_updated_by_id_fk\",\"columns\":[\"updated_by_id\"]}],\"foreignKeys\":[{\"name\":\"admin_permissions_created_by_id_fk\",\"columns\":[\"created_by_id\"],\"referencedTable\":\"admin_users\",\"referencedColumns\":[\"id\"],\"onDelete\":\"SET NULL\"},{\"name\":\"admin_permissions_updated_by_id_fk\",\"columns\":[\"updated_by_id\"],\"referencedTable\":\"admin_users\",\"referencedColumns\":[\"id\"],\"onDelete\":\"SET NULL\"}],\"columns\":[{\"name\":\"id\",\"type\":\"increments\",\"args\":[{\"primary\":true,\"primaryKey\":true}],\"defaultTo\":null,\"notNullable\":true,\"unsigned\":false},{\"name\":\"action\",\"type\":\"string\",\"args\":[],\"defaultTo\":null,\"notNullable\":false,\"unsigned\":false},{\"name\":\"subject\",\"type\":\"string\",\"args\":[],\"defaultTo\":null,\"notNullable\":false,\"unsigned\":false},{\"name\":\"properties\",\"type\":\"jsonb\",\"args\":[],\"defaultTo\":null,\"notNullable\":false,\"unsigned\":false},{\"name\":\"conditions\",\"type\":\"jsonb\",\"args\":[],\"defaultTo\":null,\"notNullable\":false,\"unsigned\":false},{\"name\":\"created_at\",\"type\":\"datetime\",\"args\":[{\"useTz\":false,\"precision\":6}],\"defaultTo\":null,\"notNullable\":false,\"unsigned\":false},{\"name\":\"updated_at\",\"type\":\"datetime\",\"args\":[{\"useTz\":false,\"precision\":6}],\"defaultTo\":null,\"notNullable\":false,\"unsigned\":false},{\"name\":\"created_by_id\",\"type\":\"integer\",\"args\":[],\"defaultTo\":null,\"notNullable\":false,\"unsigned\":true},{\"name\":\"updated_by_id\",\"type\":\"integer\",\"args\":[],\"defaultTo\":null,\"notNullable\":false,\"unsigned\":true}]},{\"name\":\"admin_users\",\"indexes\":[{\"name\":\"admin_users_created_by_id_fk\",\"columns\":[\"created_by_id\"]},{\"name\":\"admin_users_updated_by_id_fk\",\"columns\":[\"updated_by_id\"]}],\"foreignKeys\":[{\"name\":\"admin_users_created_by_id_fk\",\"columns\":[\"created_by_id\"],\"referencedTable\":\"admin_users\",\"referencedColumns\":[\"id\"],\"onDelete\":\"SET NULL\"},{\"name\":\"admin_users_updated_by_id_fk\",\"columns\":[\"updated_by_id\"],\"referencedTable\":\"admin_users\",\"referencedColumns\":[\"id\"],\"onDelete\":\"SET NULL\"}],\"columns\":[{\"name\":\"id\",\"type\":\"increments\",\"args\":[{\"primary\":true,\"primaryKey\":true}],\"defaultTo\":null,\"notNullable\":true,\"unsigned\":false},{\"name\":\"firstname\",\"type\":\"string\",\"args\":[],\"defaultTo\":null,\"notNullable\":false,\"unsigned\":false},{\"name\":\"lastname\",\"type\":\"string\",\"args\":[],\"defaultTo\":null,\"notNullable\":false,\"unsigned\":false},{\"name\":\"username\",\"type\":\"string\",\"args\":[],\"defaultTo\":null,\"notNullable\":false,\"unsigned\":false},{\"name\":\"email\",\"type\":\"string\",\"args\":[],\"defaultTo\":null,\"notNullable\":false,\"unsigned\":false},{\"name\":\"password\",\"type\":\"string\",\"args\":[],\"defaultTo\":null,\"notNullable\":false,\"unsigned\":false},{\"name\":\"reset_password_token\",\"type\":\"string\",\"args\":[],\"defaultTo\":null,\"notNullable\":false,\"unsigned\":false},{\"name\":\"registration_token\",\"type\":\"string\",\"args\":[],\"defaultTo\":null,\"notNullable\":false,\"unsigned\":false},{\"name\":\"is_active\",\"type\":\"boolean\",\"args\":[],\"defaultTo\":null,\"notNullable\":false,\"unsigned\":false},{\"name\":\"blocked\",\"type\":\"boolean\",\"args\":[],\"defaultTo\":null,\"notNullable\":false,\"unsigned\":false},{\"name\":\"prefered_language\",\"type\":\"string\",\"args\":[],\"defaultTo\":null,\"notNullable\":false,\"unsigned\":false},{\"name\":\"created_at\",\"type\":\"datetime\",\"args\":[{\"useTz\":false,\"precision\":6}],\"defaultTo\":null,\"notNullable\":false,\"unsigned\":false},{\"name\":\"updated_at\",\"type\":\"datetime\",\"args\":[{\"useTz\":false,\"precision\":6}],\"defaultTo\":null,\"notNullable\":false,\"unsigned\":false},{\"name\":\"created_by_id\",\"type\":\"integer\",\"args\":[],\"defaultTo\":null,\"notNullable\":false,\"unsigned\":true},{\"name\":\"updated_by_id\",\"type\":\"integer\",\"args\":[],\"defaultTo\":null,\"notNullable\":false,\"unsigned\":true}]},{\"name\":\"admin_roles\",\"indexes\":[{\"name\":\"admin_roles_created_by_id_fk\",\"columns\":[\"created_by_id\"]},{\"name\":\"admin_roles_updated_by_id_fk\",\"columns\":[\"updated_by_id\"]}],\"foreignKeys\":[{\"name\":\"admin_roles_created_by_id_fk\",\"columns\":[\"created_by_id\"],\"referencedTable\":\"admin_users\",\"referencedColumns\":[\"id\"],\"onDelete\":\"SET NULL\"},{\"name\":\"admin_roles_updated_by_id_fk\",\"columns\":[\"updated_by_id\"],\"referencedTable\":\"admin_users\",\"referencedColumns\":[\"id\"],\"onDelete\":\"SET NULL\"}],\"columns\":[{\"name\":\"id\",\"type\":\"increments\",\"args\":[{\"primary\":true,\"primaryKey\":true}],\"defaultTo\":null,\"notNullable\":true,\"unsigned\":false},{\"name\":\"name\",\"type\":\"string\",\"args\":[],\"defaultTo\":null,\"notNullable\":false,\"unsigned\":false},{\"name\":\"code\",\"type\":\"string\",\"args\":[],\"defaultTo\":null,\"notNullable\":false,\"unsigned\":false},{\"name\":\"description\",\"type\":\"string\",\"args\":[],\"defaultTo\":null,\"notNullable\":false,\"unsigned\":false},{\"name\":\"created_at\",\"type\":\"datetime\",\"args\":[{\"useTz\":false,\"precision\":6}],\"defaultTo\":null,\"notNullable\":false,\"unsigned\":false},{\"name\":\"updated_at\",\"type\":\"datetime\",\"args\":[{\"useTz\":false,\"precision\":6}],\"defaultTo\":null,\"notNullable\":false,\"unsigned\":false},{\"name\":\"created_by_id\",\"type\":\"integer\",\"args\":[],\"defaultTo\":null,\"notNullable\":false,\"unsigned\":true},{\"name\":\"updated_by_id\",\"type\":\"integer\",\"args\":[],\"defaultTo\":null,\"notNullable\":false,\"unsigned\":true}]},{\"name\":\"strapi_api_tokens\",\"indexes\":[{\"name\":\"strapi_api_tokens_created_by_id_fk\",\"columns\":[\"created_by_id\"]},{\"name\":\"strapi_api_tokens_updated_by_id_fk\",\"columns\":[\"updated_by_id\"]}],\"foreignKeys\":[{\"name\":\"strapi_api_tokens_created_by_id_fk\",\"columns\":[\"created_by_id\"],\"referencedTable\":\"admin_users\",\"referencedColumns\":[\"id\"],\"onDelete\":\"SET NULL\"},{\"name\":\"strapi_api_tokens_updated_by_id_fk\",\"columns\":[\"updated_by_id\"],\"referencedTable\":\"admin_users\",\"referencedColumns\":[\"id\"],\"onDelete\":\"SET NULL\"}],\"columns\":[{\"name\":\"id\",\"type\":\"increments\",\"args\":[{\"primary\":true,\"primaryKey\":true}],\"defaultTo\":null,\"notNullable\":true,\"unsigned\":false},{\"name\":\"name\",\"type\":\"string\",\"args\":[],\"defaultTo\":null,\"notNullable\":false,\"unsigned\":false},{\"name\":\"description\",\"type\":\"string\",\"args\":[],\"defaultTo\":null,\"notNullable\":false,\"unsigned\":false},{\"name\":\"type\",\"type\":\"string\",\"args\":[],\"defaultTo\":null,\"notNullable\":false,\"unsigned\":false},{\"name\":\"access_key\",\"type\":\"string\",\"args\":[],\"defaultTo\":null,\"notNullable\":false,\"unsigned\":false},{\"name\":\"last_used_at\",\"type\":\"datetime\",\"args\":[{\"useTz\":false,\"precision\":6}],\"defaultTo\":null,\"notNullable\":false,\"unsigned\":false},{\"name\":\"expires_at\",\"type\":\"datetime\",\"args\":[{\"useTz\":false,\"precision\":6}],\"defaultTo\":null,\"notNullable\":false,\"unsigned\":false},{\"name\":\"lifespan\",\"type\":\"integer\",\"args\":[],\"defaultTo\":null,\"notNullable\":false,\"unsigned\":false},{\"name\":\"created_at\",\"type\":\"datetime\",\"args\":[{\"useTz\":false,\"precision\":6}],\"defaultTo\":null,\"notNullable\":false,\"unsigned\":false},{\"name\":\"updated_at\",\"type\":\"datetime\",\"args\":[{\"useTz\":false,\"precision\":6}],\"defaultTo\":null,\"notNullable\":false,\"unsigned\":false},{\"name\":\"created_by_id\",\"type\":\"integer\",\"args\":[],\"defaultTo\":null,\"notNullable\":false,\"unsigned\":true},{\"name\":\"updated_by_id\",\"type\":\"integer\",\"args\":[],\"defaultTo\":null,\"notNullable\":false,\"unsigned\":true}]},{\"name\":\"strapi_api_token_permissions\",\"indexes\":[{\"name\":\"strapi_api_token_permissions_created_by_id_fk\",\"columns\":[\"created_by_id\"]},{\"name\":\"strapi_api_token_permissions_updated_by_id_fk\",\"columns\":[\"updated_by_id\"]}],\"foreignKeys\":[{\"name\":\"strapi_api_token_permissions_created_by_id_fk\",\"columns\":[\"created_by_id\"],\"referencedTable\":\"admin_users\",\"referencedColumns\":[\"id\"],\"onDelete\":\"SET NULL\"},{\"name\":\"strapi_api_token_permissions_updated_by_id_fk\",\"columns\":[\"updated_by_id\"],\"referencedTable\":\"admin_users\",\"referencedColumns\":[\"id\"],\"onDelete\":\"SET NULL\"}],\"columns\":[{\"name\":\"id\",\"type\":\"increments\",\"args\":[{\"primary\":true,\"primaryKey\":true}],\"defaultTo\":null,\"notNullable\":true,\"unsigned\":false},{\"name\":\"action\",\"type\":\"string\",\"args\":[],\"defaultTo\":null,\"notNullable\":false,\"unsigned\":false},{\"name\":\"created_at\",\"type\":\"datetime\",\"args\":[{\"useTz\":false,\"precision\":6}],\"defaultTo\":null,\"notNullable\":false,\"unsigned\":false},{\"name\":\"updated_at\",\"type\":\"datetime\",\"args\":[{\"useTz\":false,\"precision\":6}],\"defaultTo\":null,\"notNullable\":false,\"unsigned\":false},{\"name\":\"created_by_id\",\"type\":\"integer\",\"args\":[],\"defaultTo\":null,\"notNullable\":false,\"unsigned\":true},{\"name\":\"updated_by_id\",\"type\":\"integer\",\"args\":[],\"defaultTo\":null,\"notNullable\":false,\"unsigned\":true},{\"name\":\"sitemap_exclude\",\"type\":\"boolean\",\"args\":[],\"defaultTo\":null,\"notNullable\":false,\"unsigned\":false}]},{\"name\":\"files\",\"indexes\":[{\"name\":\"upload_files_folder_path_index\",\"columns\":[\"folder_path\"],\"type\":null},{\"name\":\"files_created_by_id_fk\",\"columns\":[\"created_by_id\"]},{\"name\":\"files_updated_by_id_fk\",\"columns\":[\"updated_by_id\"]}],\"foreignKeys\":[{\"name\":\"files_created_by_id_fk\",\"columns\":[\"created_by_id\"],\"referencedTable\":\"admin_users\",\"referencedColumns\":[\"id\"],\"onDelete\":\"SET NULL\"},{\"name\":\"files_updated_by_id_fk\",\"columns\":[\"updated_by_id\"],\"referencedTable\":\"admin_users\",\"referencedColumns\":[\"id\"],\"onDelete\":\"SET NULL\"}],\"columns\":[{\"name\":\"id\",\"type\":\"increments\",\"args\":[{\"primary\":true,\"primaryKey\":true}],\"defaultTo\":null,\"notNullable\":true,\"unsigned\":false},{\"name\":\"name\",\"type\":\"string\",\"args\":[],\"defaultTo\":null,\"notNullable\":false,\"unsigned\":false},{\"name\":\"alternative_text\",\"type\":\"string\",\"args\":[],\"defaultTo\":null,\"notNullable\":false,\"unsigned\":false},{\"name\":\"caption\",\"type\":\"string\",\"args\":[],\"defaultTo\":null,\"notNullable\":false,\"unsigned\":false},{\"name\":\"width\",\"type\":\"integer\",\"args\":[],\"defaultTo\":null,\"notNullable\":false,\"unsigned\":false},{\"name\":\"height\",\"type\":\"integer\",\"args\":[],\"defaultTo\":null,\"notNullable\":false,\"unsigned\":false},{\"name\":\"formats\",\"type\":\"jsonb\",\"args\":[],\"defaultTo\":null,\"notNullable\":false,\"unsigned\":false},{\"name\":\"hash\",\"type\":\"string\",\"args\":[],\"defaultTo\":null,\"notNullable\":false,\"unsigned\":false},{\"name\":\"ext\",\"type\":\"string\",\"args\":[],\"defaultTo\":null,\"notNullable\":false,\"unsigned\":false},{\"name\":\"mime\",\"type\":\"string\",\"args\":[],\"defaultTo\":null,\"notNullable\":false,\"unsigned\":false},{\"name\":\"size\",\"type\":\"decimal\",\"args\":[10,2],\"defaultTo\":null,\"notNullable\":false,\"unsigned\":false},{\"name\":\"url\",\"type\":\"string\",\"args\":[],\"defaultTo\":null,\"notNullable\":false,\"unsigned\":false},{\"name\":\"preview_url\",\"type\":\"string\",\"args\":[],\"defaultTo\":null,\"notNullable\":false,\"unsigned\":false},{\"name\":\"provider\",\"type\":\"string\",\"args\":[],\"defaultTo\":null,\"notNullable\":false,\"unsigned\":false},{\"name\":\"provider_metadata\",\"type\":\"jsonb\",\"args\":[],\"defaultTo\":null,\"notNullable\":false,\"unsigned\":false},{\"name\":\"folder_path\",\"type\":\"string\",\"args\":[],\"defaultTo\":null,\"notNullable\":false,\"unsigned\":false},{\"name\":\"created_at\",\"type\":\"datetime\",\"args\":[{\"useTz\":false,\"precision\":6}],\"defaultTo\":null,\"notNullable\":false,\"unsigned\":false},{\"name\":\"updated_at\",\"type\":\"datetime\",\"args\":[{\"useTz\":false,\"precision\":6}],\"defaultTo\":null,\"notNullable\":false,\"unsigned\":false},{\"name\":\"created_by_id\",\"type\":\"integer\",\"args\":[],\"defaultTo\":null,\"notNullable\":false,\"unsigned\":true},{\"name\":\"updated_by_id\",\"type\":\"integer\",\"args\":[],\"defaultTo\":null,\"notNullable\":false,\"unsigned\":true},{\"name\":\"sitemap_exclude\",\"type\":\"boolean\",\"args\":[],\"defaultTo\":null,\"notNullable\":false,\"unsigned\":false}]},{\"name\":\"upload_folders\",\"indexes\":[{\"name\":\"upload_folders_path_id_index\",\"columns\":[\"path_id\"],\"type\":\"unique\"},{\"name\":\"upload_folders_path_index\",\"columns\":[\"path\"],\"type\":\"unique\"},{\"name\":\"upload_folders_created_by_id_fk\",\"columns\":[\"created_by_id\"]},{\"name\":\"upload_folders_updated_by_id_fk\",\"columns\":[\"updated_by_id\"]}],\"foreignKeys\":[{\"name\":\"upload_folders_created_by_id_fk\",\"columns\":[\"created_by_id\"],\"referencedTable\":\"admin_users\",\"referencedColumns\":[\"id\"],\"onDelete\":\"SET NULL\"},{\"name\":\"upload_folders_updated_by_id_fk\",\"columns\":[\"updated_by_id\"],\"referencedTable\":\"admin_users\",\"referencedColumns\":[\"id\"],\"onDelete\":\"SET NULL\"}],\"columns\":[{\"name\":\"id\",\"type\":\"increments\",\"args\":[{\"primary\":true,\"primaryKey\":true}],\"defaultTo\":null,\"notNullable\":true,\"unsigned\":false},{\"name\":\"name\",\"type\":\"string\",\"args\":[],\"defaultTo\":null,\"notNullable\":false,\"unsigned\":false},{\"name\":\"path_id\",\"type\":\"integer\",\"args\":[],\"defaultTo\":null,\"notNullable\":false,\"unsigned\":false},{\"name\":\"path\",\"type\":\"string\",\"args\":[],\"defaultTo\":null,\"notNullable\":false,\"unsigned\":false},{\"name\":\"created_at\",\"type\":\"datetime\",\"args\":[{\"useTz\":false,\"precision\":6}],\"defaultTo\":null,\"notNullable\":false,\"unsigned\":false},{\"name\":\"updated_at\",\"type\":\"datetime\",\"args\":[{\"useTz\":false,\"precision\":6}],\"defaultTo\":null,\"notNullable\":false,\"unsigned\":false},{\"name\":\"created_by_id\",\"type\":\"integer\",\"args\":[],\"defaultTo\":null,\"notNullable\":false,\"unsigned\":true},{\"name\":\"updated_by_id\",\"type\":\"integer\",\"args\":[],\"defaultTo\":null,\"notNullable\":false,\"unsigned\":true},{\"name\":\"sitemap_exclude\",\"type\":\"boolean\",\"args\":[],\"defaultTo\":null,\"notNullable\":false,\"unsigned\":false}]},{\"name\":\"scheduler_scheduler\",\"indexes\":[{\"name\":\"scheduler_scheduler_created_by_id_fk\",\"columns\":[\"created_by_id\"]},{\"name\":\"scheduler_scheduler_updated_by_id_fk\",\"columns\":[\"updated_by_id\"]}],\"foreignKeys\":[{\"name\":\"scheduler_scheduler_created_by_id_fk\",\"columns\":[\"created_by_id\"],\"referencedTable\":\"admin_users\",\"referencedColumns\":[\"id\"],\"onDelete\":\"SET NULL\"},{\"name\":\"scheduler_scheduler_updated_by_id_fk\",\"columns\":[\"updated_by_id\"],\"referencedTable\":\"admin_users\",\"referencedColumns\":[\"id\"],\"onDelete\":\"SET NULL\"}],\"columns\":[{\"name\":\"id\",\"type\":\"increments\",\"args\":[{\"primary\":true,\"primaryKey\":true}],\"defaultTo\":null,\"notNullable\":true,\"unsigned\":false},{\"name\":\"scheduled_datetime\",\"type\":\"datetime\",\"args\":[{\"useTz\":false,\"precision\":6}],\"defaultTo\":null,\"notNullable\":false,\"unsigned\":false},{\"name\":\"uid\",\"type\":\"string\",\"args\":[],\"defaultTo\":null,\"notNullable\":false,\"unsigned\":false},{\"name\":\"content_id\",\"type\":\"bigInteger\",\"args\":[],\"defaultTo\":null,\"notNullable\":false,\"unsigned\":false},{\"name\":\"schedule_type\",\"type\":\"string\",\"args\":[],\"defaultTo\":null,\"notNullable\":false,\"unsigned\":false},{\"name\":\"created_at\",\"type\":\"datetime\",\"args\":[{\"useTz\":false,\"precision\":6}],\"defaultTo\":null,\"notNullable\":false,\"unsigned\":false},{\"name\":\"updated_at\",\"type\":\"datetime\",\"args\":[{\"useTz\":false,\"precision\":6}],\"defaultTo\":null,\"notNullable\":false,\"unsigned\":false},{\"name\":\"created_by_id\",\"type\":\"integer\",\"args\":[],\"defaultTo\":null,\"notNullable\":false,\"unsigned\":true},{\"name\":\"updated_by_id\",\"type\":\"integer\",\"args\":[],\"defaultTo\":null,\"notNullable\":false,\"unsigned\":true},{\"name\":\"sitemap_exclude\",\"type\":\"boolean\",\"args\":[],\"defaultTo\":null,\"notNullable\":false,\"unsigned\":false}]},{\"name\":\"i18n_locale\",\"indexes\":[{\"name\":\"i18n_locale_created_by_id_fk\",\"columns\":[\"created_by_id\"]},{\"name\":\"i18n_locale_updated_by_id_fk\",\"columns\":[\"updated_by_id\"]}],\"foreignKeys\":[{\"name\":\"i18n_locale_created_by_id_fk\",\"columns\":[\"created_by_id\"],\"referencedTable\":\"admin_users\",\"referencedColumns\":[\"id\"],\"onDelete\":\"SET NULL\"},{\"name\":\"i18n_locale_updated_by_id_fk\",\"columns\":[\"updated_by_id\"],\"referencedTable\":\"admin_users\",\"referencedColumns\":[\"id\"],\"onDelete\":\"SET NULL\"}],\"columns\":[{\"name\":\"id\",\"type\":\"increments\",\"args\":[{\"primary\":true,\"primaryKey\":true}],\"defaultTo\":null,\"notNullable\":true,\"unsigned\":false},{\"name\":\"name\",\"type\":\"string\",\"args\":[],\"defaultTo\":null,\"notNullable\":false,\"unsigned\":false},{\"name\":\"code\",\"type\":\"string\",\"args\":[],\"defaultTo\":null,\"notNullable\":false,\"unsigned\":false},{\"name\":\"created_at\",\"type\":\"datetime\",\"args\":[{\"useTz\":false,\"precision\":6}],\"defaultTo\":null,\"notNullable\":false,\"unsigned\":false},{\"name\":\"updated_at\",\"type\":\"datetime\",\"args\":[{\"useTz\":false,\"precision\":6}],\"defaultTo\":null,\"notNullable\":false,\"unsigned\":false},{\"name\":\"created_by_id\",\"type\":\"integer\",\"args\":[],\"defaultTo\":null,\"notNullable\":false,\"unsigned\":true},{\"name\":\"updated_by_id\",\"type\":\"integer\",\"args\":[],\"defaultTo\":null,\"notNullable\":false,\"unsigned\":true}]},{\"name\":\"up_permissions\",\"indexes\":[{\"name\":\"up_permissions_created_by_id_fk\",\"columns\":[\"created_by_id\"]},{\"name\":\"up_permissions_updated_by_id_fk\",\"columns\":[\"updated_by_id\"]}],\"foreignKeys\":[{\"name\":\"up_permissions_created_by_id_fk\",\"columns\":[\"created_by_id\"],\"referencedTable\":\"admin_users\",\"referencedColumns\":[\"id\"],\"onDelete\":\"SET NULL\"},{\"name\":\"up_permissions_updated_by_id_fk\",\"columns\":[\"updated_by_id\"],\"referencedTable\":\"admin_users\",\"referencedColumns\":[\"id\"],\"onDelete\":\"SET NULL\"}],\"columns\":[{\"name\":\"id\",\"type\":\"increments\",\"args\":[{\"primary\":true,\"primaryKey\":true}],\"defaultTo\":null,\"notNullable\":true,\"unsigned\":false},{\"name\":\"action\",\"type\":\"string\",\"args\":[],\"defaultTo\":null,\"notNullable\":false,\"unsigned\":false},{\"name\":\"created_at\",\"type\":\"datetime\",\"args\":[{\"useTz\":false,\"precision\":6}],\"defaultTo\":null,\"notNullable\":false,\"unsigned\":false},{\"name\":\"updated_at\",\"type\":\"datetime\",\"args\":[{\"useTz\":false,\"precision\":6}],\"defaultTo\":null,\"notNullable\":false,\"unsigned\":false},{\"name\":\"created_by_id\",\"type\":\"integer\",\"args\":[],\"defaultTo\":null,\"notNullable\":false,\"unsigned\":true},{\"name\":\"updated_by_id\",\"type\":\"integer\",\"args\":[],\"defaultTo\":null,\"notNullable\":false,\"unsigned\":true}]},{\"name\":\"up_roles\",\"indexes\":[{\"name\":\"up_roles_created_by_id_fk\",\"columns\":[\"created_by_id\"]},{\"name\":\"up_roles_updated_by_id_fk\",\"columns\":[\"updated_by_id\"]}],\"foreignKeys\":[{\"name\":\"up_roles_created_by_id_fk\",\"columns\":[\"created_by_id\"],\"referencedTable\":\"admin_users\",\"referencedColumns\":[\"id\"],\"onDelete\":\"SET NULL\"},{\"name\":\"up_roles_updated_by_id_fk\",\"columns\":[\"updated_by_id\"],\"referencedTable\":\"admin_users\",\"referencedColumns\":[\"id\"],\"onDelete\":\"SET NULL\"}],\"columns\":[{\"name\":\"id\",\"type\":\"increments\",\"args\":[{\"primary\":true,\"primaryKey\":true}],\"defaultTo\":null,\"notNullable\":true,\"unsigned\":false},{\"name\":\"name\",\"type\":\"string\",\"args\":[],\"defaultTo\":null,\"notNullable\":false,\"unsigned\":false},{\"name\":\"description\",\"type\":\"string\",\"args\":[],\"defaultTo\":null,\"notNullable\":false,\"unsigned\":false},{\"name\":\"type\",\"type\":\"string\",\"args\":[],\"defaultTo\":null,\"notNullable\":false,\"unsigned\":false},{\"name\":\"created_at\",\"type\":\"datetime\",\"args\":[{\"useTz\":false,\"precision\":6}],\"defaultTo\":null,\"notNullable\":false,\"unsigned\":false},{\"name\":\"updated_at\",\"type\":\"datetime\",\"args\":[{\"useTz\":false,\"precision\":6}],\"defaultTo\":null,\"notNullable\":false,\"unsigned\":false},{\"name\":\"created_by_id\",\"type\":\"integer\",\"args\":[],\"defaultTo\":null,\"notNullable\":false,\"unsigned\":true},{\"name\":\"updated_by_id\",\"type\":\"integer\",\"args\":[],\"defaultTo\":null,\"notNullable\":false,\"unsigned\":true}]},{\"name\":\"up_users\",\"indexes\":[{\"name\":\"up_users_created_by_id_fk\",\"columns\":[\"created_by_id\"]},{\"name\":\"up_users_updated_by_id_fk\",\"columns\":[\"updated_by_id\"]}],\"foreignKeys\":[{\"name\":\"up_users_created_by_id_fk\",\"columns\":[\"created_by_id\"],\"referencedTable\":\"admin_users\",\"referencedColumns\":[\"id\"],\"onDelete\":\"SET NULL\"},{\"name\":\"up_users_updated_by_id_fk\",\"columns\":[\"updated_by_id\"],\"referencedTable\":\"admin_users\",\"referencedColumns\":[\"id\"],\"onDelete\":\"SET NULL\"}],\"columns\":[{\"name\":\"id\",\"type\":\"increments\",\"args\":[{\"primary\":true,\"primaryKey\":true}],\"defaultTo\":null,\"notNullable\":true,\"unsigned\":false},{\"name\":\"username\",\"type\":\"string\",\"args\":[],\"defaultTo\":null,\"notNullable\":false,\"unsigned\":false},{\"name\":\"email\",\"type\":\"string\",\"args\":[],\"defaultTo\":null,\"notNullable\":false,\"unsigned\":false},{\"name\":\"provider\",\"type\":\"string\",\"args\":[],\"defaultTo\":null,\"notNullable\":false,\"unsigned\":false},{\"name\":\"password\",\"type\":\"string\",\"args\":[],\"defaultTo\":null,\"notNullable\":false,\"unsigned\":false},{\"name\":\"reset_password_token\",\"type\":\"string\",\"args\":[],\"defaultTo\":null,\"notNullable\":false,\"unsigned\":false},{\"name\":\"confirmation_token\",\"type\":\"string\",\"args\":[],\"defaultTo\":null,\"notNullable\":false,\"unsigned\":false},{\"name\":\"confirmed\",\"type\":\"boolean\",\"args\":[],\"defaultTo\":null,\"notNullable\":false,\"unsigned\":false},{\"name\":\"blocked\",\"type\":\"boolean\",\"args\":[],\"defaultTo\":null,\"notNullable\":false,\"unsigned\":false},{\"name\":\"job\",\"type\":\"string\",\"args\":[],\"defaultTo\":null,\"notNullable\":false,\"unsigned\":false},{\"name\":\"created_at\",\"type\":\"datetime\",\"args\":[{\"useTz\":false,\"precision\":6}],\"defaultTo\":null,\"notNullable\":false,\"unsigned\":false},{\"name\":\"updated_at\",\"type\":\"datetime\",\"args\":[{\"useTz\":false,\"precision\":6}],\"defaultTo\":null,\"notNullable\":false,\"unsigned\":false},{\"name\":\"created_by_id\",\"type\":\"integer\",\"args\":[],\"defaultTo\":null,\"notNullable\":false,\"unsigned\":true},{\"name\":\"updated_by_id\",\"type\":\"integer\",\"args\":[],\"defaultTo\":null,\"notNullable\":false,\"unsigned\":true},{\"name\":\"sitemap_exclude\",\"type\":\"boolean\",\"args\":[],\"defaultTo\":null,\"notNullable\":false,\"unsigned\":false}]},{\"name\":\"todo_task\",\"indexes\":[{\"name\":\"todo_task_created_by_id_fk\",\"columns\":[\"created_by_id\"]},{\"name\":\"todo_task_updated_by_id_fk\",\"columns\":[\"updated_by_id\"]}],\"foreignKeys\":[{\"name\":\"todo_task_created_by_id_fk\",\"columns\":[\"created_by_id\"],\"referencedTable\":\"admin_users\",\"referencedColumns\":[\"id\"],\"onDelete\":\"SET NULL\"},{\"name\":\"todo_task_updated_by_id_fk\",\"columns\":[\"updated_by_id\"],\"referencedTable\":\"admin_users\",\"referencedColumns\":[\"id\"],\"onDelete\":\"SET NULL\"}],\"columns\":[{\"name\":\"id\",\"type\":\"increments\",\"args\":[{\"primary\":true,\"primaryKey\":true}],\"defaultTo\":null,\"notNullable\":true,\"unsigned\":false},{\"name\":\"name\",\"type\":\"string\",\"args\":[],\"defaultTo\":null,\"notNullable\":false,\"unsigned\":false},{\"name\":\"is_done\",\"type\":\"boolean\",\"args\":[],\"defaultTo\":null,\"notNullable\":false,\"unsigned\":false},{\"name\":\"target_id\",\"type\":\"integer\",\"args\":[],\"defaultTo\":null,\"notNullable\":false,\"unsigned\":true},{\"name\":\"target_type\",\"type\":\"string\",\"args\":[],\"defaultTo\":null,\"notNullable\":false,\"unsigned\":false},{\"name\":\"created_at\",\"type\":\"datetime\",\"args\":[{\"useTz\":false,\"precision\":6}],\"defaultTo\":null,\"notNullable\":false,\"unsigned\":false},{\"name\":\"updated_at\",\"type\":\"datetime\",\"args\":[{\"useTz\":false,\"precision\":6}],\"defaultTo\":null,\"notNullable\":false,\"unsigned\":false},{\"name\":\"created_by_id\",\"type\":\"integer\",\"args\":[],\"defaultTo\":null,\"notNullable\":false,\"unsigned\":true},{\"name\":\"updated_by_id\",\"type\":\"integer\",\"args\":[],\"defaultTo\":null,\"notNullable\":false,\"unsigned\":true},{\"name\":\"sitemap_exclude\",\"type\":\"boolean\",\"args\":[],\"defaultTo\":null,\"notNullable\":false,\"unsigned\":false}]},{\"name\":\"articles\",\"indexes\":[{\"type\":\"unique\",\"name\":\"articles_slug_unique\",\"columns\":[\"slug\"]},{\"name\":\"articles_created_by_id_fk\",\"columns\":[\"created_by_id\"]},{\"name\":\"articles_updated_by_id_fk\",\"columns\":[\"updated_by_id\"]}],\"foreignKeys\":[{\"name\":\"articles_created_by_id_fk\",\"columns\":[\"created_by_id\"],\"referencedTable\":\"admin_users\",\"referencedColumns\":[\"id\"],\"onDelete\":\"SET NULL\"},{\"name\":\"articles_updated_by_id_fk\",\"columns\":[\"updated_by_id\"],\"referencedTable\":\"admin_users\",\"referencedColumns\":[\"id\"],\"onDelete\":\"SET NULL\"}],\"columns\":[{\"name\":\"id\",\"type\":\"increments\",\"args\":[{\"primary\":true,\"primaryKey\":true}],\"defaultTo\":null,\"notNullable\":true,\"unsigned\":false},{\"name\":\"title\",\"type\":\"string\",\"args\":[],\"defaultTo\":null,\"notNullable\":false,\"unsigned\":false},{\"name\":\"slug\",\"type\":\"string\",\"args\":[],\"defaultTo\":null,\"notNullable\":false,\"unsigned\":false,\"unique\":true},{\"name\":\"publication_state\",\"type\":\"string\",\"args\":[],\"defaultTo\":null,\"notNullable\":false,\"unsigned\":false},{\"name\":\"publication_stages\",\"type\":\"jsonb\",\"args\":[],\"defaultTo\":null,\"notNullable\":false,\"unsigned\":false},{\"name\":\"ckeditor_content\",\"type\":\"text\",\"args\":[\"longtext\"],\"defaultTo\":null,\"notNullable\":false,\"unsigned\":false},{\"name\":\"created_at\",\"type\":\"datetime\",\"args\":[{\"useTz\":false,\"precision\":6}],\"defaultTo\":null,\"notNullable\":false,\"unsigned\":false},{\"name\":\"updated_at\",\"type\":\"datetime\",\"args\":[{\"useTz\":false,\"precision\":6}],\"defaultTo\":null,\"notNullable\":false,\"unsigned\":false},{\"name\":\"published_at\",\"type\":\"datetime\",\"args\":[{\"useTz\":false,\"precision\":6}],\"defaultTo\":null,\"notNullable\":false,\"unsigned\":false},{\"name\":\"created_by_id\",\"type\":\"integer\",\"args\":[],\"defaultTo\":null,\"notNullable\":false,\"unsigned\":true},{\"name\":\"updated_by_id\",\"type\":\"integer\",\"args\":[],\"defaultTo\":null,\"notNullable\":false,\"unsigned\":true},{\"name\":\"locale\",\"type\":\"string\",\"args\":[],\"defaultTo\":null,\"notNullable\":false,\"unsigned\":false},{\"name\":\"sitemap_exclude\",\"type\":\"boolean\",\"args\":[],\"defaultTo\":null,\"notNullable\":false,\"unsigned\":false}]},{\"name\":\"blog_pages\",\"indexes\":[{\"name\":\"blog_pages_created_by_id_fk\",\"columns\":[\"created_by_id\"]},{\"name\":\"blog_pages_updated_by_id_fk\",\"columns\":[\"updated_by_id\"]}],\"foreignKeys\":[{\"name\":\"blog_pages_created_by_id_fk\",\"columns\":[\"created_by_id\"],\"referencedTable\":\"admin_users\",\"referencedColumns\":[\"id\"],\"onDelete\":\"SET NULL\"},{\"name\":\"blog_pages_updated_by_id_fk\",\"columns\":[\"updated_by_id\"],\"referencedTable\":\"admin_users\",\"referencedColumns\":[\"id\"],\"onDelete\":\"SET NULL\"}],\"columns\":[{\"name\":\"id\",\"type\":\"increments\",\"args\":[{\"primary\":true,\"primaryKey\":true}],\"defaultTo\":null,\"notNullable\":true,\"unsigned\":false},{\"name\":\"slug\",\"type\":\"string\",\"args\":[],\"defaultTo\":null,\"notNullable\":false,\"unsigned\":false},{\"name\":\"category_text\",\"type\":\"string\",\"args\":[],\"defaultTo\":null,\"notNullable\":false,\"unsigned\":false},{\"name\":\"articles_per_page\",\"type\":\"integer\",\"args\":[],\"defaultTo\":null,\"notNullable\":false,\"unsigned\":false},{\"name\":\"created_at\",\"type\":\"datetime\",\"args\":[{\"useTz\":false,\"precision\":6}],\"defaultTo\":null,\"notNullable\":false,\"unsigned\":false},{\"name\":\"updated_at\",\"type\":\"datetime\",\"args\":[{\"useTz\":false,\"precision\":6}],\"defaultTo\":null,\"notNullable\":false,\"unsigned\":false},{\"name\":\"published_at\",\"type\":\"datetime\",\"args\":[{\"useTz\":false,\"precision\":6}],\"defaultTo\":null,\"notNullable\":false,\"unsigned\":false},{\"name\":\"created_by_id\",\"type\":\"integer\",\"args\":[],\"defaultTo\":null,\"notNullable\":false,\"unsigned\":true},{\"name\":\"updated_by_id\",\"type\":\"integer\",\"args\":[],\"defaultTo\":null,\"notNullable\":false,\"unsigned\":true},{\"name\":\"locale\",\"type\":\"string\",\"args\":[],\"defaultTo\":null,\"notNullable\":false,\"unsigned\":false},{\"name\":\"sitemap_exclude\",\"type\":\"boolean\",\"args\":[],\"defaultTo\":null,\"notNullable\":false,\"unsigned\":false}]},{\"name\":\"categories\",\"indexes\":[{\"type\":\"unique\",\"name\":\"categories_slug_unique\",\"columns\":[\"slug\"]},{\"name\":\"categories_created_by_id_fk\",\"columns\":[\"created_by_id\"]},{\"name\":\"categories_updated_by_id_fk\",\"columns\":[\"updated_by_id\"]}],\"foreignKeys\":[{\"name\":\"categories_created_by_id_fk\",\"columns\":[\"created_by_id\"],\"referencedTable\":\"admin_users\",\"referencedColumns\":[\"id\"],\"onDelete\":\"SET NULL\"},{\"name\":\"categories_updated_by_id_fk\",\"columns\":[\"updated_by_id\"],\"referencedTable\":\"admin_users\",\"referencedColumns\":[\"id\"],\"onDelete\":\"SET NULL\"}],\"columns\":[{\"name\":\"id\",\"type\":\"increments\",\"args\":[{\"primary\":true,\"primaryKey\":true}],\"defaultTo\":null,\"notNullable\":true,\"unsigned\":false},{\"name\":\"name\",\"type\":\"string\",\"args\":[],\"defaultTo\":null,\"notNullable\":false,\"unsigned\":false},{\"name\":\"slug\",\"type\":\"string\",\"args\":[],\"defaultTo\":null,\"notNullable\":false,\"unsigned\":false,\"unique\":true},{\"name\":\"created_at\",\"type\":\"datetime\",\"args\":[{\"useTz\":false,\"precision\":6}],\"defaultTo\":null,\"notNullable\":false,\"unsigned\":false},{\"name\":\"updated_at\",\"type\":\"datetime\",\"args\":[{\"useTz\":false,\"precision\":6}],\"defaultTo\":null,\"notNullable\":false,\"unsigned\":false},{\"name\":\"created_by_id\",\"type\":\"integer\",\"args\":[],\"defaultTo\":null,\"notNullable\":false,\"unsigned\":true},{\"name\":\"updated_by_id\",\"type\":\"integer\",\"args\":[],\"defaultTo\":null,\"notNullable\":false,\"unsigned\":true},{\"name\":\"sitemap_exclude\",\"type\":\"boolean\",\"args\":[],\"defaultTo\":null,\"notNullable\":false,\"unsigned\":false}]},{\"name\":\"cookies\",\"indexes\":[{\"name\":\"cookies_created_by_id_fk\",\"columns\":[\"created_by_id\"]},{\"name\":\"cookies_updated_by_id_fk\",\"columns\":[\"updated_by_id\"]}],\"foreignKeys\":[{\"name\":\"cookies_created_by_id_fk\",\"columns\":[\"created_by_id\"],\"referencedTable\":\"admin_users\",\"referencedColumns\":[\"id\"],\"onDelete\":\"SET NULL\"},{\"name\":\"cookies_updated_by_id_fk\",\"columns\":[\"updated_by_id\"],\"referencedTable\":\"admin_users\",\"referencedColumns\":[\"id\"],\"onDelete\":\"SET NULL\"}],\"columns\":[{\"name\":\"id\",\"type\":\"increments\",\"args\":[{\"primary\":true,\"primaryKey\":true}],\"defaultTo\":null,\"notNullable\":true,\"unsigned\":false},{\"name\":\"name\",\"type\":\"string\",\"args\":[],\"defaultTo\":null,\"notNullable\":false,\"unsigned\":false},{\"name\":\"description\",\"type\":\"text\",\"args\":[\"longtext\"],\"defaultTo\":null,\"notNullable\":false,\"unsigned\":false},{\"name\":\"host\",\"type\":\"string\",\"args\":[],\"defaultTo\":null,\"notNullable\":false,\"unsigned\":false},{\"name\":\"party\",\"type\":\"string\",\"args\":[],\"defaultTo\":null,\"notNullable\":false,\"unsigned\":false},{\"name\":\"is_visible\",\"type\":\"boolean\",\"args\":[],\"defaultTo\":null,\"notNullable\":false,\"unsigned\":false},{\"name\":\"duration\",\"type\":\"jsonb\",\"args\":[],\"defaultTo\":null,\"notNullable\":false,\"unsigned\":false},{\"name\":\"created_at\",\"type\":\"datetime\",\"args\":[{\"useTz\":false,\"precision\":6}],\"defaultTo\":null,\"notNullable\":false,\"unsigned\":false},{\"name\":\"updated_at\",\"type\":\"datetime\",\"args\":[{\"useTz\":false,\"precision\":6}],\"defaultTo\":null,\"notNullable\":false,\"unsigned\":false},{\"name\":\"created_by_id\",\"type\":\"integer\",\"args\":[],\"defaultTo\":null,\"notNullable\":false,\"unsigned\":true},{\"name\":\"updated_by_id\",\"type\":\"integer\",\"args\":[],\"defaultTo\":null,\"notNullable\":false,\"unsigned\":true},{\"name\":\"locale\",\"type\":\"string\",\"args\":[],\"defaultTo\":null,\"notNullable\":false,\"unsigned\":false},{\"name\":\"sitemap_exclude\",\"type\":\"boolean\",\"args\":[],\"defaultTo\":null,\"notNullable\":false,\"unsigned\":false}]},{\"name\":\"cookie_categories\",\"indexes\":[{\"name\":\"cookie_categories_created_by_id_fk\",\"columns\":[\"created_by_id\"]},{\"name\":\"cookie_categories_updated_by_id_fk\",\"columns\":[\"updated_by_id\"]}],\"foreignKeys\":[{\"name\":\"cookie_categories_created_by_id_fk\",\"columns\":[\"created_by_id\"],\"referencedTable\":\"admin_users\",\"referencedColumns\":[\"id\"],\"onDelete\":\"SET NULL\"},{\"name\":\"cookie_categories_updated_by_id_fk\",\"columns\":[\"updated_by_id\"],\"referencedTable\":\"admin_users\",\"referencedColumns\":[\"id\"],\"onDelete\":\"SET NULL\"}],\"columns\":[{\"name\":\"id\",\"type\":\"increments\",\"args\":[{\"primary\":true,\"primaryKey\":true}],\"defaultTo\":null,\"notNullable\":true,\"unsigned\":false},{\"name\":\"name\",\"type\":\"string\",\"args\":[],\"defaultTo\":null,\"notNullable\":false,\"unsigned\":false},{\"name\":\"description\",\"type\":\"text\",\"args\":[\"longtext\"],\"defaultTo\":null,\"notNullable\":false,\"unsigned\":false},{\"name\":\"created_at\",\"type\":\"datetime\",\"args\":[{\"useTz\":false,\"precision\":6}],\"defaultTo\":null,\"notNullable\":false,\"unsigned\":false},{\"name\":\"updated_at\",\"type\":\"datetime\",\"args\":[{\"useTz\":false,\"precision\":6}],\"defaultTo\":null,\"notNullable\":false,\"unsigned\":false},{\"name\":\"created_by_id\",\"type\":\"integer\",\"args\":[],\"defaultTo\":null,\"notNullable\":false,\"unsigned\":true},{\"name\":\"updated_by_id\",\"type\":\"integer\",\"args\":[],\"defaultTo\":null,\"notNullable\":false,\"unsigned\":true},{\"name\":\"locale\",\"type\":\"string\",\"args\":[],\"defaultTo\":null,\"notNullable\":false,\"unsigned\":false},{\"name\":\"sitemap_exclude\",\"type\":\"boolean\",\"args\":[],\"defaultTo\":null,\"notNullable\":false,\"unsigned\":false}]},{\"name\":\"globals\",\"indexes\":[{\"name\":\"globals_created_by_id_fk\",\"columns\":[\"created_by_id\"]},{\"name\":\"globals_updated_by_id_fk\",\"columns\":[\"updated_by_id\"]}],\"foreignKeys\":[{\"name\":\"globals_created_by_id_fk\",\"columns\":[\"created_by_id\"],\"referencedTable\":\"admin_users\",\"referencedColumns\":[\"id\"],\"onDelete\":\"SET NULL\"},{\"name\":\"globals_updated_by_id_fk\",\"columns\":[\"updated_by_id\"],\"referencedTable\":\"admin_users\",\"referencedColumns\":[\"id\"],\"onDelete\":\"SET NULL\"}],\"columns\":[{\"name\":\"id\",\"type\":\"increments\",\"args\":[{\"primary\":true,\"primaryKey\":true}],\"defaultTo\":null,\"notNullable\":true,\"unsigned\":false},{\"name\":\"created_at\",\"type\":\"datetime\",\"args\":[{\"useTz\":false,\"precision\":6}],\"defaultTo\":null,\"notNullable\":false,\"unsigned\":false},{\"name\":\"updated_at\",\"type\":\"datetime\",\"args\":[{\"useTz\":false,\"precision\":6}],\"defaultTo\":null,\"notNullable\":false,\"unsigned\":false},{\"name\":\"published_at\",\"type\":\"datetime\",\"args\":[{\"useTz\":false,\"precision\":6}],\"defaultTo\":null,\"notNullable\":false,\"unsigned\":false},{\"name\":\"created_by_id\",\"type\":\"integer\",\"args\":[],\"defaultTo\":null,\"notNullable\":false,\"unsigned\":true},{\"name\":\"updated_by_id\",\"type\":\"integer\",\"args\":[],\"defaultTo\":null,\"notNullable\":false,\"unsigned\":true},{\"name\":\"locale\",\"type\":\"string\",\"args\":[],\"defaultTo\":null,\"notNullable\":false,\"unsigned\":false},{\"name\":\"sitemap_exclude\",\"type\":\"boolean\",\"args\":[],\"defaultTo\":null,\"notNullable\":false,\"unsigned\":false}]},{\"name\":\"pages\",\"indexes\":[{\"name\":\"pages_created_by_id_fk\",\"columns\":[\"created_by_id\"]},{\"name\":\"pages_updated_by_id_fk\",\"columns\":[\"updated_by_id\"]}],\"foreignKeys\":[{\"name\":\"pages_created_by_id_fk\",\"columns\":[\"created_by_id\"],\"referencedTable\":\"admin_users\",\"referencedColumns\":[\"id\"],\"onDelete\":\"SET NULL\"},{\"name\":\"pages_updated_by_id_fk\",\"columns\":[\"updated_by_id\"],\"referencedTable\":\"admin_users\",\"referencedColumns\":[\"id\"],\"onDelete\":\"SET NULL\"}],\"columns\":[{\"name\":\"id\",\"type\":\"increments\",\"args\":[{\"primary\":true,\"primaryKey\":true}],\"defaultTo\":null,\"notNullable\":true,\"unsigned\":false},{\"name\":\"title\",\"type\":\"string\",\"args\":[],\"defaultTo\":null,\"notNullable\":false,\"unsigned\":false},{\"name\":\"slug\",\"type\":\"string\",\"args\":[],\"defaultTo\":null,\"notNullable\":false,\"unsigned\":false},{\"name\":\"created_at\",\"type\":\"datetime\",\"args\":[{\"useTz\":false,\"precision\":6}],\"defaultTo\":null,\"notNullable\":false,\"unsigned\":false},{\"name\":\"updated_at\",\"type\":\"datetime\",\"args\":[{\"useTz\":false,\"precision\":6}],\"defaultTo\":null,\"notNullable\":false,\"unsigned\":false},{\"name\":\"published_at\",\"type\":\"datetime\",\"args\":[{\"useTz\":false,\"precision\":6}],\"defaultTo\":null,\"notNullable\":false,\"unsigned\":false},{\"name\":\"created_by_id\",\"type\":\"integer\",\"args\":[],\"defaultTo\":null,\"notNullable\":false,\"unsigned\":true},{\"name\":\"updated_by_id\",\"type\":\"integer\",\"args\":[],\"defaultTo\":null,\"notNullable\":false,\"unsigned\":true},{\"name\":\"locale\",\"type\":\"string\",\"args\":[],\"defaultTo\":null,\"notNullable\":false,\"unsigned\":false},{\"name\":\"sitemap_exclude\",\"type\":\"boolean\",\"args\":[],\"defaultTo\":null,\"notNullable\":false,\"unsigned\":false}]},{\"name\":\"places\",\"indexes\":[{\"name\":\"places_created_by_id_fk\",\"columns\":[\"created_by_id\"]},{\"name\":\"places_updated_by_id_fk\",\"columns\":[\"updated_by_id\"]}],\"foreignKeys\":[{\"name\":\"places_created_by_id_fk\",\"columns\":[\"created_by_id\"],\"referencedTable\":\"admin_users\",\"referencedColumns\":[\"id\"],\"onDelete\":\"SET NULL\"},{\"name\":\"places_updated_by_id_fk\",\"columns\":[\"updated_by_id\"],\"referencedTable\":\"admin_users\",\"referencedColumns\":[\"id\"],\"onDelete\":\"SET NULL\"}],\"columns\":[{\"name\":\"id\",\"type\":\"increments\",\"args\":[{\"primary\":true,\"primaryKey\":true}],\"defaultTo\":null,\"notNullable\":true,\"unsigned\":false},{\"name\":\"name\",\"type\":\"string\",\"args\":[],\"defaultTo\":null,\"notNullable\":false,\"unsigned\":false},{\"name\":\"created_at\",\"type\":\"datetime\",\"args\":[{\"useTz\":false,\"precision\":6}],\"defaultTo\":null,\"notNullable\":false,\"unsigned\":false},{\"name\":\"updated_at\",\"type\":\"datetime\",\"args\":[{\"useTz\":false,\"precision\":6}],\"defaultTo\":null,\"notNullable\":false,\"unsigned\":false},{\"name\":\"created_by_id\",\"type\":\"integer\",\"args\":[],\"defaultTo\":null,\"notNullable\":false,\"unsigned\":true},{\"name\":\"updated_by_id\",\"type\":\"integer\",\"args\":[],\"defaultTo\":null,\"notNullable\":false,\"unsigned\":true},{\"name\":\"sitemap_exclude\",\"type\":\"boolean\",\"args\":[],\"defaultTo\":null,\"notNullable\":false,\"unsigned\":false}]},{\"name\":\"restaurants\",\"indexes\":[{\"type\":\"unique\",\"name\":\"restaurants_slug_unique\",\"columns\":[\"slug\"]},{\"name\":\"restaurants_created_by_id_fk\",\"columns\":[\"created_by_id\"]},{\"name\":\"restaurants_updated_by_id_fk\",\"columns\":[\"updated_by_id\"]}],\"foreignKeys\":[{\"name\":\"restaurants_created_by_id_fk\",\"columns\":[\"created_by_id\"],\"referencedTable\":\"admin_users\",\"referencedColumns\":[\"id\"],\"onDelete\":\"SET NULL\"},{\"name\":\"restaurants_updated_by_id_fk\",\"columns\":[\"updated_by_id\"],\"referencedTable\":\"admin_users\",\"referencedColumns\":[\"id\"],\"onDelete\":\"SET NULL\"}],\"columns\":[{\"name\":\"id\",\"type\":\"increments\",\"args\":[{\"primary\":true,\"primaryKey\":true}],\"defaultTo\":null,\"notNullable\":true,\"unsigned\":false},{\"name\":\"name\",\"type\":\"string\",\"args\":[],\"defaultTo\":null,\"notNullable\":false,\"unsigned\":false},{\"name\":\"slug\",\"type\":\"string\",\"args\":[],\"defaultTo\":null,\"notNullable\":false,\"unsigned\":false,\"unique\":true},{\"name\":\"price\",\"type\":\"string\",\"args\":[],\"defaultTo\":null,\"notNullable\":false,\"unsigned\":false},{\"name\":\"created_at\",\"type\":\"datetime\",\"args\":[{\"useTz\":false,\"precision\":6}],\"defaultTo\":null,\"notNullable\":false,\"unsigned\":false},{\"name\":\"updated_at\",\"type\":\"datetime\",\"args\":[{\"useTz\":false,\"precision\":6}],\"defaultTo\":null,\"notNullable\":false,\"unsigned\":false},{\"name\":\"published_at\",\"type\":\"datetime\",\"args\":[{\"useTz\":false,\"precision\":6}],\"defaultTo\":null,\"notNullable\":false,\"unsigned\":false},{\"name\":\"created_by_id\",\"type\":\"integer\",\"args\":[],\"defaultTo\":null,\"notNullable\":false,\"unsigned\":true},{\"name\":\"updated_by_id\",\"type\":\"integer\",\"args\":[],\"defaultTo\":null,\"notNullable\":false,\"unsigned\":true},{\"name\":\"locale\",\"type\":\"string\",\"args\":[],\"defaultTo\":null,\"notNullable\":false,\"unsigned\":false},{\"name\":\"sitemap_exclude\",\"type\":\"boolean\",\"args\":[],\"defaultTo\":null,\"notNullable\":false,\"unsigned\":false}]},{\"name\":\"restaurant_pages\",\"indexes\":[{\"name\":\"restaurant_pages_created_by_id_fk\",\"columns\":[\"created_by_id\"]},{\"name\":\"restaurant_pages_updated_by_id_fk\",\"columns\":[\"updated_by_id\"]}],\"foreignKeys\":[{\"name\":\"restaurant_pages_created_by_id_fk\",\"columns\":[\"created_by_id\"],\"referencedTable\":\"admin_users\",\"referencedColumns\":[\"id\"],\"onDelete\":\"SET NULL\"},{\"name\":\"restaurant_pages_updated_by_id_fk\",\"columns\":[\"updated_by_id\"],\"referencedTable\":\"admin_users\",\"referencedColumns\":[\"id\"],\"onDelete\":\"SET NULL\"}],\"columns\":[{\"name\":\"id\",\"type\":\"increments\",\"args\":[{\"primary\":true,\"primaryKey\":true}],\"defaultTo\":null,\"notNullable\":true,\"unsigned\":false},{\"name\":\"slug\",\"type\":\"string\",\"args\":[],\"defaultTo\":null,\"notNullable\":false,\"unsigned\":false},{\"name\":\"category_text\",\"type\":\"string\",\"args\":[],\"defaultTo\":null,\"notNullable\":false,\"unsigned\":false},{\"name\":\"place_text\",\"type\":\"string\",\"args\":[],\"defaultTo\":null,\"notNullable\":false,\"unsigned\":false},{\"name\":\"restaurants_per_page\",\"type\":\"integer\",\"args\":[],\"defaultTo\":null,\"notNullable\":false,\"unsigned\":false},{\"name\":\"created_at\",\"type\":\"datetime\",\"args\":[{\"useTz\":false,\"precision\":6}],\"defaultTo\":null,\"notNullable\":false,\"unsigned\":false},{\"name\":\"updated_at\",\"type\":\"datetime\",\"args\":[{\"useTz\":false,\"precision\":6}],\"defaultTo\":null,\"notNullable\":false,\"unsigned\":false},{\"name\":\"published_at\",\"type\":\"datetime\",\"args\":[{\"useTz\":false,\"precision\":6}],\"defaultTo\":null,\"notNullable\":false,\"unsigned\":false},{\"name\":\"created_by_id\",\"type\":\"integer\",\"args\":[],\"defaultTo\":null,\"notNullable\":false,\"unsigned\":true},{\"name\":\"updated_by_id\",\"type\":\"integer\",\"args\":[],\"defaultTo\":null,\"notNullable\":false,\"unsigned\":true},{\"name\":\"locale\",\"type\":\"string\",\"args\":[],\"defaultTo\":null,\"notNullable\":false,\"unsigned\":false},{\"name\":\"sitemap_exclude\",\"type\":\"boolean\",\"args\":[],\"defaultTo\":null,\"notNullable\":false,\"unsigned\":false}]},{\"name\":\"reviews\",\"indexes\":[{\"name\":\"reviews_created_by_id_fk\",\"columns\":[\"created_by_id\"]},{\"name\":\"reviews_updated_by_id_fk\",\"columns\":[\"updated_by_id\"]}],\"foreignKeys\":[{\"name\":\"reviews_created_by_id_fk\",\"columns\":[\"created_by_id\"],\"referencedTable\":\"admin_users\",\"referencedColumns\":[\"id\"],\"onDelete\":\"SET NULL\"},{\"name\":\"reviews_updated_by_id_fk\",\"columns\":[\"updated_by_id\"],\"referencedTable\":\"admin_users\",\"referencedColumns\":[\"id\"],\"onDelete\":\"SET NULL\"}],\"columns\":[{\"name\":\"id\",\"type\":\"increments\",\"args\":[{\"primary\":true,\"primaryKey\":true}],\"defaultTo\":null,\"notNullable\":true,\"unsigned\":false},{\"name\":\"content\",\"type\":\"text\",\"args\":[\"longtext\"],\"defaultTo\":null,\"notNullable\":false,\"unsigned\":false},{\"name\":\"note\",\"type\":\"integer\",\"args\":[],\"defaultTo\":null,\"notNullable\":false,\"unsigned\":false},{\"name\":\"created_at\",\"type\":\"datetime\",\"args\":[{\"useTz\":false,\"precision\":6}],\"defaultTo\":null,\"notNullable\":false,\"unsigned\":false},{\"name\":\"updated_at\",\"type\":\"datetime\",\"args\":[{\"useTz\":false,\"precision\":6}],\"defaultTo\":null,\"notNullable\":false,\"unsigned\":false},{\"name\":\"created_by_id\",\"type\":\"integer\",\"args\":[],\"defaultTo\":null,\"notNullable\":false,\"unsigned\":true},{\"name\":\"updated_by_id\",\"type\":\"integer\",\"args\":[],\"defaultTo\":null,\"notNullable\":false,\"unsigned\":true},{\"name\":\"locale\",\"type\":\"string\",\"args\":[],\"defaultTo\":null,\"notNullable\":false,\"unsigned\":false},{\"name\":\"sitemap_exclude\",\"type\":\"boolean\",\"args\":[],\"defaultTo\":null,\"notNullable\":false,\"unsigned\":false}]},{\"name\":\"components_blocks_cta_command_lines\",\"indexes\":[],\"foreignKeys\":[],\"columns\":[{\"name\":\"id\",\"type\":\"increments\",\"args\":[{\"primary\":true,\"primaryKey\":true}],\"defaultTo\":null,\"notNullable\":true,\"unsigned\":false},{\"name\":\"theme\",\"type\":\"string\",\"args\":[],\"defaultTo\":null,\"notNullable\":false,\"unsigned\":false},{\"name\":\"title\",\"type\":\"string\",\"args\":[],\"defaultTo\":null,\"notNullable\":false,\"unsigned\":false},{\"name\":\"text\",\"type\":\"string\",\"args\":[],\"defaultTo\":null,\"notNullable\":false,\"unsigned\":false},{\"name\":\"command_line\",\"type\":\"text\",\"args\":[\"longtext\"],\"defaultTo\":null,\"notNullable\":false,\"unsigned\":false}]},{\"name\":\"components_slices_ctas\",\"indexes\":[],\"foreignKeys\":[],\"columns\":[{\"name\":\"id\",\"type\":\"increments\",\"args\":[{\"primary\":true,\"primaryKey\":true}],\"defaultTo\":null,\"notNullable\":true,\"unsigned\":false},{\"name\":\"theme\",\"type\":\"string\",\"args\":[],\"defaultTo\":null,\"notNullable\":false,\"unsigned\":false},{\"name\":\"title\",\"type\":\"string\",\"args\":[],\"defaultTo\":null,\"notNullable\":false,\"unsigned\":false},{\"name\":\"text\",\"type\":\"string\",\"args\":[],\"defaultTo\":null,\"notNullable\":false,\"unsigned\":false}]},{\"name\":\"components_shared_faqs\",\"indexes\":[],\"foreignKeys\":[],\"columns\":[{\"name\":\"id\",\"type\":\"increments\",\"args\":[{\"primary\":true,\"primaryKey\":true}],\"defaultTo\":null,\"notNullable\":true,\"unsigned\":false},{\"name\":\"title\",\"type\":\"string\",\"args\":[],\"defaultTo\":null,\"notNullable\":false,\"unsigned\":false},{\"name\":\"theme\",\"type\":\"string\",\"args\":[],\"defaultTo\":null,\"notNullable\":false,\"unsigned\":false}]},{\"name\":\"components_slices_features_with_images\",\"indexes\":[],\"foreignKeys\":[],\"columns\":[{\"name\":\"id\",\"type\":\"increments\",\"args\":[{\"primary\":true,\"primaryKey\":true}],\"defaultTo\":null,\"notNullable\":true,\"unsigned\":false},{\"name\":\"text\",\"type\":\"text\",\"args\":[\"longtext\"],\"defaultTo\":null,\"notNullable\":false,\"unsigned\":false},{\"name\":\"theme\",\"type\":\"string\",\"args\":[],\"defaultTo\":null,\"notNullable\":false,\"unsigned\":false}]},{\"name\":\"components_slices_features\",\"indexes\":[],\"foreignKeys\":[],\"columns\":[{\"name\":\"id\",\"type\":\"increments\",\"args\":[{\"primary\":true,\"primaryKey\":true}],\"defaultTo\":null,\"notNullable\":true,\"unsigned\":false},{\"name\":\"theme\",\"type\":\"string\",\"args\":[],\"defaultTo\":null,\"notNullable\":false,\"unsigned\":false}]},{\"name\":\"components_slices_heroes\",\"indexes\":[],\"foreignKeys\":[],\"columns\":[{\"name\":\"id\",\"type\":\"increments\",\"args\":[{\"primary\":true,\"primaryKey\":true}],\"defaultTo\":null,\"notNullable\":true,\"unsigned\":false},{\"name\":\"text\",\"type\":\"string\",\"args\":[],\"defaultTo\":null,\"notNullable\":false,\"unsigned\":false}]},{\"name\":\"components_slices_pricings\",\"indexes\":[],\"foreignKeys\":[],\"columns\":[{\"name\":\"id\",\"type\":\"increments\",\"args\":[{\"primary\":true,\"primaryKey\":true}],\"defaultTo\":null,\"notNullable\":true,\"unsigned\":false}]},{\"name\":\"components_article_related_articles\",\"indexes\":[],\"foreignKeys\":[],\"columns\":[{\"name\":\"id\",\"type\":\"increments\",\"args\":[{\"primary\":true,\"primaryKey\":true}],\"defaultTo\":null,\"notNullable\":true,\"unsigned\":false}]},{\"name\":\"components_restaurant_related_restaurants\",\"indexes\":[],\"foreignKeys\":[],\"columns\":[{\"name\":\"id\",\"type\":\"increments\",\"args\":[{\"primary\":true,\"primaryKey\":true}],\"defaultTo\":null,\"notNullable\":true,\"unsigned\":false}]},{\"name\":\"components_slices_teams\",\"indexes\":[],\"foreignKeys\":[],\"columns\":[{\"name\":\"id\",\"type\":\"increments\",\"args\":[{\"primary\":true,\"primaryKey\":true}],\"defaultTo\":null,\"notNullable\":true,\"unsigned\":false}]},{\"name\":\"components_shared_testimonials\",\"indexes\":[],\"foreignKeys\":[],\"columns\":[{\"name\":\"id\",\"type\":\"increments\",\"args\":[{\"primary\":true,\"primaryKey\":true}],\"defaultTo\":null,\"notNullable\":true,\"unsigned\":false},{\"name\":\"theme\",\"type\":\"string\",\"args\":[],\"defaultTo\":null,\"notNullable\":false,\"unsigned\":false},{\"name\":\"text\",\"type\":\"text\",\"args\":[\"longtext\"],\"defaultTo\":null,\"notNullable\":false,\"unsigned\":false}]},{\"name\":\"components_global_footers\",\"indexes\":[],\"foreignKeys\":[],\"columns\":[{\"name\":\"id\",\"type\":\"increments\",\"args\":[{\"primary\":true,\"primaryKey\":true}],\"defaultTo\":null,\"notNullable\":true,\"unsigned\":false},{\"name\":\"label\",\"type\":\"string\",\"args\":[],\"defaultTo\":null,\"notNullable\":false,\"unsigned\":false}]},{\"name\":\"components_global_navigations\",\"indexes\":[],\"foreignKeys\":[],\"columns\":[{\"name\":\"id\",\"type\":\"increments\",\"args\":[{\"primary\":true,\"primaryKey\":true}],\"defaultTo\":null,\"notNullable\":true,\"unsigned\":false}]},{\"name\":\"components_shared_perks\",\"indexes\":[],\"foreignKeys\":[],\"columns\":[{\"name\":\"id\",\"type\":\"increments\",\"args\":[{\"primary\":true,\"primaryKey\":true}],\"defaultTo\":null,\"notNullable\":true,\"unsigned\":false},{\"name\":\"name\",\"type\":\"string\",\"args\":[],\"defaultTo\":null,\"notNullable\":false,\"unsigned\":false},{\"name\":\"included\",\"type\":\"boolean\",\"args\":[],\"defaultTo\":null,\"notNullable\":false,\"unsigned\":false}]},{\"name\":\"components_shared_pricing_cards\",\"indexes\":[],\"foreignKeys\":[],\"columns\":[{\"name\":\"id\",\"type\":\"increments\",\"args\":[{\"primary\":true,\"primaryKey\":true}],\"defaultTo\":null,\"notNullable\":true,\"unsigned\":false},{\"name\":\"title\",\"type\":\"string\",\"args\":[],\"defaultTo\":null,\"notNullable\":false,\"unsigned\":false},{\"name\":\"description\",\"type\":\"string\",\"args\":[],\"defaultTo\":null,\"notNullable\":false,\"unsigned\":false},{\"name\":\"price\",\"type\":\"integer\",\"args\":[],\"defaultTo\":null,\"notNullable\":false,\"unsigned\":false}]},{\"name\":\"components_restaurant_information\",\"indexes\":[],\"foreignKeys\":[],\"columns\":[{\"name\":\"id\",\"type\":\"increments\",\"args\":[{\"primary\":true,\"primaryKey\":true}],\"defaultTo\":null,\"notNullable\":true,\"unsigned\":false},{\"name\":\"description\",\"type\":\"text\",\"args\":[\"longtext\"],\"defaultTo\":null,\"notNullable\":false,\"unsigned\":false}]},{\"name\":\"components_restaurant_more_information\",\"indexes\":[],\"foreignKeys\":[],\"columns\":[{\"name\":\"id\",\"type\":\"increments\",\"args\":[{\"primary\":true,\"primaryKey\":true}],\"defaultTo\":null,\"notNullable\":true,\"unsigned\":false},{\"name\":\"address\",\"type\":\"string\",\"args\":[],\"defaultTo\":null,\"notNullable\":false,\"unsigned\":false},{\"name\":\"website\",\"type\":\"string\",\"args\":[],\"defaultTo\":null,\"notNullable\":false,\"unsigned\":false},{\"name\":\"phone\",\"type\":\"string\",\"args\":[],\"defaultTo\":null,\"notNullable\":false,\"unsigned\":false}]},{\"name\":\"components_opening_hours\",\"indexes\":[],\"foreignKeys\":[],\"columns\":[{\"name\":\"id\",\"type\":\"increments\",\"args\":[{\"primary\":true,\"primaryKey\":true}],\"defaultTo\":null,\"notNullable\":true,\"unsigned\":false},{\"name\":\"day_interval\",\"type\":\"string\",\"args\":[],\"defaultTo\":null,\"notNullable\":false,\"unsigned\":false},{\"name\":\"opening_hour\",\"type\":\"string\",\"args\":[],\"defaultTo\":null,\"notNullable\":false,\"unsigned\":false},{\"name\":\"closing_hour\",\"type\":\"string\",\"args\":[],\"defaultTo\":null,\"notNullable\":false,\"unsigned\":false}]},{\"name\":\"components_restaurant_rich_contents\",\"indexes\":[],\"foreignKeys\":[],\"columns\":[{\"name\":\"id\",\"type\":\"increments\",\"args\":[{\"primary\":true,\"primaryKey\":true}],\"defaultTo\":null,\"notNullable\":true,\"unsigned\":false},{\"name\":\"content\",\"type\":\"text\",\"args\":[\"longtext\"],\"defaultTo\":null,\"notNullable\":false,\"unsigned\":false}]},{\"name\":\"components_shared_buttons\",\"indexes\":[],\"foreignKeys\":[],\"columns\":[{\"name\":\"id\",\"type\":\"increments\",\"args\":[{\"primary\":true,\"primaryKey\":true}],\"defaultTo\":null,\"notNullable\":true,\"unsigned\":false},{\"name\":\"theme\",\"type\":\"string\",\"args\":[],\"defaultTo\":null,\"notNullable\":false,\"unsigned\":false}]},{\"name\":\"components_shared_cards\",\"indexes\":[],\"foreignKeys\":[],\"columns\":[{\"name\":\"id\",\"type\":\"increments\",\"args\":[{\"primary\":true,\"primaryKey\":true}],\"defaultTo\":null,\"notNullable\":true,\"unsigned\":false},{\"name\":\"title\",\"type\":\"string\",\"args\":[],\"defaultTo\":null,\"notNullable\":false,\"unsigned\":false},{\"name\":\"text\",\"type\":\"string\",\"args\":[],\"defaultTo\":null,\"notNullable\":false,\"unsigned\":false}]},{\"name\":\"components_shared_comments\",\"indexes\":[],\"foreignKeys\":[],\"columns\":[{\"name\":\"id\",\"type\":\"increments\",\"args\":[{\"primary\":true,\"primaryKey\":true}],\"defaultTo\":null,\"notNullable\":true,\"unsigned\":false},{\"name\":\"content\",\"type\":\"text\",\"args\":[\"longtext\"],\"defaultTo\":null,\"notNullable\":false,\"unsigned\":false}]},{\"name\":\"components_shared_features_checks\",\"indexes\":[],\"foreignKeys\":[],\"columns\":[{\"name\":\"id\",\"type\":\"increments\",\"args\":[{\"primary\":true,\"primaryKey\":true}],\"defaultTo\":null,\"notNullable\":true,\"unsigned\":false},{\"name\":\"text\",\"type\":\"string\",\"args\":[],\"defaultTo\":null,\"notNullable\":false,\"unsigned\":false}]},{\"name\":\"components_shared_footer_columns\",\"indexes\":[],\"foreignKeys\":[],\"columns\":[{\"name\":\"id\",\"type\":\"increments\",\"args\":[{\"primary\":true,\"primaryKey\":true}],\"defaultTo\":null,\"notNullable\":true,\"unsigned\":false}]},{\"name\":\"components_shared_headers\",\"indexes\":[],\"foreignKeys\":[],\"columns\":[{\"name\":\"id\",\"type\":\"increments\",\"args\":[{\"primary\":true,\"primaryKey\":true}],\"defaultTo\":null,\"notNullable\":true,\"unsigned\":false},{\"name\":\"theme\",\"type\":\"string\",\"args\":[],\"defaultTo\":null,\"notNullable\":false,\"unsigned\":false},{\"name\":\"label\",\"type\":\"string\",\"args\":[],\"defaultTo\":null,\"notNullable\":false,\"unsigned\":false},{\"name\":\"title\",\"type\":\"string\",\"args\":[],\"defaultTo\":null,\"notNullable\":false,\"unsigned\":false}]},{\"name\":\"components_shared_links\",\"indexes\":[],\"foreignKeys\":[],\"columns\":[{\"name\":\"id\",\"type\":\"increments\",\"args\":[{\"primary\":true,\"primaryKey\":true}],\"defaultTo\":null,\"notNullable\":true,\"unsigned\":false},{\"name\":\"href\",\"type\":\"string\",\"args\":[],\"defaultTo\":null,\"notNullable\":false,\"unsigned\":false},{\"name\":\"label\",\"type\":\"string\",\"args\":[],\"defaultTo\":null,\"notNullable\":false,\"unsigned\":false},{\"name\":\"target\",\"type\":\"string\",\"args\":[],\"defaultTo\":null,\"notNullable\":false,\"unsigned\":false},{\"name\":\"is_external\",\"type\":\"boolean\",\"args\":[],\"defaultTo\":null,\"notNullable\":false,\"unsigned\":false}]},{\"name\":\"components_shared_meta_socials\",\"indexes\":[],\"foreignKeys\":[],\"columns\":[{\"name\":\"id\",\"type\":\"increments\",\"args\":[{\"primary\":true,\"primaryKey\":true}],\"defaultTo\":null,\"notNullable\":true,\"unsigned\":false},{\"name\":\"social_network\",\"type\":\"string\",\"args\":[],\"defaultTo\":null,\"notNullable\":false,\"unsigned\":false},{\"name\":\"title\",\"type\":\"string\",\"args\":[],\"defaultTo\":null,\"notNullable\":false,\"unsigned\":false},{\"name\":\"description\",\"type\":\"string\",\"args\":[],\"defaultTo\":null,\"notNullable\":false,\"unsigned\":false}]},{\"name\":\"components_shared_publications\",\"indexes\":[],\"foreignKeys\":[],\"columns\":[{\"name\":\"id\",\"type\":\"increments\",\"args\":[{\"primary\":true,\"primaryKey\":true}],\"defaultTo\":null,\"notNullable\":true,\"unsigned\":false},{\"name\":\"publish_at\",\"type\":\"datetime\",\"args\":[{\"useTz\":false,\"precision\":6}],\"defaultTo\":null,\"notNullable\":false,\"unsigned\":false},{\"name\":\"ready\",\"type\":\"boolean\",\"args\":[],\"defaultTo\":null,\"notNullable\":false,\"unsigned\":false}]},{\"name\":\"components_shared_question_answers\",\"indexes\":[],\"foreignKeys\":[],\"columns\":[{\"name\":\"id\",\"type\":\"increments\",\"args\":[{\"primary\":true,\"primaryKey\":true}],\"defaultTo\":null,\"notNullable\":true,\"unsigned\":false},{\"name\":\"question\",\"type\":\"string\",\"args\":[],\"defaultTo\":null,\"notNullable\":false,\"unsigned\":false},{\"name\":\"answer\",\"type\":\"text\",\"args\":[\"longtext\"],\"defaultTo\":null,\"notNullable\":false,\"unsigned\":false}]},{\"name\":\"components_shared_seos\",\"indexes\":[],\"foreignKeys\":[],\"columns\":[{\"name\":\"id\",\"type\":\"increments\",\"args\":[{\"primary\":true,\"primaryKey\":true}],\"defaultTo\":null,\"notNullable\":true,\"unsigned\":false},{\"name\":\"meta_title\",\"type\":\"string\",\"args\":[],\"defaultTo\":null,\"notNullable\":false,\"unsigned\":false},{\"name\":\"meta_description\",\"type\":\"string\",\"args\":[],\"defaultTo\":null,\"notNullable\":false,\"unsigned\":false},{\"name\":\"keywords\",\"type\":\"text\",\"args\":[\"longtext\"],\"defaultTo\":null,\"notNullable\":false,\"unsigned\":false},{\"name\":\"meta_robots\",\"type\":\"string\",\"args\":[],\"defaultTo\":null,\"notNullable\":false,\"unsigned\":false},{\"name\":\"structured_data\",\"type\":\"jsonb\",\"args\":[],\"defaultTo\":null,\"notNullable\":false,\"unsigned\":false},{\"name\":\"meta_viewport\",\"type\":\"string\",\"args\":[],\"defaultTo\":null,\"notNullable\":false,\"unsigned\":false},{\"name\":\"canonical_url\",\"type\":\"string\",\"args\":[],\"defaultTo\":null,\"notNullable\":false,\"unsigned\":false}]},{\"name\":\"components_shared_social_network\",\"indexes\":[],\"foreignKeys\":[],\"columns\":[{\"name\":\"id\",\"type\":\"increments\",\"args\":[{\"primary\":true,\"primaryKey\":true}],\"defaultTo\":null,\"notNullable\":true,\"unsigned\":false},{\"name\":\"url\",\"type\":\"string\",\"args\":[],\"defaultTo\":null,\"notNullable\":false,\"unsigned\":false}]},{\"name\":\"components_shared_team_cards\",\"indexes\":[],\"foreignKeys\":[],\"columns\":[{\"name\":\"id\",\"type\":\"increments\",\"args\":[{\"primary\":true,\"primaryKey\":true}],\"defaultTo\":null,\"notNullable\":true,\"unsigned\":false},{\"name\":\"fullname\",\"type\":\"string\",\"args\":[],\"defaultTo\":null,\"notNullable\":false,\"unsigned\":false},{\"name\":\"job\",\"type\":\"string\",\"args\":[],\"defaultTo\":null,\"notNullable\":false,\"unsigned\":false},{\"name\":\"description\",\"type\":\"string\",\"args\":[],\"defaultTo\":null,\"notNullable\":false,\"unsigned\":false}]},{\"name\":\"admin_permissions_role_links\",\"indexes\":[{\"name\":\"admin_permissions_role_links_fk\",\"columns\":[\"permission_id\"]},{\"name\":\"admin_permissions_role_links_inv_fk\",\"columns\":[\"role_id\"]},{\"name\":\"admin_permissions_role_links_unique\",\"columns\":[\"permission_id\",\"role_id\"],\"type\":\"unique\"},{\"name\":\"admin_permissions_role_links_order_inv_fk\",\"columns\":[\"permission_order\"]}],\"foreignKeys\":[{\"name\":\"admin_permissions_role_links_fk\",\"columns\":[\"permission_id\"],\"referencedColumns\":[\"id\"],\"referencedTable\":\"admin_permissions\",\"onDelete\":\"CASCADE\"},{\"name\":\"admin_permissions_role_links_inv_fk\",\"columns\":[\"role_id\"],\"referencedColumns\":[\"id\"],\"referencedTable\":\"admin_roles\",\"onDelete\":\"CASCADE\"}],\"columns\":[{\"name\":\"id\",\"type\":\"increments\",\"args\":[{\"primary\":true,\"primaryKey\":true}],\"defaultTo\":null,\"notNullable\":true,\"unsigned\":false},{\"name\":\"permission_id\",\"type\":\"integer\",\"args\":[],\"defaultTo\":null,\"notNullable\":false,\"unsigned\":true},{\"name\":\"role_id\",\"type\":\"integer\",\"args\":[],\"defaultTo\":null,\"notNullable\":false,\"unsigned\":true},{\"name\":\"permission_order\",\"type\":\"integer\",\"args\":[],\"defaultTo\":null,\"notNullable\":false,\"unsigned\":true}]},{\"name\":\"admin_users_roles_links\",\"indexes\":[{\"name\":\"admin_users_roles_links_fk\",\"columns\":[\"user_id\"]},{\"name\":\"admin_users_roles_links_inv_fk\",\"columns\":[\"role_id\"]},{\"name\":\"admin_users_roles_links_unique\",\"columns\":[\"user_id\",\"role_id\"],\"type\":\"unique\"},{\"name\":\"admin_users_roles_links_order_fk\",\"columns\":[\"role_order\"]},{\"name\":\"admin_users_roles_links_order_inv_fk\",\"columns\":[\"user_order\"]}],\"foreignKeys\":[{\"name\":\"admin_users_roles_links_fk\",\"columns\":[\"user_id\"],\"referencedColumns\":[\"id\"],\"referencedTable\":\"admin_users\",\"onDelete\":\"CASCADE\"},{\"name\":\"admin_users_roles_links_inv_fk\",\"columns\":[\"role_id\"],\"referencedColumns\":[\"id\"],\"referencedTable\":\"admin_roles\",\"onDelete\":\"CASCADE\"}],\"columns\":[{\"name\":\"id\",\"type\":\"increments\",\"args\":[{\"primary\":true,\"primaryKey\":true}],\"defaultTo\":null,\"notNullable\":true,\"unsigned\":false},{\"name\":\"user_id\",\"type\":\"integer\",\"args\":[],\"defaultTo\":null,\"notNullable\":false,\"unsigned\":true},{\"name\":\"role_id\",\"type\":\"integer\",\"args\":[],\"defaultTo\":null,\"notNullable\":false,\"unsigned\":true},{\"name\":\"role_order\",\"type\":\"integer\",\"args\":[],\"defaultTo\":null,\"notNullable\":false,\"unsigned\":true},{\"name\":\"user_order\",\"type\":\"integer\",\"args\":[],\"defaultTo\":null,\"notNullable\":false,\"unsigned\":true}]},{\"name\":\"strapi_api_token_permissions_token_links\",\"indexes\":[{\"name\":\"strapi_api_token_permissions_token_links_fk\",\"columns\":[\"api_token_permission_id\"]},{\"name\":\"strapi_api_token_permissions_token_links_inv_fk\",\"columns\":[\"api_token_id\"]},{\"name\":\"strapi_api_token_permissions_token_links_unique\",\"columns\":[\"api_token_permission_id\",\"api_token_id\"],\"type\":\"unique\"},{\"name\":\"strapi_api_token_permissions_token_links_order_inv_fk\",\"columns\":[\"api_token_permission_order\"]}],\"foreignKeys\":[{\"name\":\"strapi_api_token_permissions_token_links_fk\",\"columns\":[\"api_token_permission_id\"],\"referencedColumns\":[\"id\"],\"referencedTable\":\"strapi_api_token_permissions\",\"onDelete\":\"CASCADE\"},{\"name\":\"strapi_api_token_permissions_token_links_inv_fk\",\"columns\":[\"api_token_id\"],\"referencedColumns\":[\"id\"],\"referencedTable\":\"strapi_api_tokens\",\"onDelete\":\"CASCADE\"}],\"columns\":[{\"name\":\"id\",\"type\":\"increments\",\"args\":[{\"primary\":true,\"primaryKey\":true}],\"defaultTo\":null,\"notNullable\":true,\"unsigned\":false},{\"name\":\"api_token_permission_id\",\"type\":\"integer\",\"args\":[],\"defaultTo\":null,\"notNullable\":false,\"unsigned\":true},{\"name\":\"api_token_id\",\"type\":\"integer\",\"args\":[],\"defaultTo\":null,\"notNullable\":false,\"unsigned\":true},{\"name\":\"api_token_permission_order\",\"type\":\"integer\",\"args\":[],\"defaultTo\":null,\"notNullable\":false,\"unsigned\":true}]},{\"name\":\"files_related_morphs\",\"indexes\":[{\"name\":\"files_related_morphs_fk\",\"columns\":[\"file_id\"]}],\"foreignKeys\":[{\"name\":\"files_related_morphs_fk\",\"columns\":[\"file_id\"],\"referencedColumns\":[\"id\"],\"referencedTable\":\"files\",\"onDelete\":\"CASCADE\"}],\"columns\":[{\"name\":\"id\",\"type\":\"increments\",\"args\":[{\"primary\":true,\"primaryKey\":true}],\"defaultTo\":null,\"notNullable\":true,\"unsigned\":false},{\"name\":\"file_id\",\"type\":\"integer\",\"args\":[],\"defaultTo\":null,\"notNullable\":false,\"unsigned\":true},{\"name\":\"related_id\",\"type\":\"integer\",\"args\":[],\"defaultTo\":null,\"notNullable\":false,\"unsigned\":true},{\"name\":\"related_type\",\"type\":\"string\",\"args\":[],\"defaultTo\":null,\"notNullable\":false,\"unsigned\":false},{\"name\":\"field\",\"type\":\"string\",\"args\":[],\"defaultTo\":null,\"notNullable\":false,\"unsigned\":false},{\"name\":\"order\",\"type\":\"integer\",\"args\":[],\"defaultTo\":null,\"notNullable\":false,\"unsigned\":true}]},{\"name\":\"files_folder_links\",\"indexes\":[{\"name\":\"files_folder_links_fk\",\"columns\":[\"file_id\"]},{\"name\":\"files_folder_links_inv_fk\",\"columns\":[\"folder_id\"]},{\"name\":\"files_folder_links_unique\",\"columns\":[\"file_id\",\"folder_id\"],\"type\":\"unique\"},{\"name\":\"files_folder_links_order_inv_fk\",\"columns\":[\"file_order\"]}],\"foreignKeys\":[{\"name\":\"files_folder_links_fk\",\"columns\":[\"file_id\"],\"referencedColumns\":[\"id\"],\"referencedTable\":\"files\",\"onDelete\":\"CASCADE\"},{\"name\":\"files_folder_links_inv_fk\",\"columns\":[\"folder_id\"],\"referencedColumns\":[\"id\"],\"referencedTable\":\"upload_folders\",\"onDelete\":\"CASCADE\"}],\"columns\":[{\"name\":\"id\",\"type\":\"increments\",\"args\":[{\"primary\":true,\"primaryKey\":true}],\"defaultTo\":null,\"notNullable\":true,\"unsigned\":false},{\"name\":\"file_id\",\"type\":\"integer\",\"args\":[],\"defaultTo\":null,\"notNullable\":false,\"unsigned\":true},{\"name\":\"folder_id\",\"type\":\"integer\",\"args\":[],\"defaultTo\":null,\"notNullable\":false,\"unsigned\":true},{\"name\":\"file_order\",\"type\":\"integer\",\"args\":[],\"defaultTo\":null,\"notNullable\":false,\"unsigned\":true}]},{\"name\":\"upload_folders_parent_links\",\"indexes\":[{\"name\":\"upload_folders_parent_links_fk\",\"columns\":[\"folder_id\"]},{\"name\":\"upload_folders_parent_links_inv_fk\",\"columns\":[\"inv_folder_id\"]},{\"name\":\"upload_folders_parent_links_unique\",\"columns\":[\"folder_id\",\"inv_folder_id\"],\"type\":\"unique\"},{\"name\":\"upload_folders_parent_links_order_inv_fk\",\"columns\":[\"folder_order\"]}],\"foreignKeys\":[{\"name\":\"upload_folders_parent_links_fk\",\"columns\":[\"folder_id\"],\"referencedColumns\":[\"id\"],\"referencedTable\":\"upload_folders\",\"onDelete\":\"CASCADE\"},{\"name\":\"upload_folders_parent_links_inv_fk\",\"columns\":[\"inv_folder_id\"],\"referencedColumns\":[\"id\"],\"referencedTable\":\"upload_folders\",\"onDelete\":\"CASCADE\"}],\"columns\":[{\"name\":\"id\",\"type\":\"increments\",\"args\":[{\"primary\":true,\"primaryKey\":true}],\"defaultTo\":null,\"notNullable\":true,\"unsigned\":false},{\"name\":\"folder_id\",\"type\":\"integer\",\"args\":[],\"defaultTo\":null,\"notNullable\":false,\"unsigned\":true},{\"name\":\"inv_folder_id\",\"type\":\"integer\",\"args\":[],\"defaultTo\":null,\"notNullable\":false,\"unsigned\":true},{\"name\":\"folder_order\",\"type\":\"integer\",\"args\":[],\"defaultTo\":null,\"notNullable\":false,\"unsigned\":true}]},{\"name\":\"up_permissions_role_links\",\"indexes\":[{\"name\":\"up_permissions_role_links_fk\",\"columns\":[\"permission_id\"]},{\"name\":\"up_permissions_role_links_inv_fk\",\"columns\":[\"role_id\"]},{\"name\":\"up_permissions_role_links_unique\",\"columns\":[\"permission_id\",\"role_id\"],\"type\":\"unique\"},{\"name\":\"up_permissions_role_links_order_inv_fk\",\"columns\":[\"permission_order\"]}],\"foreignKeys\":[{\"name\":\"up_permissions_role_links_fk\",\"columns\":[\"permission_id\"],\"referencedColumns\":[\"id\"],\"referencedTable\":\"up_permissions\",\"onDelete\":\"CASCADE\"},{\"name\":\"up_permissions_role_links_inv_fk\",\"columns\":[\"role_id\"],\"referencedColumns\":[\"id\"],\"referencedTable\":\"up_roles\",\"onDelete\":\"CASCADE\"}],\"columns\":[{\"name\":\"id\",\"type\":\"increments\",\"args\":[{\"primary\":true,\"primaryKey\":true}],\"defaultTo\":null,\"notNullable\":true,\"unsigned\":false},{\"name\":\"permission_id\",\"type\":\"integer\",\"args\":[],\"defaultTo\":null,\"notNullable\":false,\"unsigned\":true},{\"name\":\"role_id\",\"type\":\"integer\",\"args\":[],\"defaultTo\":null,\"notNullable\":false,\"unsigned\":true},{\"name\":\"permission_order\",\"type\":\"integer\",\"args\":[],\"defaultTo\":null,\"notNullable\":false,\"unsigned\":true}]},{\"name\":\"up_users_role_links\",\"indexes\":[{\"name\":\"up_users_role_links_fk\",\"columns\":[\"user_id\"]},{\"name\":\"up_users_role_links_inv_fk\",\"columns\":[\"role_id\"]},{\"name\":\"up_users_role_links_unique\",\"columns\":[\"user_id\",\"role_id\"],\"type\":\"unique\"},{\"name\":\"up_users_role_links_order_inv_fk\",\"columns\":[\"user_order\"]}],\"foreignKeys\":[{\"name\":\"up_users_role_links_fk\",\"columns\":[\"user_id\"],\"referencedColumns\":[\"id\"],\"referencedTable\":\"up_users\",\"onDelete\":\"CASCADE\"},{\"name\":\"up_users_role_links_inv_fk\",\"columns\":[\"role_id\"],\"referencedColumns\":[\"id\"],\"referencedTable\":\"up_roles\",\"onDelete\":\"CASCADE\"}],\"columns\":[{\"name\":\"id\",\"type\":\"increments\",\"args\":[{\"primary\":true,\"primaryKey\":true}],\"defaultTo\":null,\"notNullable\":true,\"unsigned\":false},{\"name\":\"user_id\",\"type\":\"integer\",\"args\":[],\"defaultTo\":null,\"notNullable\":false,\"unsigned\":true},{\"name\":\"role_id\",\"type\":\"integer\",\"args\":[],\"defaultTo\":null,\"notNullable\":false,\"unsigned\":true},{\"name\":\"user_order\",\"type\":\"integer\",\"args\":[],\"defaultTo\":null,\"notNullable\":false,\"unsigned\":true}]},{\"name\":\"articles_components\",\"indexes\":[{\"name\":\"articles_field_index\",\"columns\":[\"field\"],\"type\":null},{\"name\":\"articles_component_type_index\",\"columns\":[\"component_type\"],\"type\":null},{\"name\":\"articles_entity_fk\",\"columns\":[\"entity_id\"]},{\"name\":\"articles_unique\",\"columns\":[\"entity_id\",\"component_id\",\"field\",\"component_type\"],\"type\":\"unique\"}],\"foreignKeys\":[{\"name\":\"articles_entity_fk\",\"columns\":[\"entity_id\"],\"referencedColumns\":[\"id\"],\"referencedTable\":\"articles\",\"onDelete\":\"CASCADE\"}],\"columns\":[{\"name\":\"id\",\"type\":\"increments\",\"args\":[{\"primary\":true,\"primaryKey\":true}],\"defaultTo\":null,\"notNullable\":true,\"unsigned\":false},{\"name\":\"entity_id\",\"type\":\"integer\",\"args\":[],\"defaultTo\":null,\"notNullable\":false,\"unsigned\":true},{\"name\":\"component_id\",\"type\":\"integer\",\"args\":[],\"defaultTo\":null,\"notNullable\":false,\"unsigned\":true},{\"name\":\"component_type\",\"type\":\"string\",\"args\":[],\"defaultTo\":null,\"notNullable\":false,\"unsigned\":false},{\"name\":\"field\",\"type\":\"string\",\"args\":[],\"defaultTo\":null,\"notNullable\":false,\"unsigned\":false},{\"name\":\"order\",\"type\":\"integer\",\"args\":[],\"defaultTo\":null,\"notNullable\":false,\"unsigned\":true}]},{\"name\":\"articles_category_links\",\"indexes\":[{\"name\":\"articles_category_links_fk\",\"columns\":[\"article_id\"]},{\"name\":\"articles_category_links_inv_fk\",\"columns\":[\"category_id\"]},{\"name\":\"articles_category_links_unique\",\"columns\":[\"article_id\",\"category_id\"],\"type\":\"unique\"},{\"name\":\"articles_category_links_order_inv_fk\",\"columns\":[\"article_order\"]}],\"foreignKeys\":[{\"name\":\"articles_category_links_fk\",\"columns\":[\"article_id\"],\"referencedColumns\":[\"id\"],\"referencedTable\":\"articles\",\"onDelete\":\"CASCADE\"},{\"name\":\"articles_category_links_inv_fk\",\"columns\":[\"category_id\"],\"referencedColumns\":[\"id\"],\"referencedTable\":\"categories\",\"onDelete\":\"CASCADE\"}],\"columns\":[{\"name\":\"id\",\"type\":\"increments\",\"args\":[{\"primary\":true,\"primaryKey\":true}],\"defaultTo\":null,\"notNullable\":true,\"unsigned\":false},{\"name\":\"article_id\",\"type\":\"integer\",\"args\":[],\"defaultTo\":null,\"notNullable\":false,\"unsigned\":true},{\"name\":\"category_id\",\"type\":\"integer\",\"args\":[],\"defaultTo\":null,\"notNullable\":false,\"unsigned\":true},{\"name\":\"article_order\",\"type\":\"integer\",\"args\":[],\"defaultTo\":null,\"notNullable\":false,\"unsigned\":true}]},{\"name\":\"articles_editors_links\",\"indexes\":[{\"name\":\"articles_editors_links_fk\",\"columns\":[\"article_id\"]},{\"name\":\"articles_editors_links_inv_fk\",\"columns\":[\"user_id\"]},{\"name\":\"articles_editors_links_unique\",\"columns\":[\"article_id\",\"user_id\"],\"type\":\"unique\"},{\"name\":\"articles_editors_links_order_fk\",\"columns\":[\"user_order\"]}],\"foreignKeys\":[{\"name\":\"articles_editors_links_fk\",\"columns\":[\"article_id\"],\"referencedColumns\":[\"id\"],\"referencedTable\":\"articles\",\"onDelete\":\"CASCADE\"},{\"name\":\"articles_editors_links_inv_fk\",\"columns\":[\"user_id\"],\"referencedColumns\":[\"id\"],\"referencedTable\":\"admin_users\",\"onDelete\":\"CASCADE\"}],\"columns\":[{\"name\":\"id\",\"type\":\"increments\",\"args\":[{\"primary\":true,\"primaryKey\":true}],\"defaultTo\":null,\"notNullable\":true,\"unsigned\":false},{\"name\":\"article_id\",\"type\":\"integer\",\"args\":[],\"defaultTo\":null,\"notNullable\":false,\"unsigned\":true},{\"name\":\"user_id\",\"type\":\"integer\",\"args\":[],\"defaultTo\":null,\"notNullable\":false,\"unsigned\":true},{\"name\":\"user_order\",\"type\":\"integer\",\"args\":[],\"defaultTo\":null,\"notNullable\":false,\"unsigned\":true}]},{\"name\":\"articles_localizations_links\",\"indexes\":[{\"name\":\"articles_localizations_links_fk\",\"columns\":[\"article_id\"]},{\"name\":\"articles_localizations_links_inv_fk\",\"columns\":[\"inv_article_id\"]},{\"name\":\"articles_localizations_links_unique\",\"columns\":[\"article_id\",\"inv_article_id\"],\"type\":\"unique\"},{\"name\":\"articles_localizations_links_order_fk\",\"columns\":[\"article_order\"]}],\"foreignKeys\":[{\"name\":\"articles_localizations_links_fk\",\"columns\":[\"article_id\"],\"referencedColumns\":[\"id\"],\"referencedTable\":\"articles\",\"onDelete\":\"CASCADE\"},{\"name\":\"articles_localizations_links_inv_fk\",\"columns\":[\"inv_article_id\"],\"referencedColumns\":[\"id\"],\"referencedTable\":\"articles\",\"onDelete\":\"CASCADE\"}],\"columns\":[{\"name\":\"id\",\"type\":\"increments\",\"args\":[{\"primary\":true,\"primaryKey\":true}],\"defaultTo\":null,\"notNullable\":true,\"unsigned\":false},{\"name\":\"article_id\",\"type\":\"integer\",\"args\":[],\"defaultTo\":null,\"notNullable\":false,\"unsigned\":true},{\"name\":\"inv_article_id\",\"type\":\"integer\",\"args\":[],\"defaultTo\":null,\"notNullable\":false,\"unsigned\":true},{\"name\":\"article_order\",\"type\":\"integer\",\"args\":[],\"defaultTo\":null,\"notNullable\":false,\"unsigned\":true}]},{\"name\":\"blog_pages_components\",\"indexes\":[{\"name\":\"blog_pages_field_index\",\"columns\":[\"field\"],\"type\":null},{\"name\":\"blog_pages_component_type_index\",\"columns\":[\"component_type\"],\"type\":null},{\"name\":\"blog_pages_entity_fk\",\"columns\":[\"entity_id\"]},{\"name\":\"blog_pages_unique\",\"columns\":[\"entity_id\",\"component_id\",\"field\",\"component_type\"],\"type\":\"unique\"}],\"foreignKeys\":[{\"name\":\"blog_pages_entity_fk\",\"columns\":[\"entity_id\"],\"referencedColumns\":[\"id\"],\"referencedTable\":\"blog_pages\",\"onDelete\":\"CASCADE\"}],\"columns\":[{\"name\":\"id\",\"type\":\"increments\",\"args\":[{\"primary\":true,\"primaryKey\":true}],\"defaultTo\":null,\"notNullable\":true,\"unsigned\":false},{\"name\":\"entity_id\",\"type\":\"integer\",\"args\":[],\"defaultTo\":null,\"notNullable\":false,\"unsigned\":true},{\"name\":\"component_id\",\"type\":\"integer\",\"args\":[],\"defaultTo\":null,\"notNullable\":false,\"unsigned\":true},{\"name\":\"component_type\",\"type\":\"string\",\"args\":[],\"defaultTo\":null,\"notNullable\":false,\"unsigned\":false},{\"name\":\"field\",\"type\":\"string\",\"args\":[],\"defaultTo\":null,\"notNullable\":false,\"unsigned\":false},{\"name\":\"order\",\"type\":\"integer\",\"args\":[],\"defaultTo\":null,\"notNullable\":false,\"unsigned\":true}]},{\"name\":\"blog_pages_localizations_links\",\"indexes\":[{\"name\":\"blog_pages_localizations_links_fk\",\"columns\":[\"blog_page_id\"]},{\"name\":\"blog_pages_localizations_links_inv_fk\",\"columns\":[\"inv_blog_page_id\"]},{\"name\":\"blog_pages_localizations_links_unique\",\"columns\":[\"blog_page_id\",\"inv_blog_page_id\"],\"type\":\"unique\"},{\"name\":\"blog_pages_localizations_links_order_fk\",\"columns\":[\"blog_page_order\"]}],\"foreignKeys\":[{\"name\":\"blog_pages_localizations_links_fk\",\"columns\":[\"blog_page_id\"],\"referencedColumns\":[\"id\"],\"referencedTable\":\"blog_pages\",\"onDelete\":\"CASCADE\"},{\"name\":\"blog_pages_localizations_links_inv_fk\",\"columns\":[\"inv_blog_page_id\"],\"referencedColumns\":[\"id\"],\"referencedTable\":\"blog_pages\",\"onDelete\":\"CASCADE\"}],\"columns\":[{\"name\":\"id\",\"type\":\"increments\",\"args\":[{\"primary\":true,\"primaryKey\":true}],\"defaultTo\":null,\"notNullable\":true,\"unsigned\":false},{\"name\":\"blog_page_id\",\"type\":\"integer\",\"args\":[],\"defaultTo\":null,\"notNullable\":false,\"unsigned\":true},{\"name\":\"inv_blog_page_id\",\"type\":\"integer\",\"args\":[],\"defaultTo\":null,\"notNullable\":false,\"unsigned\":true},{\"name\":\"blog_page_order\",\"type\":\"integer\",\"args\":[],\"defaultTo\":null,\"notNullable\":false,\"unsigned\":true}]},{\"name\":\"cookies_category_links\",\"indexes\":[{\"name\":\"cookies_category_links_fk\",\"columns\":[\"cookie_id\"]},{\"name\":\"cookies_category_links_inv_fk\",\"columns\":[\"cookie_category_id\"]},{\"name\":\"cookies_category_links_unique\",\"columns\":[\"cookie_id\",\"cookie_category_id\"],\"type\":\"unique\"},{\"name\":\"cookies_category_links_order_inv_fk\",\"columns\":[\"cookie_order\"]}],\"foreignKeys\":[{\"name\":\"cookies_category_links_fk\",\"columns\":[\"cookie_id\"],\"referencedColumns\":[\"id\"],\"referencedTable\":\"cookies\",\"onDelete\":\"CASCADE\"},{\"name\":\"cookies_category_links_inv_fk\",\"columns\":[\"cookie_category_id\"],\"referencedColumns\":[\"id\"],\"referencedTable\":\"cookie_categories\",\"onDelete\":\"CASCADE\"}],\"columns\":[{\"name\":\"id\",\"type\":\"increments\",\"args\":[{\"primary\":true,\"primaryKey\":true}],\"defaultTo\":null,\"notNullable\":true,\"unsigned\":false},{\"name\":\"cookie_id\",\"type\":\"integer\",\"args\":[],\"defaultTo\":null,\"notNullable\":false,\"unsigned\":true},{\"name\":\"cookie_category_id\",\"type\":\"integer\",\"args\":[],\"defaultTo\":null,\"notNullable\":false,\"unsigned\":true},{\"name\":\"cookie_order\",\"type\":\"integer\",\"args\":[],\"defaultTo\":null,\"notNullable\":false,\"unsigned\":true}]},{\"name\":\"cookies_localizations_links\",\"indexes\":[{\"name\":\"cookies_localizations_links_fk\",\"columns\":[\"cookie_id\"]},{\"name\":\"cookies_localizations_links_inv_fk\",\"columns\":[\"inv_cookie_id\"]},{\"name\":\"cookies_localizations_links_unique\",\"columns\":[\"cookie_id\",\"inv_cookie_id\"],\"type\":\"unique\"},{\"name\":\"cookies_localizations_links_order_fk\",\"columns\":[\"cookie_order\"]}],\"foreignKeys\":[{\"name\":\"cookies_localizations_links_fk\",\"columns\":[\"cookie_id\"],\"referencedColumns\":[\"id\"],\"referencedTable\":\"cookies\",\"onDelete\":\"CASCADE\"},{\"name\":\"cookies_localizations_links_inv_fk\",\"columns\":[\"inv_cookie_id\"],\"referencedColumns\":[\"id\"],\"referencedTable\":\"cookies\",\"onDelete\":\"CASCADE\"}],\"columns\":[{\"name\":\"id\",\"type\":\"increments\",\"args\":[{\"primary\":true,\"primaryKey\":true}],\"defaultTo\":null,\"notNullable\":true,\"unsigned\":false},{\"name\":\"cookie_id\",\"type\":\"integer\",\"args\":[],\"defaultTo\":null,\"notNullable\":false,\"unsigned\":true},{\"name\":\"inv_cookie_id\",\"type\":\"integer\",\"args\":[],\"defaultTo\":null,\"notNullable\":false,\"unsigned\":true},{\"name\":\"cookie_order\",\"type\":\"integer\",\"args\":[],\"defaultTo\":null,\"notNullable\":false,\"unsigned\":true}]},{\"name\":\"cookie_categories_localizations_links\",\"indexes\":[{\"name\":\"cookie_categories_localizations_links_fk\",\"columns\":[\"cookie_category_id\"]},{\"name\":\"cookie_categories_localizations_links_inv_fk\",\"columns\":[\"inv_cookie_category_id\"]},{\"name\":\"cookie_categories_localizations_links_unique\",\"columns\":[\"cookie_category_id\",\"inv_cookie_category_id\"],\"type\":\"unique\"},{\"name\":\"cookie_categories_localizations_links_order_fk\",\"columns\":[\"cookie_category_order\"]}],\"foreignKeys\":[{\"name\":\"cookie_categories_localizations_links_fk\",\"columns\":[\"cookie_category_id\"],\"referencedColumns\":[\"id\"],\"referencedTable\":\"cookie_categories\",\"onDelete\":\"CASCADE\"},{\"name\":\"cookie_categories_localizations_links_inv_fk\",\"columns\":[\"inv_cookie_category_id\"],\"referencedColumns\":[\"id\"],\"referencedTable\":\"cookie_categories\",\"onDelete\":\"CASCADE\"}],\"columns\":[{\"name\":\"id\",\"type\":\"increments\",\"args\":[{\"primary\":true,\"primaryKey\":true}],\"defaultTo\":null,\"notNullable\":true,\"unsigned\":false},{\"name\":\"cookie_category_id\",\"type\":\"integer\",\"args\":[],\"defaultTo\":null,\"notNullable\":false,\"unsigned\":true},{\"name\":\"inv_cookie_category_id\",\"type\":\"integer\",\"args\":[],\"defaultTo\":null,\"notNullable\":false,\"unsigned\":true},{\"name\":\"cookie_category_order\",\"type\":\"integer\",\"args\":[],\"defaultTo\":null,\"notNullable\":false,\"unsigned\":true}]},{\"name\":\"globals_components\",\"indexes\":[{\"name\":\"globals_field_index\",\"columns\":[\"field\"],\"type\":null},{\"name\":\"globals_component_type_index\",\"columns\":[\"component_type\"],\"type\":null},{\"name\":\"globals_entity_fk\",\"columns\":[\"entity_id\"]},{\"name\":\"globals_unique\",\"columns\":[\"entity_id\",\"component_id\",\"field\",\"component_type\"],\"type\":\"unique\"}],\"foreignKeys\":[{\"name\":\"globals_entity_fk\",\"columns\":[\"entity_id\"],\"referencedColumns\":[\"id\"],\"referencedTable\":\"globals\",\"onDelete\":\"CASCADE\"}],\"columns\":[{\"name\":\"id\",\"type\":\"increments\",\"args\":[{\"primary\":true,\"primaryKey\":true}],\"defaultTo\":null,\"notNullable\":true,\"unsigned\":false},{\"name\":\"entity_id\",\"type\":\"integer\",\"args\":[],\"defaultTo\":null,\"notNullable\":false,\"unsigned\":true},{\"name\":\"component_id\",\"type\":\"integer\",\"args\":[],\"defaultTo\":null,\"notNullable\":false,\"unsigned\":true},{\"name\":\"component_type\",\"type\":\"string\",\"args\":[],\"defaultTo\":null,\"notNullable\":false,\"unsigned\":false},{\"name\":\"field\",\"type\":\"string\",\"args\":[],\"defaultTo\":null,\"notNullable\":false,\"unsigned\":false},{\"name\":\"order\",\"type\":\"integer\",\"args\":[],\"defaultTo\":null,\"notNullable\":false,\"unsigned\":true}]},{\"name\":\"globals_localizations_links\",\"indexes\":[{\"name\":\"globals_localizations_links_fk\",\"columns\":[\"global_id\"]},{\"name\":\"globals_localizations_links_inv_fk\",\"columns\":[\"inv_global_id\"]},{\"name\":\"globals_localizations_links_unique\",\"columns\":[\"global_id\",\"inv_global_id\"],\"type\":\"unique\"},{\"name\":\"globals_localizations_links_order_fk\",\"columns\":[\"global_order\"]}],\"foreignKeys\":[{\"name\":\"globals_localizations_links_fk\",\"columns\":[\"global_id\"],\"referencedColumns\":[\"id\"],\"referencedTable\":\"globals\",\"onDelete\":\"CASCADE\"},{\"name\":\"globals_localizations_links_inv_fk\",\"columns\":[\"inv_global_id\"],\"referencedColumns\":[\"id\"],\"referencedTable\":\"globals\",\"onDelete\":\"CASCADE\"}],\"columns\":[{\"name\":\"id\",\"type\":\"increments\",\"args\":[{\"primary\":true,\"primaryKey\":true}],\"defaultTo\":null,\"notNullable\":true,\"unsigned\":false},{\"name\":\"global_id\",\"type\":\"integer\",\"args\":[],\"defaultTo\":null,\"notNullable\":false,\"unsigned\":true},{\"name\":\"inv_global_id\",\"type\":\"integer\",\"args\":[],\"defaultTo\":null,\"notNullable\":false,\"unsigned\":true},{\"name\":\"global_order\",\"type\":\"integer\",\"args\":[],\"defaultTo\":null,\"notNullable\":false,\"unsigned\":true}]},{\"name\":\"pages_components\",\"indexes\":[{\"name\":\"pages_field_index\",\"columns\":[\"field\"],\"type\":null},{\"name\":\"pages_component_type_index\",\"columns\":[\"component_type\"],\"type\":null},{\"name\":\"pages_entity_fk\",\"columns\":[\"entity_id\"]},{\"name\":\"pages_unique\",\"columns\":[\"entity_id\",\"component_id\",\"field\",\"component_type\"],\"type\":\"unique\"}],\"foreignKeys\":[{\"name\":\"pages_entity_fk\",\"columns\":[\"entity_id\"],\"referencedColumns\":[\"id\"],\"referencedTable\":\"pages\",\"onDelete\":\"CASCADE\"}],\"columns\":[{\"name\":\"id\",\"type\":\"increments\",\"args\":[{\"primary\":true,\"primaryKey\":true}],\"defaultTo\":null,\"notNullable\":true,\"unsigned\":false},{\"name\":\"entity_id\",\"type\":\"integer\",\"args\":[],\"defaultTo\":null,\"notNullable\":false,\"unsigned\":true},{\"name\":\"component_id\",\"type\":\"integer\",\"args\":[],\"defaultTo\":null,\"notNullable\":false,\"unsigned\":true},{\"name\":\"component_type\",\"type\":\"string\",\"args\":[],\"defaultTo\":null,\"notNullable\":false,\"unsigned\":false},{\"name\":\"field\",\"type\":\"string\",\"args\":[],\"defaultTo\":null,\"notNullable\":false,\"unsigned\":false},{\"name\":\"order\",\"type\":\"integer\",\"args\":[],\"defaultTo\":null,\"notNullable\":false,\"unsigned\":true}]},{\"name\":\"pages_editors_links\",\"indexes\":[{\"name\":\"pages_editors_links_fk\",\"columns\":[\"page_id\"]},{\"name\":\"pages_editors_links_inv_fk\",\"columns\":[\"user_id\"]},{\"name\":\"pages_editors_links_unique\",\"columns\":[\"page_id\",\"user_id\"],\"type\":\"unique\"},{\"name\":\"pages_editors_links_order_fk\",\"columns\":[\"user_order\"]}],\"foreignKeys\":[{\"name\":\"pages_editors_links_fk\",\"columns\":[\"page_id\"],\"referencedColumns\":[\"id\"],\"referencedTable\":\"pages\",\"onDelete\":\"CASCADE\"},{\"name\":\"pages_editors_links_inv_fk\",\"columns\":[\"user_id\"],\"referencedColumns\":[\"id\"],\"referencedTable\":\"admin_users\",\"onDelete\":\"CASCADE\"}],\"columns\":[{\"name\":\"id\",\"type\":\"increments\",\"args\":[{\"primary\":true,\"primaryKey\":true}],\"defaultTo\":null,\"notNullable\":true,\"unsigned\":false},{\"name\":\"page_id\",\"type\":\"integer\",\"args\":[],\"defaultTo\":null,\"notNullable\":false,\"unsigned\":true},{\"name\":\"user_id\",\"type\":\"integer\",\"args\":[],\"defaultTo\":null,\"notNullable\":false,\"unsigned\":true},{\"name\":\"user_order\",\"type\":\"integer\",\"args\":[],\"defaultTo\":null,\"notNullable\":false,\"unsigned\":true}]},{\"name\":\"pages_localizations_links\",\"indexes\":[{\"name\":\"pages_localizations_links_fk\",\"columns\":[\"page_id\"]},{\"name\":\"pages_localizations_links_inv_fk\",\"columns\":[\"inv_page_id\"]},{\"name\":\"pages_localizations_links_unique\",\"columns\":[\"page_id\",\"inv_page_id\"],\"type\":\"unique\"},{\"name\":\"pages_localizations_links_order_fk\",\"columns\":[\"page_order\"]}],\"foreignKeys\":[{\"name\":\"pages_localizations_links_fk\",\"columns\":[\"page_id\"],\"referencedColumns\":[\"id\"],\"referencedTable\":\"pages\",\"onDelete\":\"CASCADE\"},{\"name\":\"pages_localizations_links_inv_fk\",\"columns\":[\"inv_page_id\"],\"referencedColumns\":[\"id\"],\"referencedTable\":\"pages\",\"onDelete\":\"CASCADE\"}],\"columns\":[{\"name\":\"id\",\"type\":\"increments\",\"args\":[{\"primary\":true,\"primaryKey\":true}],\"defaultTo\":null,\"notNullable\":true,\"unsigned\":false},{\"name\":\"page_id\",\"type\":\"integer\",\"args\":[],\"defaultTo\":null,\"notNullable\":false,\"unsigned\":true},{\"name\":\"inv_page_id\",\"type\":\"integer\",\"args\":[],\"defaultTo\":null,\"notNullable\":false,\"unsigned\":true},{\"name\":\"page_order\",\"type\":\"integer\",\"args\":[],\"defaultTo\":null,\"notNullable\":false,\"unsigned\":true}]},{\"name\":\"restaurants_components\",\"indexes\":[{\"name\":\"restaurants_field_index\",\"columns\":[\"field\"],\"type\":null},{\"name\":\"restaurants_component_type_index\",\"columns\":[\"component_type\"],\"type\":null},{\"name\":\"restaurants_entity_fk\",\"columns\":[\"entity_id\"]},{\"name\":\"restaurants_unique\",\"columns\":[\"entity_id\",\"component_id\",\"field\",\"component_type\"],\"type\":\"unique\"}],\"foreignKeys\":[{\"name\":\"restaurants_entity_fk\",\"columns\":[\"entity_id\"],\"referencedColumns\":[\"id\"],\"referencedTable\":\"restaurants\",\"onDelete\":\"CASCADE\"}],\"columns\":[{\"name\":\"id\",\"type\":\"increments\",\"args\":[{\"primary\":true,\"primaryKey\":true}],\"defaultTo\":null,\"notNullable\":true,\"unsigned\":false},{\"name\":\"entity_id\",\"type\":\"integer\",\"args\":[],\"defaultTo\":null,\"notNullable\":false,\"unsigned\":true},{\"name\":\"component_id\",\"type\":\"integer\",\"args\":[],\"defaultTo\":null,\"notNullable\":false,\"unsigned\":true},{\"name\":\"component_type\",\"type\":\"string\",\"args\":[],\"defaultTo\":null,\"notNullable\":false,\"unsigned\":false},{\"name\":\"field\",\"type\":\"string\",\"args\":[],\"defaultTo\":null,\"notNullable\":false,\"unsigned\":false},{\"name\":\"order\",\"type\":\"integer\",\"args\":[],\"defaultTo\":null,\"notNullable\":false,\"unsigned\":true}]},{\"name\":\"restaurants_category_links\",\"indexes\":[{\"name\":\"restaurants_category_links_fk\",\"columns\":[\"restaurant_id\"]},{\"name\":\"restaurants_category_links_inv_fk\",\"columns\":[\"category_id\"]},{\"name\":\"restaurants_category_links_unique\",\"columns\":[\"restaurant_id\",\"category_id\"],\"type\":\"unique\"},{\"name\":\"restaurants_category_links_order_inv_fk\",\"columns\":[\"restaurant_order\"]}],\"foreignKeys\":[{\"name\":\"restaurants_category_links_fk\",\"columns\":[\"restaurant_id\"],\"referencedColumns\":[\"id\"],\"referencedTable\":\"restaurants\",\"onDelete\":\"CASCADE\"},{\"name\":\"restaurants_category_links_inv_fk\",\"columns\":[\"category_id\"],\"referencedColumns\":[\"id\"],\"referencedTable\":\"categories\",\"onDelete\":\"CASCADE\"}],\"columns\":[{\"name\":\"id\",\"type\":\"increments\",\"args\":[{\"primary\":true,\"primaryKey\":true}],\"defaultTo\":null,\"notNullable\":true,\"unsigned\":false},{\"name\":\"restaurant_id\",\"type\":\"integer\",\"args\":[],\"defaultTo\":null,\"notNullable\":false,\"unsigned\":true},{\"name\":\"category_id\",\"type\":\"integer\",\"args\":[],\"defaultTo\":null,\"notNullable\":false,\"unsigned\":true},{\"name\":\"restaurant_order\",\"type\":\"integer\",\"args\":[],\"defaultTo\":null,\"notNullable\":false,\"unsigned\":true}]},{\"name\":\"restaurants_place_links\",\"indexes\":[{\"name\":\"restaurants_place_links_fk\",\"columns\":[\"restaurant_id\"]},{\"name\":\"restaurants_place_links_inv_fk\",\"columns\":[\"place_id\"]},{\"name\":\"restaurants_place_links_unique\",\"columns\":[\"restaurant_id\",\"place_id\"],\"type\":\"unique\"},{\"name\":\"restaurants_place_links_order_inv_fk\",\"columns\":[\"restaurant_order\"]}],\"foreignKeys\":[{\"name\":\"restaurants_place_links_fk\",\"columns\":[\"restaurant_id\"],\"referencedColumns\":[\"id\"],\"referencedTable\":\"restaurants\",\"onDelete\":\"CASCADE\"},{\"name\":\"restaurants_place_links_inv_fk\",\"columns\":[\"place_id\"],\"referencedColumns\":[\"id\"],\"referencedTable\":\"places\",\"onDelete\":\"CASCADE\"}],\"columns\":[{\"name\":\"id\",\"type\":\"increments\",\"args\":[{\"primary\":true,\"primaryKey\":true}],\"defaultTo\":null,\"notNullable\":true,\"unsigned\":false},{\"name\":\"restaurant_id\",\"type\":\"integer\",\"args\":[],\"defaultTo\":null,\"notNullable\":false,\"unsigned\":true},{\"name\":\"place_id\",\"type\":\"integer\",\"args\":[],\"defaultTo\":null,\"notNullable\":false,\"unsigned\":true},{\"name\":\"restaurant_order\",\"type\":\"integer\",\"args\":[],\"defaultTo\":null,\"notNullable\":false,\"unsigned\":true}]},{\"name\":\"restaurants_localizations_links\",\"indexes\":[{\"name\":\"restaurants_localizations_links_fk\",\"columns\":[\"restaurant_id\"]},{\"name\":\"restaurants_localizations_links_inv_fk\",\"columns\":[\"inv_restaurant_id\"]},{\"name\":\"restaurants_localizations_links_unique\",\"columns\":[\"restaurant_id\",\"inv_restaurant_id\"],\"type\":\"unique\"},{\"name\":\"restaurants_localizations_links_order_fk\",\"columns\":[\"restaurant_order\"]}],\"foreignKeys\":[{\"name\":\"restaurants_localizations_links_fk\",\"columns\":[\"restaurant_id\"],\"referencedColumns\":[\"id\"],\"referencedTable\":\"restaurants\",\"onDelete\":\"CASCADE\"},{\"name\":\"restaurants_localizations_links_inv_fk\",\"columns\":[\"inv_restaurant_id\"],\"referencedColumns\":[\"id\"],\"referencedTable\":\"restaurants\",\"onDelete\":\"CASCADE\"}],\"columns\":[{\"name\":\"id\",\"type\":\"increments\",\"args\":[{\"primary\":true,\"primaryKey\":true}],\"defaultTo\":null,\"notNullable\":true,\"unsigned\":false},{\"name\":\"restaurant_id\",\"type\":\"integer\",\"args\":[],\"defaultTo\":null,\"notNullable\":false,\"unsigned\":true},{\"name\":\"inv_restaurant_id\",\"type\":\"integer\",\"args\":[],\"defaultTo\":null,\"notNullable\":false,\"unsigned\":true},{\"name\":\"restaurant_order\",\"type\":\"integer\",\"args\":[],\"defaultTo\":null,\"notNullable\":false,\"unsigned\":true}]},{\"name\":\"restaurant_pages_components\",\"indexes\":[{\"name\":\"restaurant_pages_field_index\",\"columns\":[\"field\"],\"type\":null},{\"name\":\"restaurant_pages_component_type_index\",\"columns\":[\"component_type\"],\"type\":null},{\"name\":\"restaurant_pages_entity_fk\",\"columns\":[\"entity_id\"]},{\"name\":\"restaurant_pages_unique\",\"columns\":[\"entity_id\",\"component_id\",\"field\",\"component_type\"],\"type\":\"unique\"}],\"foreignKeys\":[{\"name\":\"restaurant_pages_entity_fk\",\"columns\":[\"entity_id\"],\"referencedColumns\":[\"id\"],\"referencedTable\":\"restaurant_pages\",\"onDelete\":\"CASCADE\"}],\"columns\":[{\"name\":\"id\",\"type\":\"increments\",\"args\":[{\"primary\":true,\"primaryKey\":true}],\"defaultTo\":null,\"notNullable\":true,\"unsigned\":false},{\"name\":\"entity_id\",\"type\":\"integer\",\"args\":[],\"defaultTo\":null,\"notNullable\":false,\"unsigned\":true},{\"name\":\"component_id\",\"type\":\"integer\",\"args\":[],\"defaultTo\":null,\"notNullable\":false,\"unsigned\":true},{\"name\":\"component_type\",\"type\":\"string\",\"args\":[],\"defaultTo\":null,\"notNullable\":false,\"unsigned\":false},{\"name\":\"field\",\"type\":\"string\",\"args\":[],\"defaultTo\":null,\"notNullable\":false,\"unsigned\":false},{\"name\":\"order\",\"type\":\"integer\",\"args\":[],\"defaultTo\":null,\"notNullable\":false,\"unsigned\":true}]},{\"name\":\"restaurant_pages_localizations_links\",\"indexes\":[{\"name\":\"restaurant_pages_localizations_links_fk\",\"columns\":[\"restaurant_page_id\"]},{\"name\":\"restaurant_pages_localizations_links_inv_fk\",\"columns\":[\"inv_restaurant_page_id\"]},{\"name\":\"restaurant_pages_localizations_links_unique\",\"columns\":[\"restaurant_page_id\",\"inv_restaurant_page_id\"],\"type\":\"unique\"},{\"name\":\"restaurant_pages_localizations_links_order_fk\",\"columns\":[\"restaurant_page_order\"]}],\"foreignKeys\":[{\"name\":\"restaurant_pages_localizations_links_fk\",\"columns\":[\"restaurant_page_id\"],\"referencedColumns\":[\"id\"],\"referencedTable\":\"restaurant_pages\",\"onDelete\":\"CASCADE\"},{\"name\":\"restaurant_pages_localizations_links_inv_fk\",\"columns\":[\"inv_restaurant_page_id\"],\"referencedColumns\":[\"id\"],\"referencedTable\":\"restaurant_pages\",\"onDelete\":\"CASCADE\"}],\"columns\":[{\"name\":\"id\",\"type\":\"increments\",\"args\":[{\"primary\":true,\"primaryKey\":true}],\"defaultTo\":null,\"notNullable\":true,\"unsigned\":false},{\"name\":\"restaurant_page_id\",\"type\":\"integer\",\"args\":[],\"defaultTo\":null,\"notNullable\":false,\"unsigned\":true},{\"name\":\"inv_restaurant_page_id\",\"type\":\"integer\",\"args\":[],\"defaultTo\":null,\"notNullable\":false,\"unsigned\":true},{\"name\":\"restaurant_page_order\",\"type\":\"integer\",\"args\":[],\"defaultTo\":null,\"notNullable\":false,\"unsigned\":true}]},{\"name\":\"reviews_author_links\",\"indexes\":[{\"name\":\"reviews_author_links_fk\",\"columns\":[\"review_id\"]},{\"name\":\"reviews_author_links_inv_fk\",\"columns\":[\"user_id\"]},{\"name\":\"reviews_author_links_unique\",\"columns\":[\"review_id\",\"user_id\"],\"type\":\"unique\"},{\"name\":\"reviews_author_links_order_inv_fk\",\"columns\":[\"review_order\"]}],\"foreignKeys\":[{\"name\":\"reviews_author_links_fk\",\"columns\":[\"review_id\"],\"referencedColumns\":[\"id\"],\"referencedTable\":\"reviews\",\"onDelete\":\"CASCADE\"},{\"name\":\"reviews_author_links_inv_fk\",\"columns\":[\"user_id\"],\"referencedColumns\":[\"id\"],\"referencedTable\":\"up_users\",\"onDelete\":\"CASCADE\"}],\"columns\":[{\"name\":\"id\",\"type\":\"increments\",\"args\":[{\"primary\":true,\"primaryKey\":true}],\"defaultTo\":null,\"notNullable\":true,\"unsigned\":false},{\"name\":\"review_id\",\"type\":\"integer\",\"args\":[],\"defaultTo\":null,\"notNullable\":false,\"unsigned\":true},{\"name\":\"user_id\",\"type\":\"integer\",\"args\":[],\"defaultTo\":null,\"notNullable\":false,\"unsigned\":true},{\"name\":\"review_order\",\"type\":\"integer\",\"args\":[],\"defaultTo\":null,\"notNullable\":false,\"unsigned\":true}]},{\"name\":\"reviews_restaurant_links\",\"indexes\":[{\"name\":\"reviews_restaurant_links_fk\",\"columns\":[\"review_id\"]},{\"name\":\"reviews_restaurant_links_inv_fk\",\"columns\":[\"restaurant_id\"]},{\"name\":\"reviews_restaurant_links_unique\",\"columns\":[\"review_id\",\"restaurant_id\"],\"type\":\"unique\"},{\"name\":\"reviews_restaurant_links_order_inv_fk\",\"columns\":[\"review_order\"]}],\"foreignKeys\":[{\"name\":\"reviews_restaurant_links_fk\",\"columns\":[\"review_id\"],\"referencedColumns\":[\"id\"],\"referencedTable\":\"reviews\",\"onDelete\":\"CASCADE\"},{\"name\":\"reviews_restaurant_links_inv_fk\",\"columns\":[\"restaurant_id\"],\"referencedColumns\":[\"id\"],\"referencedTable\":\"restaurants\",\"onDelete\":\"CASCADE\"}],\"columns\":[{\"name\":\"id\",\"type\":\"increments\",\"args\":[{\"primary\":true,\"primaryKey\":true}],\"defaultTo\":null,\"notNullable\":true,\"unsigned\":false},{\"name\":\"review_id\",\"type\":\"integer\",\"args\":[],\"defaultTo\":null,\"notNullable\":false,\"unsigned\":true},{\"name\":\"restaurant_id\",\"type\":\"integer\",\"args\":[],\"defaultTo\":null,\"notNullable\":false,\"unsigned\":true},{\"name\":\"review_order\",\"type\":\"integer\",\"args\":[],\"defaultTo\":null,\"notNullable\":false,\"unsigned\":true}]},{\"name\":\"reviews_localizations_links\",\"indexes\":[{\"name\":\"reviews_localizations_links_fk\",\"columns\":[\"review_id\"]},{\"name\":\"reviews_localizations_links_inv_fk\",\"columns\":[\"inv_review_id\"]},{\"name\":\"reviews_localizations_links_unique\",\"columns\":[\"review_id\",\"inv_review_id\"],\"type\":\"unique\"},{\"name\":\"reviews_localizations_links_order_fk\",\"columns\":[\"review_order\"]}],\"foreignKeys\":[{\"name\":\"reviews_localizations_links_fk\",\"columns\":[\"review_id\"],\"referencedColumns\":[\"id\"],\"referencedTable\":\"reviews\",\"onDelete\":\"CASCADE\"},{\"name\":\"reviews_localizations_links_inv_fk\",\"columns\":[\"inv_review_id\"],\"referencedColumns\":[\"id\"],\"referencedTable\":\"reviews\",\"onDelete\":\"CASCADE\"}],\"columns\":[{\"name\":\"id\",\"type\":\"increments\",\"args\":[{\"primary\":true,\"primaryKey\":true}],\"defaultTo\":null,\"notNullable\":true,\"unsigned\":false},{\"name\":\"review_id\",\"type\":\"integer\",\"args\":[],\"defaultTo\":null,\"notNullable\":false,\"unsigned\":true},{\"name\":\"inv_review_id\",\"type\":\"integer\",\"args\":[],\"defaultTo\":null,\"notNullable\":false,\"unsigned\":true},{\"name\":\"review_order\",\"type\":\"integer\",\"args\":[],\"defaultTo\":null,\"notNullable\":false,\"unsigned\":true}]},{\"name\":\"components_slices_ctas_components\",\"indexes\":[{\"name\":\"components_slices_ctas_field_index\",\"columns\":[\"field\"],\"type\":null},{\"name\":\"components_slices_ctas_component_type_index\",\"columns\":[\"component_type\"],\"type\":null},{\"name\":\"components_slices_ctas_entity_fk\",\"columns\":[\"entity_id\"]},{\"name\":\"components_slices_ctas_unique\",\"columns\":[\"entity_id\",\"component_id\",\"field\",\"component_type\"],\"type\":\"unique\"}],\"foreignKeys\":[{\"name\":\"components_slices_ctas_entity_fk\",\"columns\":[\"entity_id\"],\"referencedColumns\":[\"id\"],\"referencedTable\":\"components_slices_ctas\",\"onDelete\":\"CASCADE\"}],\"columns\":[{\"name\":\"id\",\"type\":\"increments\",\"args\":[{\"primary\":true,\"primaryKey\":true}],\"defaultTo\":null,\"notNullable\":true,\"unsigned\":false},{\"name\":\"entity_id\",\"type\":\"integer\",\"args\":[],\"defaultTo\":null,\"notNullable\":false,\"unsigned\":true},{\"name\":\"component_id\",\"type\":\"integer\",\"args\":[],\"defaultTo\":null,\"notNullable\":false,\"unsigned\":true},{\"name\":\"component_type\",\"type\":\"string\",\"args\":[],\"defaultTo\":null,\"notNullable\":false,\"unsigned\":false},{\"name\":\"field\",\"type\":\"string\",\"args\":[],\"defaultTo\":null,\"notNullable\":false,\"unsigned\":false},{\"name\":\"order\",\"type\":\"integer\",\"args\":[],\"defaultTo\":null,\"notNullable\":false,\"unsigned\":true}]},{\"name\":\"components_shared_faqs_components\",\"indexes\":[{\"name\":\"components_shared_faqs_field_index\",\"columns\":[\"field\"],\"type\":null},{\"name\":\"components_shared_faqs_component_type_index\",\"columns\":[\"component_type\"],\"type\":null},{\"name\":\"components_shared_faqs_entity_fk\",\"columns\":[\"entity_id\"]},{\"name\":\"components_shared_faqs_unique\",\"columns\":[\"entity_id\",\"component_id\",\"field\",\"component_type\"],\"type\":\"unique\"}],\"foreignKeys\":[{\"name\":\"components_shared_faqs_entity_fk\",\"columns\":[\"entity_id\"],\"referencedColumns\":[\"id\"],\"referencedTable\":\"components_shared_faqs\",\"onDelete\":\"CASCADE\"}],\"columns\":[{\"name\":\"id\",\"type\":\"increments\",\"args\":[{\"primary\":true,\"primaryKey\":true}],\"defaultTo\":null,\"notNullable\":true,\"unsigned\":false},{\"name\":\"entity_id\",\"type\":\"integer\",\"args\":[],\"defaultTo\":null,\"notNullable\":false,\"unsigned\":true},{\"name\":\"component_id\",\"type\":\"integer\",\"args\":[],\"defaultTo\":null,\"notNullable\":false,\"unsigned\":true},{\"name\":\"component_type\",\"type\":\"string\",\"args\":[],\"defaultTo\":null,\"notNullable\":false,\"unsigned\":false},{\"name\":\"field\",\"type\":\"string\",\"args\":[],\"defaultTo\":null,\"notNullable\":false,\"unsigned\":false},{\"name\":\"order\",\"type\":\"integer\",\"args\":[],\"defaultTo\":null,\"notNullable\":false,\"unsigned\":true}]},{\"name\":\"components_slices_features_with_images_components\",\"indexes\":[{\"name\":\"components_slices_features_with_images_field_index\",\"columns\":[\"field\"],\"type\":null},{\"name\":\"components_slices_features_with_images_component_type_index\",\"columns\":[\"component_type\"],\"type\":null},{\"name\":\"components_slices_features_with_images_entity_fk\",\"columns\":[\"entity_id\"]},{\"name\":\"components_slices_features_with_images_unique\",\"columns\":[\"entity_id\",\"component_id\",\"field\",\"component_type\"],\"type\":\"unique\"}],\"foreignKeys\":[{\"name\":\"components_slices_features_with_images_entity_fk\",\"columns\":[\"entity_id\"],\"referencedColumns\":[\"id\"],\"referencedTable\":\"components_slices_features_with_images\",\"onDelete\":\"CASCADE\"}],\"columns\":[{\"name\":\"id\",\"type\":\"increments\",\"args\":[{\"primary\":true,\"primaryKey\":true}],\"defaultTo\":null,\"notNullable\":true,\"unsigned\":false},{\"name\":\"entity_id\",\"type\":\"integer\",\"args\":[],\"defaultTo\":null,\"notNullable\":false,\"unsigned\":true},{\"name\":\"component_id\",\"type\":\"integer\",\"args\":[],\"defaultTo\":null,\"notNullable\":false,\"unsigned\":true},{\"name\":\"component_type\",\"type\":\"string\",\"args\":[],\"defaultTo\":null,\"notNullable\":false,\"unsigned\":false},{\"name\":\"field\",\"type\":\"string\",\"args\":[],\"defaultTo\":null,\"notNullable\":false,\"unsigned\":false},{\"name\":\"order\",\"type\":\"integer\",\"args\":[],\"defaultTo\":null,\"notNullable\":false,\"unsigned\":true}]},{\"name\":\"components_slices_features_components\",\"indexes\":[{\"name\":\"components_slices_features_field_index\",\"columns\":[\"field\"],\"type\":null},{\"name\":\"components_slices_features_component_type_index\",\"columns\":[\"component_type\"],\"type\":null},{\"name\":\"components_slices_features_entity_fk\",\"columns\":[\"entity_id\"]},{\"name\":\"components_slices_features_unique\",\"columns\":[\"entity_id\",\"component_id\",\"field\",\"component_type\"],\"type\":\"unique\"}],\"foreignKeys\":[{\"name\":\"components_slices_features_entity_fk\",\"columns\":[\"entity_id\"],\"referencedColumns\":[\"id\"],\"referencedTable\":\"components_slices_features\",\"onDelete\":\"CASCADE\"}],\"columns\":[{\"name\":\"id\",\"type\":\"increments\",\"args\":[{\"primary\":true,\"primaryKey\":true}],\"defaultTo\":null,\"notNullable\":true,\"unsigned\":false},{\"name\":\"entity_id\",\"type\":\"integer\",\"args\":[],\"defaultTo\":null,\"notNullable\":false,\"unsigned\":true},{\"name\":\"component_id\",\"type\":\"integer\",\"args\":[],\"defaultTo\":null,\"notNullable\":false,\"unsigned\":true},{\"name\":\"component_type\",\"type\":\"string\",\"args\":[],\"defaultTo\":null,\"notNullable\":false,\"unsigned\":false},{\"name\":\"field\",\"type\":\"string\",\"args\":[],\"defaultTo\":null,\"notNullable\":false,\"unsigned\":false},{\"name\":\"order\",\"type\":\"integer\",\"args\":[],\"defaultTo\":null,\"notNullable\":false,\"unsigned\":true}]},{\"name\":\"components_slices_heroes_components\",\"indexes\":[{\"name\":\"components_slices_heroes_field_index\",\"columns\":[\"field\"],\"type\":null},{\"name\":\"components_slices_heroes_component_type_index\",\"columns\":[\"component_type\"],\"type\":null},{\"name\":\"components_slices_heroes_entity_fk\",\"columns\":[\"entity_id\"]},{\"name\":\"components_slices_heroes_unique\",\"columns\":[\"entity_id\",\"component_id\",\"field\",\"component_type\"],\"type\":\"unique\"}],\"foreignKeys\":[{\"name\":\"components_slices_heroes_entity_fk\",\"columns\":[\"entity_id\"],\"referencedColumns\":[\"id\"],\"referencedTable\":\"components_slices_heroes\",\"onDelete\":\"CASCADE\"}],\"columns\":[{\"name\":\"id\",\"type\":\"increments\",\"args\":[{\"primary\":true,\"primaryKey\":true}],\"defaultTo\":null,\"notNullable\":true,\"unsigned\":false},{\"name\":\"entity_id\",\"type\":\"integer\",\"args\":[],\"defaultTo\":null,\"notNullable\":false,\"unsigned\":true},{\"name\":\"component_id\",\"type\":\"integer\",\"args\":[],\"defaultTo\":null,\"notNullable\":false,\"unsigned\":true},{\"name\":\"component_type\",\"type\":\"string\",\"args\":[],\"defaultTo\":null,\"notNullable\":false,\"unsigned\":false},{\"name\":\"field\",\"type\":\"string\",\"args\":[],\"defaultTo\":null,\"notNullable\":false,\"unsigned\":false},{\"name\":\"order\",\"type\":\"integer\",\"args\":[],\"defaultTo\":null,\"notNullable\":false,\"unsigned\":true}]},{\"name\":\"components_slices_pricings_components\",\"indexes\":[{\"name\":\"components_slices_pricings_field_index\",\"columns\":[\"field\"],\"type\":null},{\"name\":\"components_slices_pricings_component_type_index\",\"columns\":[\"component_type\"],\"type\":null},{\"name\":\"components_slices_pricings_entity_fk\",\"columns\":[\"entity_id\"]},{\"name\":\"components_slices_pricings_unique\",\"columns\":[\"entity_id\",\"component_id\",\"field\",\"component_type\"],\"type\":\"unique\"}],\"foreignKeys\":[{\"name\":\"components_slices_pricings_entity_fk\",\"columns\":[\"entity_id\"],\"referencedColumns\":[\"id\"],\"referencedTable\":\"components_slices_pricings\",\"onDelete\":\"CASCADE\"}],\"columns\":[{\"name\":\"id\",\"type\":\"increments\",\"args\":[{\"primary\":true,\"primaryKey\":true}],\"defaultTo\":null,\"notNullable\":true,\"unsigned\":false},{\"name\":\"entity_id\",\"type\":\"integer\",\"args\":[],\"defaultTo\":null,\"notNullable\":false,\"unsigned\":true},{\"name\":\"component_id\",\"type\":\"integer\",\"args\":[],\"defaultTo\":null,\"notNullable\":false,\"unsigned\":true},{\"name\":\"component_type\",\"type\":\"string\",\"args\":[],\"defaultTo\":null,\"notNullable\":false,\"unsigned\":false},{\"name\":\"field\",\"type\":\"string\",\"args\":[],\"defaultTo\":null,\"notNullable\":false,\"unsigned\":false},{\"name\":\"order\",\"type\":\"integer\",\"args\":[],\"defaultTo\":null,\"notNullable\":false,\"unsigned\":true}]},{\"name\":\"components_article_related_articles_components\",\"indexes\":[{\"name\":\"components_article_related_articles_field_index\",\"columns\":[\"field\"],\"type\":null},{\"name\":\"components_article_related_articles_component_type_index\",\"columns\":[\"component_type\"],\"type\":null},{\"name\":\"components_article_related_articles_entity_fk\",\"columns\":[\"entity_id\"]},{\"name\":\"components_article_related_articles_unique\",\"columns\":[\"entity_id\",\"component_id\",\"field\",\"component_type\"],\"type\":\"unique\"}],\"foreignKeys\":[{\"name\":\"components_article_related_articles_entity_fk\",\"columns\":[\"entity_id\"],\"referencedColumns\":[\"id\"],\"referencedTable\":\"components_article_related_articles\",\"onDelete\":\"CASCADE\"}],\"columns\":[{\"name\":\"id\",\"type\":\"increments\",\"args\":[{\"primary\":true,\"primaryKey\":true}],\"defaultTo\":null,\"notNullable\":true,\"unsigned\":false},{\"name\":\"entity_id\",\"type\":\"integer\",\"args\":[],\"defaultTo\":null,\"notNullable\":false,\"unsigned\":true},{\"name\":\"component_id\",\"type\":\"integer\",\"args\":[],\"defaultTo\":null,\"notNullable\":false,\"unsigned\":true},{\"name\":\"component_type\",\"type\":\"string\",\"args\":[],\"defaultTo\":null,\"notNullable\":false,\"unsigned\":false},{\"name\":\"field\",\"type\":\"string\",\"args\":[],\"defaultTo\":null,\"notNullable\":false,\"unsigned\":false},{\"name\":\"order\",\"type\":\"integer\",\"args\":[],\"defaultTo\":null,\"notNullable\":false,\"unsigned\":true}]},{\"name\":\"components_article_related_articles_articles_links\",\"indexes\":[{\"name\":\"components_article_related_articles_articles_links_fk\",\"columns\":[\"related_articles_id\"]},{\"name\":\"components_article_related_articles_articles_links_inv_fk\",\"columns\":[\"article_id\"]},{\"name\":\"components_article_related_articles_articles_links_unique\",\"columns\":[\"related_articles_id\",\"article_id\"],\"type\":\"unique\"},{\"name\":\"components_article_related_articles_articles_links_order_fk\",\"columns\":[\"article_order\"]}],\"foreignKeys\":[{\"name\":\"components_article_related_articles_articles_links_fk\",\"columns\":[\"related_articles_id\"],\"referencedColumns\":[\"id\"],\"referencedTable\":\"components_article_related_articles\",\"onDelete\":\"CASCADE\"},{\"name\":\"components_article_related_articles_articles_links_inv_fk\",\"columns\":[\"article_id\"],\"referencedColumns\":[\"id\"],\"referencedTable\":\"articles\",\"onDelete\":\"CASCADE\"}],\"columns\":[{\"name\":\"id\",\"type\":\"increments\",\"args\":[{\"primary\":true,\"primaryKey\":true}],\"defaultTo\":null,\"notNullable\":true,\"unsigned\":false},{\"name\":\"related_articles_id\",\"type\":\"integer\",\"args\":[],\"defaultTo\":null,\"notNullable\":false,\"unsigned\":true},{\"name\":\"article_id\",\"type\":\"integer\",\"args\":[],\"defaultTo\":null,\"notNullable\":false,\"unsigned\":true},{\"name\":\"article_order\",\"type\":\"integer\",\"args\":[],\"defaultTo\":null,\"notNullable\":false,\"unsigned\":true}]},{\"name\":\"components_restaurant_related_restaurants_components\",\"indexes\":[{\"name\":\"components_restaurant_related_restaurants_field_index\",\"columns\":[\"field\"],\"type\":null},{\"name\":\"components_restaurant_related_restaurants_component_type_index\",\"columns\":[\"component_type\"],\"type\":null},{\"name\":\"components_restaurant_related_restaurants_entity_fk\",\"columns\":[\"entity_id\"]},{\"name\":\"components_restaurant_related_restaurants_unique\",\"columns\":[\"entity_id\",\"component_id\",\"field\",\"component_type\"],\"type\":\"unique\"}],\"foreignKeys\":[{\"name\":\"components_restaurant_related_restaurants_entity_fk\",\"columns\":[\"entity_id\"],\"referencedColumns\":[\"id\"],\"referencedTable\":\"components_restaurant_related_restaurants\",\"onDelete\":\"CASCADE\"}],\"columns\":[{\"name\":\"id\",\"type\":\"increments\",\"args\":[{\"primary\":true,\"primaryKey\":true}],\"defaultTo\":null,\"notNullable\":true,\"unsigned\":false},{\"name\":\"entity_id\",\"type\":\"integer\",\"args\":[],\"defaultTo\":null,\"notNullable\":false,\"unsigned\":true},{\"name\":\"component_id\",\"type\":\"integer\",\"args\":[],\"defaultTo\":null,\"notNullable\":false,\"unsigned\":true},{\"name\":\"component_type\",\"type\":\"string\",\"args\":[],\"defaultTo\":null,\"notNullable\":false,\"unsigned\":false},{\"name\":\"field\",\"type\":\"string\",\"args\":[],\"defaultTo\":null,\"notNullable\":false,\"unsigned\":false},{\"name\":\"order\",\"type\":\"integer\",\"args\":[],\"defaultTo\":null,\"notNullable\":false,\"unsigned\":true}]},{\"name\":\"components_restaurant_related_restaurants_restaurants_links\",\"indexes\":[{\"name\":\"components_restaurant_related_restaurants_restaurants_links_fk\",\"columns\":[\"related_restaurants_id\"]},{\"name\":\"components_restaurant_related_restaurants_restaurants_links_inv_fk\",\"columns\":[\"restaurant_id\"]},{\"name\":\"components_restaurant_related_restaurants_restaurants_links_unique\",\"columns\":[\"related_restaurants_id\",\"restaurant_id\"],\"type\":\"unique\"},{\"name\":\"components_restaurant_related_restaurants_restaurants_links_order_fk\",\"columns\":[\"restaurant_order\"]}],\"foreignKeys\":[{\"name\":\"components_restaurant_related_restaurants_restaurants_links_fk\",\"columns\":[\"related_restaurants_id\"],\"referencedColumns\":[\"id\"],\"referencedTable\":\"components_restaurant_related_restaurants\",\"onDelete\":\"CASCADE\"},{\"name\":\"components_restaurant_related_restaurants_restaurants_links_inv_fk\",\"columns\":[\"restaurant_id\"],\"referencedColumns\":[\"id\"],\"referencedTable\":\"restaurants\",\"onDelete\":\"CASCADE\"}],\"columns\":[{\"name\":\"id\",\"type\":\"increments\",\"args\":[{\"primary\":true,\"primaryKey\":true}],\"defaultTo\":null,\"notNullable\":true,\"unsigned\":false},{\"name\":\"related_restaurants_id\",\"type\":\"integer\",\"args\":[],\"defaultTo\":null,\"notNullable\":false,\"unsigned\":true},{\"name\":\"restaurant_id\",\"type\":\"integer\",\"args\":[],\"defaultTo\":null,\"notNullable\":false,\"unsigned\":true},{\"name\":\"restaurant_order\",\"type\":\"integer\",\"args\":[],\"defaultTo\":null,\"notNullable\":false,\"unsigned\":true}]},{\"name\":\"components_slices_teams_components\",\"indexes\":[{\"name\":\"components_slices_teams_field_index\",\"columns\":[\"field\"],\"type\":null},{\"name\":\"components_slices_teams_component_type_index\",\"columns\":[\"component_type\"],\"type\":null},{\"name\":\"components_slices_teams_entity_fk\",\"columns\":[\"entity_id\"]},{\"name\":\"components_slices_teams_unique\",\"columns\":[\"entity_id\",\"component_id\",\"field\",\"component_type\"],\"type\":\"unique\"}],\"foreignKeys\":[{\"name\":\"components_slices_teams_entity_fk\",\"columns\":[\"entity_id\"],\"referencedColumns\":[\"id\"],\"referencedTable\":\"components_slices_teams\",\"onDelete\":\"CASCADE\"}],\"columns\":[{\"name\":\"id\",\"type\":\"increments\",\"args\":[{\"primary\":true,\"primaryKey\":true}],\"defaultTo\":null,\"notNullable\":true,\"unsigned\":false},{\"name\":\"entity_id\",\"type\":\"integer\",\"args\":[],\"defaultTo\":null,\"notNullable\":false,\"unsigned\":true},{\"name\":\"component_id\",\"type\":\"integer\",\"args\":[],\"defaultTo\":null,\"notNullable\":false,\"unsigned\":true},{\"name\":\"component_type\",\"type\":\"string\",\"args\":[],\"defaultTo\":null,\"notNullable\":false,\"unsigned\":false},{\"name\":\"field\",\"type\":\"string\",\"args\":[],\"defaultTo\":null,\"notNullable\":false,\"unsigned\":false},{\"name\":\"order\",\"type\":\"integer\",\"args\":[],\"defaultTo\":null,\"notNullable\":false,\"unsigned\":true}]},{\"name\":\"components_slices_teams_members_links\",\"indexes\":[{\"name\":\"components_slices_teams_members_links_fk\",\"columns\":[\"team_id\"]},{\"name\":\"components_slices_teams_members_links_inv_fk\",\"columns\":[\"user_id\"]},{\"name\":\"components_slices_teams_members_links_unique\",\"columns\":[\"team_id\",\"user_id\"],\"type\":\"unique\"},{\"name\":\"components_slices_teams_members_links_order_fk\",\"columns\":[\"user_order\"]}],\"foreignKeys\":[{\"name\":\"components_slices_teams_members_links_fk\",\"columns\":[\"team_id\"],\"referencedColumns\":[\"id\"],\"referencedTable\":\"components_slices_teams\",\"onDelete\":\"CASCADE\"},{\"name\":\"components_slices_teams_members_links_inv_fk\",\"columns\":[\"user_id\"],\"referencedColumns\":[\"id\"],\"referencedTable\":\"up_users\",\"onDelete\":\"CASCADE\"}],\"columns\":[{\"name\":\"id\",\"type\":\"increments\",\"args\":[{\"primary\":true,\"primaryKey\":true}],\"defaultTo\":null,\"notNullable\":true,\"unsigned\":false},{\"name\":\"team_id\",\"type\":\"integer\",\"args\":[],\"defaultTo\":null,\"notNullable\":false,\"unsigned\":true},{\"name\":\"user_id\",\"type\":\"integer\",\"args\":[],\"defaultTo\":null,\"notNullable\":false,\"unsigned\":true},{\"name\":\"user_order\",\"type\":\"integer\",\"args\":[],\"defaultTo\":null,\"notNullable\":false,\"unsigned\":true}]},{\"name\":\"components_shared_testimonials_author_links\",\"indexes\":[{\"name\":\"components_shared_testimonials_author_links_fk\",\"columns\":[\"testimonial_id\"]},{\"name\":\"components_shared_testimonials_author_links_inv_fk\",\"columns\":[\"user_id\"]},{\"name\":\"components_shared_testimonials_author_links_unique\",\"columns\":[\"testimonial_id\",\"user_id\"],\"type\":\"unique\"}],\"foreignKeys\":[{\"name\":\"components_shared_testimonials_author_links_fk\",\"columns\":[\"testimonial_id\"],\"referencedColumns\":[\"id\"],\"referencedTable\":\"components_shared_testimonials\",\"onDelete\":\"CASCADE\"},{\"name\":\"components_shared_testimonials_author_links_inv_fk\",\"columns\":[\"user_id\"],\"referencedColumns\":[\"id\"],\"referencedTable\":\"up_users\",\"onDelete\":\"CASCADE\"}],\"columns\":[{\"name\":\"id\",\"type\":\"increments\",\"args\":[{\"primary\":true,\"primaryKey\":true}],\"defaultTo\":null,\"notNullable\":true,\"unsigned\":false},{\"name\":\"testimonial_id\",\"type\":\"integer\",\"args\":[],\"defaultTo\":null,\"notNullable\":false,\"unsigned\":true},{\"name\":\"user_id\",\"type\":\"integer\",\"args\":[],\"defaultTo\":null,\"notNullable\":false,\"unsigned\":true}]},{\"name\":\"components_global_footers_components\",\"indexes\":[{\"name\":\"components_global_footers_field_index\",\"columns\":[\"field\"],\"type\":null},{\"name\":\"components_global_footers_component_type_index\",\"columns\":[\"component_type\"],\"type\":null},{\"name\":\"components_global_footers_entity_fk\",\"columns\":[\"entity_id\"]},{\"name\":\"components_global_footers_unique\",\"columns\":[\"entity_id\",\"component_id\",\"field\",\"component_type\"],\"type\":\"unique\"}],\"foreignKeys\":[{\"name\":\"components_global_footers_entity_fk\",\"columns\":[\"entity_id\"],\"referencedColumns\":[\"id\"],\"referencedTable\":\"components_global_footers\",\"onDelete\":\"CASCADE\"}],\"columns\":[{\"name\":\"id\",\"type\":\"increments\",\"args\":[{\"primary\":true,\"primaryKey\":true}],\"defaultTo\":null,\"notNullable\":true,\"unsigned\":false},{\"name\":\"entity_id\",\"type\":\"integer\",\"args\":[],\"defaultTo\":null,\"notNullable\":false,\"unsigned\":true},{\"name\":\"component_id\",\"type\":\"integer\",\"args\":[],\"defaultTo\":null,\"notNullable\":false,\"unsigned\":true},{\"name\":\"component_type\",\"type\":\"string\",\"args\":[],\"defaultTo\":null,\"notNullable\":false,\"unsigned\":false},{\"name\":\"field\",\"type\":\"string\",\"args\":[],\"defaultTo\":null,\"notNullable\":false,\"unsigned\":false},{\"name\":\"order\",\"type\":\"integer\",\"args\":[],\"defaultTo\":null,\"notNullable\":false,\"unsigned\":true}]},{\"name\":\"components_global_navigations_components\",\"indexes\":[{\"name\":\"components_global_navigations_field_index\",\"columns\":[\"field\"],\"type\":null},{\"name\":\"components_global_navigations_component_type_index\",\"columns\":[\"component_type\"],\"type\":null},{\"name\":\"components_global_navigations_entity_fk\",\"columns\":[\"entity_id\"]},{\"name\":\"components_global_navigations_unique\",\"columns\":[\"entity_id\",\"component_id\",\"field\",\"component_type\"],\"type\":\"unique\"}],\"foreignKeys\":[{\"name\":\"components_global_navigations_entity_fk\",\"columns\":[\"entity_id\"],\"referencedColumns\":[\"id\"],\"referencedTable\":\"components_global_navigations\",\"onDelete\":\"CASCADE\"}],\"columns\":[{\"name\":\"id\",\"type\":\"increments\",\"args\":[{\"primary\":true,\"primaryKey\":true}],\"defaultTo\":null,\"notNullable\":true,\"unsigned\":false},{\"name\":\"entity_id\",\"type\":\"integer\",\"args\":[],\"defaultTo\":null,\"notNullable\":false,\"unsigned\":true},{\"name\":\"component_id\",\"type\":\"integer\",\"args\":[],\"defaultTo\":null,\"notNullable\":false,\"unsigned\":true},{\"name\":\"component_type\",\"type\":\"string\",\"args\":[],\"defaultTo\":null,\"notNullable\":false,\"unsigned\":false},{\"name\":\"field\",\"type\":\"string\",\"args\":[],\"defaultTo\":null,\"notNullable\":false,\"unsigned\":false},{\"name\":\"order\",\"type\":\"integer\",\"args\":[],\"defaultTo\":null,\"notNullable\":false,\"unsigned\":true}]},{\"name\":\"components_shared_pricing_cards_components\",\"indexes\":[{\"name\":\"components_shared_pricing_cards_field_index\",\"columns\":[\"field\"],\"type\":null},{\"name\":\"components_shared_pricing_cards_component_type_index\",\"columns\":[\"component_type\"],\"type\":null},{\"name\":\"components_shared_pricing_cards_entity_fk\",\"columns\":[\"entity_id\"]},{\"name\":\"components_shared_pricing_cards_unique\",\"columns\":[\"entity_id\",\"component_id\",\"field\",\"component_type\"],\"type\":\"unique\"}],\"foreignKeys\":[{\"name\":\"components_shared_pricing_cards_entity_fk\",\"columns\":[\"entity_id\"],\"referencedColumns\":[\"id\"],\"referencedTable\":\"components_shared_pricing_cards\",\"onDelete\":\"CASCADE\"}],\"columns\":[{\"name\":\"id\",\"type\":\"increments\",\"args\":[{\"primary\":true,\"primaryKey\":true}],\"defaultTo\":null,\"notNullable\":true,\"unsigned\":false},{\"name\":\"entity_id\",\"type\":\"integer\",\"args\":[],\"defaultTo\":null,\"notNullable\":false,\"unsigned\":true},{\"name\":\"component_id\",\"type\":\"integer\",\"args\":[],\"defaultTo\":null,\"notNullable\":false,\"unsigned\":true},{\"name\":\"component_type\",\"type\":\"string\",\"args\":[],\"defaultTo\":null,\"notNullable\":false,\"unsigned\":false},{\"name\":\"field\",\"type\":\"string\",\"args\":[],\"defaultTo\":null,\"notNullable\":false,\"unsigned\":false},{\"name\":\"order\",\"type\":\"integer\",\"args\":[],\"defaultTo\":null,\"notNullable\":false,\"unsigned\":true}]},{\"name\":\"components_restaurant_information_components\",\"indexes\":[{\"name\":\"components_restaurant_information_field_index\",\"columns\":[\"field\"],\"type\":null},{\"name\":\"components_restaurant_information_component_type_index\",\"columns\":[\"component_type\"],\"type\":null},{\"name\":\"components_restaurant_information_entity_fk\",\"columns\":[\"entity_id\"]},{\"name\":\"components_restaurant_information_unique\",\"columns\":[\"entity_id\",\"component_id\",\"field\",\"component_type\"],\"type\":\"unique\"}],\"foreignKeys\":[{\"name\":\"components_restaurant_information_entity_fk\",\"columns\":[\"entity_id\"],\"referencedColumns\":[\"id\"],\"referencedTable\":\"components_restaurant_information\",\"onDelete\":\"CASCADE\"}],\"columns\":[{\"name\":\"id\",\"type\":\"increments\",\"args\":[{\"primary\":true,\"primaryKey\":true}],\"defaultTo\":null,\"notNullable\":true,\"unsigned\":false},{\"name\":\"entity_id\",\"type\":\"integer\",\"args\":[],\"defaultTo\":null,\"notNullable\":false,\"unsigned\":true},{\"name\":\"component_id\",\"type\":\"integer\",\"args\":[],\"defaultTo\":null,\"notNullable\":false,\"unsigned\":true},{\"name\":\"component_type\",\"type\":\"string\",\"args\":[],\"defaultTo\":null,\"notNullable\":false,\"unsigned\":false},{\"name\":\"field\",\"type\":\"string\",\"args\":[],\"defaultTo\":null,\"notNullable\":false,\"unsigned\":false},{\"name\":\"order\",\"type\":\"integer\",\"args\":[],\"defaultTo\":null,\"notNullable\":false,\"unsigned\":true}]},{\"name\":\"components_shared_buttons_components\",\"indexes\":[{\"name\":\"components_shared_buttons_field_index\",\"columns\":[\"field\"],\"type\":null},{\"name\":\"components_shared_buttons_component_type_index\",\"columns\":[\"component_type\"],\"type\":null},{\"name\":\"components_shared_buttons_entity_fk\",\"columns\":[\"entity_id\"]},{\"name\":\"components_shared_buttons_unique\",\"columns\":[\"entity_id\",\"component_id\",\"field\",\"component_type\"],\"type\":\"unique\"}],\"foreignKeys\":[{\"name\":\"components_shared_buttons_entity_fk\",\"columns\":[\"entity_id\"],\"referencedColumns\":[\"id\"],\"referencedTable\":\"components_shared_buttons\",\"onDelete\":\"CASCADE\"}],\"columns\":[{\"name\":\"id\",\"type\":\"increments\",\"args\":[{\"primary\":true,\"primaryKey\":true}],\"defaultTo\":null,\"notNullable\":true,\"unsigned\":false},{\"name\":\"entity_id\",\"type\":\"integer\",\"args\":[],\"defaultTo\":null,\"notNullable\":false,\"unsigned\":true},{\"name\":\"component_id\",\"type\":\"integer\",\"args\":[],\"defaultTo\":null,\"notNullable\":false,\"unsigned\":true},{\"name\":\"component_type\",\"type\":\"string\",\"args\":[],\"defaultTo\":null,\"notNullable\":false,\"unsigned\":false},{\"name\":\"field\",\"type\":\"string\",\"args\":[],\"defaultTo\":null,\"notNullable\":false,\"unsigned\":false},{\"name\":\"order\",\"type\":\"integer\",\"args\":[],\"defaultTo\":null,\"notNullable\":false,\"unsigned\":true}]},{\"name\":\"components_shared_footer_columns_components\",\"indexes\":[{\"name\":\"components_shared_footer_columns_field_index\",\"columns\":[\"field\"],\"type\":null},{\"name\":\"components_shared_footer_columns_component_type_index\",\"columns\":[\"component_type\"],\"type\":null},{\"name\":\"components_shared_footer_columns_entity_fk\",\"columns\":[\"entity_id\"]},{\"name\":\"components_shared_footer_columns_unique\",\"columns\":[\"entity_id\",\"component_id\",\"field\",\"component_type\"],\"type\":\"unique\"}],\"foreignKeys\":[{\"name\":\"components_shared_footer_columns_entity_fk\",\"columns\":[\"entity_id\"],\"referencedColumns\":[\"id\"],\"referencedTable\":\"components_shared_footer_columns\",\"onDelete\":\"CASCADE\"}],\"columns\":[{\"name\":\"id\",\"type\":\"increments\",\"args\":[{\"primary\":true,\"primaryKey\":true}],\"defaultTo\":null,\"notNullable\":true,\"unsigned\":false},{\"name\":\"entity_id\",\"type\":\"integer\",\"args\":[],\"defaultTo\":null,\"notNullable\":false,\"unsigned\":true},{\"name\":\"component_id\",\"type\":\"integer\",\"args\":[],\"defaultTo\":null,\"notNullable\":false,\"unsigned\":true},{\"name\":\"component_type\",\"type\":\"string\",\"args\":[],\"defaultTo\":null,\"notNullable\":false,\"unsigned\":false},{\"name\":\"field\",\"type\":\"string\",\"args\":[],\"defaultTo\":null,\"notNullable\":false,\"unsigned\":false},{\"name\":\"order\",\"type\":\"integer\",\"args\":[],\"defaultTo\":null,\"notNullable\":false,\"unsigned\":true}]},{\"name\":\"components_shared_seos_components\",\"indexes\":[{\"name\":\"components_shared_seos_field_index\",\"columns\":[\"field\"],\"type\":null},{\"name\":\"components_shared_seos_component_type_index\",\"columns\":[\"component_type\"],\"type\":null},{\"name\":\"components_shared_seos_entity_fk\",\"columns\":[\"entity_id\"]},{\"name\":\"components_shared_seos_unique\",\"columns\":[\"entity_id\",\"component_id\",\"field\",\"component_type\"],\"type\":\"unique\"}],\"foreignKeys\":[{\"name\":\"components_shared_seos_entity_fk\",\"columns\":[\"entity_id\"],\"referencedColumns\":[\"id\"],\"referencedTable\":\"components_shared_seos\",\"onDelete\":\"CASCADE\"}],\"columns\":[{\"name\":\"id\",\"type\":\"increments\",\"args\":[{\"primary\":true,\"primaryKey\":true}],\"defaultTo\":null,\"notNullable\":true,\"unsigned\":false},{\"name\":\"entity_id\",\"type\":\"integer\",\"args\":[],\"defaultTo\":null,\"notNullable\":false,\"unsigned\":true},{\"name\":\"component_id\",\"type\":\"integer\",\"args\":[],\"defaultTo\":null,\"notNullable\":false,\"unsigned\":true},{\"name\":\"component_type\",\"type\":\"string\",\"args\":[],\"defaultTo\":null,\"notNullable\":false,\"unsigned\":false},{\"name\":\"field\",\"type\":\"string\",\"args\":[],\"defaultTo\":null,\"notNullable\":false,\"unsigned\":false},{\"name\":\"order\",\"type\":\"integer\",\"args\":[],\"defaultTo\":null,\"notNullable\":false,\"unsigned\":true}]},{\"name\":\"components_shared_team_cards_components\",\"indexes\":[{\"name\":\"components_shared_team_cards_field_index\",\"columns\":[\"field\"],\"type\":null},{\"name\":\"components_shared_team_cards_component_type_index\",\"columns\":[\"component_type\"],\"type\":null},{\"name\":\"components_shared_team_cards_entity_fk\",\"columns\":[\"entity_id\"]},{\"name\":\"components_shared_team_cards_unique\",\"columns\":[\"entity_id\",\"component_id\",\"field\",\"component_type\"],\"type\":\"unique\"}],\"foreignKeys\":[{\"name\":\"components_shared_team_cards_entity_fk\",\"columns\":[\"entity_id\"],\"referencedColumns\":[\"id\"],\"referencedTable\":\"components_shared_team_cards\",\"onDelete\":\"CASCADE\"}],\"columns\":[{\"name\":\"id\",\"type\":\"increments\",\"args\":[{\"primary\":true,\"primaryKey\":true}],\"defaultTo\":null,\"notNullable\":true,\"unsigned\":false},{\"name\":\"entity_id\",\"type\":\"integer\",\"args\":[],\"defaultTo\":null,\"notNullable\":false,\"unsigned\":true},{\"name\":\"component_id\",\"type\":\"integer\",\"args\":[],\"defaultTo\":null,\"notNullable\":false,\"unsigned\":true},{\"name\":\"component_type\",\"type\":\"string\",\"args\":[],\"defaultTo\":null,\"notNullable\":false,\"unsigned\":false},{\"name\":\"field\",\"type\":\"string\",\"args\":[],\"defaultTo\":null,\"notNullable\":false,\"unsigned\":false},{\"name\":\"order\",\"type\":\"integer\",\"args\":[],\"defaultTo\":null,\"notNullable\":false,\"unsigned\":true}]}]}','2022-11-17','ff80a26ead277c03023d1a23a329bf47');
/*!40000 ALTER TABLE `strapi_database_schema` ENABLE KEYS */;
UNLOCK TABLES;

--
-- Table structure for table `strapi_migrations`
--

DROP TABLE IF EXISTS `strapi_migrations`;
/*!40101 SET @saved_cs_client     = @@character_set_client */;
/*!40101 SET character_set_client = utf8 */;
CREATE TABLE `strapi_migrations` (
  `id` varchar(0) DEFAULT NULL,
  `name` varchar(0) DEFAULT NULL,
  `time` varchar(0) DEFAULT NULL
) ENGINE=InnoDB DEFAULT CHARSET=utf8mb4;
/*!40101 SET character_set_client = @saved_cs_client */;

--
-- Dumping data for table `strapi_migrations`
--

LOCK TABLES `strapi_migrations` WRITE;
/*!40000 ALTER TABLE `strapi_migrations` DISABLE KEYS */;
/*!40000 ALTER TABLE `strapi_migrations` ENABLE KEYS */;
UNLOCK TABLES;

--
-- Table structure for table `strapi_webhooks`
--

DROP TABLE IF EXISTS `strapi_webhooks`;
/*!40101 SET @saved_cs_client     = @@character_set_client */;
/*!40101 SET character_set_client = utf8 */;
CREATE TABLE `strapi_webhooks` (
  `id` varchar(0) DEFAULT NULL,
  `name` varchar(0) DEFAULT NULL,
  `url` varchar(0) DEFAULT NULL,
  `headers` varchar(0) DEFAULT NULL,
  `events` varchar(0) DEFAULT NULL,
  `enabled` varchar(0) DEFAULT NULL
) ENGINE=InnoDB DEFAULT CHARSET=utf8mb4;
/*!40101 SET character_set_client = @saved_cs_client */;

--
-- Dumping data for table `strapi_webhooks`
--

LOCK TABLES `strapi_webhooks` WRITE;
/*!40000 ALTER TABLE `strapi_webhooks` DISABLE KEYS */;
/*!40000 ALTER TABLE `strapi_webhooks` ENABLE KEYS */;
UNLOCK TABLES;

--
-- Table structure for table `todo_task`
--

DROP TABLE IF EXISTS `todo_task`;
/*!40101 SET @saved_cs_client     = @@character_set_client */;
/*!40101 SET character_set_client = utf8 */;
CREATE TABLE `todo_task` (
  `id` tinyint(4) DEFAULT NULL,
  `name` varchar(19) DEFAULT NULL,
  `is_done` tinyint(4) DEFAULT NULL,
  `target_id` tinyint(4) DEFAULT NULL,
  `target_type` varchar(20) DEFAULT NULL,
  `created_at` varchar(10) DEFAULT NULL,
  `updated_at` varchar(10) DEFAULT NULL,
  `created_by_id` varchar(0) DEFAULT NULL,
  `updated_by_id` varchar(0) DEFAULT NULL,
  `sitemap_exclude` tinyint(4) DEFAULT NULL
) ENGINE=InnoDB DEFAULT CHARSET=utf8mb4;
/*!40101 SET character_set_client = @saved_cs_client */;

--
-- Dumping data for table `todo_task`
--

LOCK TABLES `todo_task` WRITE;
/*!40000 ALTER TABLE `todo_task` DISABLE KEYS */;
INSERT INTO `todo_task` VALUES (1,'Fix SEO warnings',0,3,'api::article.article','2022-09-22','2022-09-22','','',0),(3,'Fix SEO errors',1,1,'api::article.article','2022-09-23','2022-09-23','','',0),(4,'Add structured data',0,1,'api::article.article','2022-09-23','2022-09-23','','',0),(5,'Add an FAQ',1,4,'api::article.article','2022-09-23','2022-09-23','','',0);
/*!40000 ALTER TABLE `todo_task` ENABLE KEYS */;
UNLOCK TABLES;

--
-- Table structure for table `up_permissions`
--

DROP TABLE IF EXISTS `up_permissions`;
/*!40101 SET @saved_cs_client     = @@character_set_client */;
/*!40101 SET character_set_client = utf8 */;
CREATE TABLE `up_permissions` (
  `id` tinyint(4) DEFAULT NULL,
  `action` varchar(41) DEFAULT NULL,
  `created_at` varchar(10) DEFAULT NULL,
  `updated_at` varchar(10) DEFAULT NULL,
  `created_by_id` varchar(0) DEFAULT NULL,
  `updated_by_id` varchar(0) DEFAULT NULL
) ENGINE=InnoDB DEFAULT CHARSET=utf8mb4;
/*!40101 SET character_set_client = @saved_cs_client */;

--
-- Dumping data for table `up_permissions`
--

LOCK TABLES `up_permissions` WRITE;
/*!40000 ALTER TABLE `up_permissions` DISABLE KEYS */;
INSERT INTO `up_permissions` VALUES (1,'plugin::users-permissions.auth.connect','2021-11-09','2021-11-09','',''),(2,'plugin::users-permissions.user.me','2021-11-09','2021-11-09','',''),(5,'plugin::users-permissions.auth.callback','2021-11-09','2021-11-09','',''),(6,'plugin::users-permissions.auth.connect','2021-11-09','2021-11-09','',''),(9,'plugin::users-permissions.auth.register','2021-11-09','2021-11-09','',''),(11,'plugin::users-permissions.user.me','2021-11-09','2021-11-09','',''),(12,'api::article.article.find','2021-11-09','2021-11-09','',''),(13,'api::blog-page.blog-page.find','2021-11-23','2021-11-23','',''),(14,'api::category.category.find','2021-11-23','2021-11-23','',''),(15,'api::global.global.find','2021-11-23','2021-11-23','',''),(17,'api::page.page.find','2021-11-23','2021-11-23','',''),(18,'api::page.page.findOne','2021-11-23','2021-11-23','',''),(19,'api::restaurant.restaurant.find','2021-11-23','2021-11-23','',''),(20,'api::restaurant.restaurant.findOne','2021-11-23','2021-11-23','',''),(22,'api::review.review.find','2021-11-23','2021-11-23','',''),(23,'plugin::i18n.locales.listLocales','2021-11-23','2021-11-23','',''),(24,'api::restaurant-page.restaurant-page.find','2021-12-07','2021-12-07','',''),(25,'api::place.place.find','2021-12-07','2021-12-07','',''),(26,'plugin::users-permissions.user.find','2021-12-08','2021-12-08','',''),(27,'api::article.article.findOne','2021-12-09','2021-12-09','','');
/*!40000 ALTER TABLE `up_permissions` ENABLE KEYS */;
UNLOCK TABLES;

--
-- Table structure for table `up_permissions_role_links`
--

DROP TABLE IF EXISTS `up_permissions_role_links`;
/*!40101 SET @saved_cs_client     = @@character_set_client */;
/*!40101 SET character_set_client = utf8 */;
CREATE TABLE `up_permissions_role_links` (
  `permission_id` tinyint(4) DEFAULT NULL,
  `role_id` tinyint(4) DEFAULT NULL,
  `id` tinyint(4) DEFAULT NULL,
  `permission_order` varchar(0) DEFAULT NULL
) ENGINE=InnoDB DEFAULT CHARSET=utf8mb4;
/*!40101 SET character_set_client = @saved_cs_client */;

--
-- Dumping data for table `up_permissions_role_links`
--

LOCK TABLES `up_permissions_role_links` WRITE;
/*!40000 ALTER TABLE `up_permissions_role_links` DISABLE KEYS */;
INSERT INTO `up_permissions_role_links` VALUES (1,1,1,''),(2,1,2,''),(5,2,3,''),(6,2,4,''),(9,2,5,''),(11,2,6,''),(12,2,7,''),(13,2,8,''),(14,2,9,''),(15,2,10,''),(17,2,11,''),(18,2,12,''),(19,2,13,''),(20,2,14,''),(22,2,15,''),(23,2,16,''),(24,2,17,''),(25,2,18,''),(26,2,19,''),(27,2,20,'');
/*!40000 ALTER TABLE `up_permissions_role_links` ENABLE KEYS */;
UNLOCK TABLES;

--
-- Table structure for table `up_roles`
--

DROP TABLE IF EXISTS `up_roles`;
/*!40101 SET @saved_cs_client     = @@character_set_client */;
/*!40101 SET character_set_client = utf8 */;
CREATE TABLE `up_roles` (
  `id` tinyint(4) DEFAULT NULL,
  `name` varchar(13) DEFAULT NULL,
  `description` varchar(43) DEFAULT NULL,
  `type` varchar(13) DEFAULT NULL,
  `created_at` varchar(10) DEFAULT NULL,
  `updated_at` varchar(10) DEFAULT NULL,
  `created_by_id` varchar(0) DEFAULT NULL,
  `updated_by_id` varchar(0) DEFAULT NULL
) ENGINE=InnoDB DEFAULT CHARSET=utf8mb4;
/*!40101 SET character_set_client = @saved_cs_client */;

--
-- Dumping data for table `up_roles`
--

LOCK TABLES `up_roles` WRITE;
/*!40000 ALTER TABLE `up_roles` DISABLE KEYS */;
INSERT INTO `up_roles` VALUES (1,'Authenticated','Default role given to authenticated user.','authenticated','2021-11-09','2021-11-09','',''),(2,'Public','Default role given to unauthenticated user.','public','2021-11-09','2021-12-09','','');
/*!40000 ALTER TABLE `up_roles` ENABLE KEYS */;
UNLOCK TABLES;

--
-- Table structure for table `up_users`
--

DROP TABLE IF EXISTS `up_users`;
/*!40101 SET @saved_cs_client     = @@character_set_client */;
/*!40101 SET character_set_client = utf8 */;
CREATE TABLE `up_users` (
  `id` tinyint(4) DEFAULT NULL,
  `username` varchar(16) DEFAULT NULL,
  `email` varchar(32) DEFAULT NULL,
  `provider` varchar(5) DEFAULT NULL,
  `password` varchar(0) DEFAULT NULL,
  `reset_password_token` varchar(0) DEFAULT NULL,
  `confirmation_token` varchar(0) DEFAULT NULL,
  `confirmed` tinyint(4) DEFAULT NULL,
  `blocked` tinyint(4) DEFAULT NULL,
  `job` varchar(37) DEFAULT NULL,
  `created_at` varchar(10) DEFAULT NULL,
  `updated_at` varchar(10) DEFAULT NULL,
  `created_by_id` varchar(0) DEFAULT NULL,
  `updated_by_id` varchar(0) DEFAULT NULL,
  `sitemap_exclude` tinyint(4) DEFAULT NULL
) ENGINE=InnoDB DEFAULT CHARSET=utf8mb4;
/*!40101 SET character_set_client = @saved_cs_client */;

--
-- Dumping data for table `up_users`
--

LOCK TABLES `up_users` WRITE;
/*!40000 ALTER TABLE `up_users` DISABLE KEYS */;
INSERT INTO `up_users` VALUES (1,'Lenny Klocko','janessa_reichel6@gmail.com','local','','','',1,0,'Optimization Coordinator @Breitenberg','2021-11-09','2021-11-23','','',0),(2,'Theo Haley','rashad.stokes@gmail.com','local','','','',1,0,'Head of People @Foster','2021-11-09','2021-11-23','','',0),(3,'Ole Mueller','juston_denesik14@gmail.com','local','','','',1,0,'Data Associate @EverythingIsAwesome','2021-11-09','2021-11-23','','',0),(4,'Jamia Littel','kaylah.wisozk3@yahoo.com','local','','','',1,0,'Security Architect @Parts DS','2021-11-09','2021-11-23','','',0),(5,'Elyse Nolan','dominique_ruecker48@yahoo.com','local','','','',1,0,'Consultant @Buffet.js','2021-11-09','2021-11-23','','',0),(6,'Garnet Rowe','ressie_armstrong@hotmail.com','local','','','',1,0,'Paradigm Producer @HarveyDent','2021-11-09','2021-11-23','','',0),(7,'Tod Veum','madalyn_bosco@hotmail.com','local','','','',1,0,'Security Agent @Okuneva','2021-11-09','2021-11-23','','',0),(8,'Maureen Gole','ladarius.schuster@gmail.com','local','','','',1,0,'DevOps Engineer @Gatsbou','2021-11-09','2021-11-23','','',0),(9,'Erick Mason','quinn31@yahoo.com','local','','','',1,0,'Web Consultant @Stark industries','2021-11-09','2021-11-23','','',0),(10,'Maye Deven','miller22@yahoo.com','local','','','',1,0,'CMO @Wilderman','2021-11-09','2021-11-23','','',0),(11,'Adell Jones','kyla.cummerata@hotmail.com','local','','','',1,0,'Customer Technician @APIfast','2021-11-09','2021-11-23','','',0),(12,'Leonora Ramirez','wellington_ruecker38@hotmail.com','local','','','',1,0,'Dev Advocate @Noxt','2021-11-09','2021-11-23','','',0),(13,'Marc Pacocha','judah11@yahoo.com','local','','','',1,0,'Executive Manager @Harber','2021-11-09','2021-11-23','','',0),(14,'Gilbert Green','zella_heathcote49@hotmail.com','local','','','',1,0,'Data Director @Dooley','2021-11-09','2021-11-23','','',0),(15,'Damon Kovacek','leanne_wintheiser@yahoo.com','local','','','',1,0,'Investor @Vercal','2021-11-09','2021-11-23','','',0),(16,'Aiyana Cormier','thora96@hotmail.com','local','','','',1,0,'Head of Growth @Self Osted','2021-11-09','2021-11-23','','',0),(17,'Avis Doyle','bert.goodwin62@gmail.com','local','','','',1,0,'CTO @Gerhold','2021-11-09','2021-11-23','','',0),(18,'Albin Vandervort','max.huel@gmail.com','local','','','',1,0,'CMO @Donnely','2021-11-09','2021-11-23','','',0),(19,'Siby Farla','pink.carter54@hotmail.com','local','','','',1,0,'Flight attendant @Airdless CMS','2021-11-09','2021-11-23','','',0),(20,'Anastasia Dach','rylan.oreilly@hotmail.com','local','','','',1,0,'Designer @UnleashContent','2021-11-09','2021-11-23','','',0);
/*!40000 ALTER TABLE `up_users` ENABLE KEYS */;
UNLOCK TABLES;

--
-- Table structure for table `up_users_role_links`
--

DROP TABLE IF EXISTS `up_users_role_links`;
/*!40101 SET @saved_cs_client     = @@character_set_client */;
/*!40101 SET character_set_client = utf8 */;
CREATE TABLE `up_users_role_links` (
  `user_id` varchar(0) DEFAULT NULL,
  `role_id` varchar(0) DEFAULT NULL,
  `id` varchar(0) DEFAULT NULL,
  `user_order` varchar(0) DEFAULT NULL
) ENGINE=InnoDB DEFAULT CHARSET=utf8mb4;
/*!40101 SET character_set_client = @saved_cs_client */;

--
-- Dumping data for table `up_users_role_links`
--

LOCK TABLES `up_users_role_links` WRITE;
/*!40000 ALTER TABLE `up_users_role_links` DISABLE KEYS */;
/*!40000 ALTER TABLE `up_users_role_links` ENABLE KEYS */;
UNLOCK TABLES;

--
-- Table structure for table `upload_folders`
--

DROP TABLE IF EXISTS `upload_folders`;
/*!40101 SET @saved_cs_client     = @@character_set_client */;
/*!40101 SET character_set_client = utf8 */;
CREATE TABLE `upload_folders` (
  `id` tinyint(4) DEFAULT NULL,
  `name` varchar(13) DEFAULT NULL,
  `path_id` tinyint(4) DEFAULT NULL,
  `path` varchar(2) DEFAULT NULL,
  `created_at` varchar(10) DEFAULT NULL,
  `updated_at` varchar(10) DEFAULT NULL,
  `created_by_id` tinyint(4) DEFAULT NULL,
  `updated_by_id` tinyint(4) DEFAULT NULL,
  `sitemap_exclude` tinyint(4) DEFAULT NULL
) ENGINE=InnoDB DEFAULT CHARSET=utf8mb4;
/*!40101 SET character_set_client = @saved_cs_client */;

--
-- Dumping data for table `upload_folders`
--

LOCK TABLES `upload_folders` WRITE;
/*!40000 ALTER TABLE `upload_folders` DISABLE KEYS */;
INSERT INTO `upload_folders` VALUES (1,'Illustrations',1,'/1','2022-09-22','2022-09-22',1,1,0);
/*!40000 ALTER TABLE `upload_folders` ENABLE KEYS */;
UNLOCK TABLES;

--
-- Table structure for table `upload_folders_parent_links`
--

DROP TABLE IF EXISTS `upload_folders_parent_links`;
/*!40101 SET @saved_cs_client     = @@character_set_client */;
/*!40101 SET character_set_client = utf8 */;
CREATE TABLE `upload_folders_parent_links` (
  `folder_id` varchar(0) DEFAULT NULL,
  `inv_folder_id` varchar(0) DEFAULT NULL,
  `id` varchar(0) DEFAULT NULL,
  `folder_order` varchar(0) DEFAULT NULL
) ENGINE=InnoDB DEFAULT CHARSET=utf8mb4;
/*!40101 SET character_set_client = @saved_cs_client */;

--
-- Dumping data for table `upload_folders_parent_links`
--

LOCK TABLES `upload_folders_parent_links` WRITE;
/*!40000 ALTER TABLE `upload_folders_parent_links` DISABLE KEYS */;
/*!40000 ALTER TABLE `upload_folders_parent_links` ENABLE KEYS */;
UNLOCK TABLES;
/*!40103 SET TIME_ZONE=@OLD_TIME_ZONE */;

/*!40101 SET SQL_MODE=@OLD_SQL_MODE */;
/*!40014 SET FOREIGN_KEY_CHECKS=@OLD_FOREIGN_KEY_CHECKS */;
/*!40014 SET UNIQUE_CHECKS=@OLD_UNIQUE_CHECKS */;
/*!40101 SET CHARACTER_SET_CLIENT=@OLD_CHARACTER_SET_CLIENT */;
/*!40101 SET CHARACTER_SET_RESULTS=@OLD_CHARACTER_SET_RESULTS */;
/*!40101 SET COLLATION_CONNECTION=@OLD_COLLATION_CONNECTION */;
/*!40111 SET SQL_NOTES=@OLD_SQL_NOTES */;

-- Dump completed on 2022-12-27 22:45:50
